{"type":"FeatureCollection","features":[{"type":"Feature","geometry":{"type":"Polygon","coordinates":[[[29.8959,41.1042],[29.8981,41.10462],[29.90202,41.10601],[29.90245,41.10462],[29.9042,41.1053],[29.90751,41.10323],[29.90949,41.1025],[29.91097,41.10232],[29.91237,41.10153],[29.91268,41.10287],[29.91397,41.10192],[29.91505,41.10206],[29.91563,41.10297],[29.915,41.10404],[29.91644,41.10521],[29.91344,41.10551],[29.91302,41.10772],[29.91415,41.10897],[29.9157,41.10999],[29.91462,41.11058],[29.91512,41.11222],[29.91437,41.11322],[29.91392,41.11502],[29.91207,41.11605],[29.91145,41.11839],[29.9142,41.11886],[29.91446,41.12007],[29.9136,41.12082],[29.9117,41.11901],[29.90963,41.11942],[29.91011,41.12007],[29.90953,41.12105],[29.91213,41.12264],[29.91459,41.1259],[29.91486,41.1324],[29.91512,41.13599],[29.91415,41.13963],[29.91288,41.13651],[29.91331,41.13424],[29.91179,41.13088],[29.91111,41.13076],[29.90956,41.12888],[29.90921,41.12795],[29.90722,41.12616],[29.90644,41.12364],[29.90371,41.12052],[29.90132,41.11935],[29.90123,41.11842],[29.89968,41.11777],[29.89857,41.11632],[29.89898,41.11537],[29.89791,41.11121],[29.89604,41.1094],[29.89653,41.10835],[29.89565,41.10642],[29.8959,41.1042]]]},"properties":{"id":1275322,"name":"Kadıköy Mahallesi","district_id":1275310}},{"type":"Feature","geometry":{"type":"Polygon","coordinates":[[[29.8915,41.09296],[29.89821,41.09151],[29.90034,41.0909],[29.90305,41.09161],[29.90725,41.09064],[29.90861,41.08903],[29.91077,41.08798],[29.911,41.089],[29.91287,41.089],[29.91318,41.08981],[29.91467,41.08988],[29.91686,41.08865],[29.92274,41.08796],[29.92415,41.08697],[29.92784,41.08645],[29.92899,41.08771],[29.93139,41.08779],[29.93351,41.0868],[29.93611,41.08688],[29.93846,41.08604],[29.94109,41.08401],[29.94133,41.08502],[29.94393,41.08502],[29.94393,41.08365],[29.94546,41.08268],[29.95046,41.08208],[29.95152,41.08109],[29.95451,41.0801],[29.95424,41.08212],[29.95505,41.08371],[29.95656,41.08349],[29.95782,41.08554],[29.95781,41.08662],[29.95612,41.08944],[29.95859,41.09232],[29.9588,41.09446],[29.95713,41.09524],[29.95495,41.09871],[29.94896,41.09986],[29.946,41.0993],[29.94359,41.09747],[29.93953,41.09745],[29.93703,41.0978],[29.93584,41.09841],[29.93182,41.0981],[29.92852,41.097],[29.92804,41.09777],[29.92658,41.09858],[29.92343,41.09898],[29.91836,41.09923],[29.91623,41.10008],[29.91501,41.10105],[29.91505,41.10206],[29.91397,41.10192],[29.91268,41.10287],[29.91237,41.10153],[29.91097,41.10232],[29.90949,41.1025],[29.90751,41.10323],[29.9042,41.1053],[29.90245,41.10462],[29.90202,41.10601],[29.8981,41.10462],[29.8959,41.1042],[29.89402,41.10324],[29.88928,41.10173],[29.89188,41.09761],[29.8925,41.09738],[29.8937,41.09517],[29.89206,41.09421],[29.8915,41.09296]]]},"properties":{"id":1275323,"name":"Çelebi Mahallesi","district_id":1275310}},{"type":"Feature","geometry":{"type":"Polygon","coordinates":[[[29.28677,41.00239],[29.2878,41.00594],[29.28867,41.00752],[29.29106,41.00831],[29.29197,41.01059],[29.29417,41.01192],[29.29337,41.01357],[29.29488,41.0151],[29.29843,41.01584],[29.30274,41.0154],[29.30653,41.01575],[29.30932,41.01551],[29.31334,41.01635],[29.31544,41.0171],[29.31717,41.01685],[29.32222,41.01663],[29.32916,41.01711],[29.33587,41.01696],[29.34256,41.0159],[29.34492,41.01667],[29.34748,41.02039],[29.34905,41.02176],[29.35273,41.02382],[29.35558,41.02573],[29.36115,41.02575],[29.36437,41.02654],[29.36433,41.02906],[29.36091,41.03247],[29.35951,41.03434],[29.35925,41.03577],[29.36032,41.03846],[29.35167,41.04109],[29.34858,41.04137],[29.34829,41.04286],[29.34657,41.04795],[29.34467,41.04791],[29.34204,41.04866],[29.33997,41.04877],[29.33864,41.04805],[29.33624,41.04869],[29.33168,41.0489],[29.33073,41.04849],[29.32877,41.04891],[29.32836,41.04955],[29.32647,41.05041],[29.32132,41.05083],[29.32045,41.05036],[29.31907,41.05072],[29.3182,41.05021],[29.31361,41.04882],[29.31,41.04858],[29.30888,41.0491],[29.30588,41.04893],[29.3044,41.04948],[29.30142,41.04923],[29.30007,41.04784],[29.29662,41.04923],[29.29591,41.04998],[29.29027,41.05273],[29.28669,41.0517],[29.28446,41.05009],[29.28317,41.04668],[29.2815,41.04489],[29.2745,41.04235],[29.27351,41.04101],[29.27325,41.03833],[29.27227,41.03643],[29.27399,41.03492],[29.27417,41.03382],[29.27347,41.0327],[29.27309,41.03109],[29.27383,41.02916],[29.27355,41.02735],[29.27153,41.02417],[29.27135,41.02335],[29.27237,41.01622],[29.27289,41.01385],[29.27369,41.01201],[29.26998,41.0104],[29.26684,41.00936],[29.26574,41.00863],[29.2641,41.00659],[29.26211,41.00479],[29.26303,41.00487],[29.27108,41.00318],[29.27595,41.00303],[29.28334,41.00296],[29.28677,41.00239]]]},"properties":{"id":1276035,"name":"Paşaköy Mahallesi","district_id":1276014}},{"type":"Feature","geometry":{"type":"Polygon","coordinates":[[[28.94457,41.04076],[28.94335,41.03952],[28.9417,41.03973],[28.94046,41.03824],[28.93938,41.03789],[28.93911,41.03497],[28.94032,41.03453],[28.94003,41.03332],[28.93765,41.03211],[28.93885,41.03137],[28.94078,41.03115],[28.94045,41.03041],[28.94177,41.02973],[28.94356,41.03215],[28.94516,41.03154],[28.94634,41.03324],[28.94791,41.0326],[28.94955,41.03374],[28.94924,41.0353],[28.94736,41.03637],[28.94457,41.04076]]]},"properties":{"id":2463274,"name":"Ayvansaray Mahallesi","district_id":1766104}},{"type":"Feature","geometry":{"type":"Polygon","coordinates":[[[28.94455,41.02693],[28.94655,41.02724],[28.94829,41.02609],[28.94855,41.02436],[28.95026,41.0253],[28.95319,41.02709],[28.95191,41.02766],[28.95096,41.0298],[28.95255,41.03091],[28.95104,41.03121],[28.94974,41.03236],[28.94955,41.03374],[28.94791,41.0326],[28.94634,41.03324],[28.94516,41.03154],[28.94656,41.03082],[28.94473,41.02882],[28.94455,41.02693]]]},"properties":{"id":2463371,"name":"Balat Mahallesi","district_id":1766104}},{"type":"Feature","geometry":{"type":"Polygon","coordinates":[[[28.94516,41.03154],[28.94356,41.03215],[28.94177,41.02973],[28.94045,41.03041],[28.94078,41.03115],[28.93885,41.03137],[28.93765,41.03211],[28.93596,41.03111],[28.93552,41.03005],[28.93992,41.026],[28.94078,41.02512],[28.94172,41.02537],[28.94235,41.0273],[28.94455,41.02693],[28.94473,41.02882],[28.94656,41.03082],[28.94516,41.03154]]]},"properties":{"id":2463390,"name":"Derviş Ali Mahallesi","district_id":1766104}},{"type":"Feature","geometry":{"type":"Polygon","coordinates":[[[28.94855,41.02436],[28.94829,41.02609],[28.94655,41.02724],[28.94455,41.02693],[28.94235,41.0273],[28.94172,41.02537],[28.94078,41.02512],[28.94486,41.02226],[28.94855,41.02436]]]},"properties":{"id":2464768,"name":"Atikali Mahallesi","district_id":1766104}},{"type":"Feature","geometry":{"type":"Polygon","coordinates":[[[28.95026,41.0253],[28.95205,41.02436],[28.9511,41.02297],[28.95377,41.02199],[28.95484,41.02414],[28.95674,41.02429],[28.95856,41.0262],[28.95946,41.02652],[28.95772,41.02767],[28.95746,41.02841],[28.95322,41.02919],[28.95255,41.03091],[28.95096,41.0298],[28.95191,41.02766],[28.95319,41.02709],[28.95026,41.0253]]]},"properties":{"id":2464918,"name":"Yavuz Sultan Selim Mahallesi","district_id":1766104}},{"type":"Feature","geometry":{"type":"Polygon","coordinates":[[[28.93376,41.02148],[28.93522,41.02258],[28.93602,41.02499],[28.93613,41.02651],[28.93856,41.02521],[28.93992,41.026],[28.93552,41.03005],[28.9296,41.02439],[28.93376,41.02148]]]},"properties":{"id":2468218,"name":"Karagümrük Mahallesi","district_id":1766104}},{"type":"Feature","geometry":{"type":"Polygon","coordinates":[[[28.94486,41.02226],[28.94078,41.02512],[28.93992,41.026],[28.93856,41.02521],[28.93613,41.02651],[28.93602,41.02499],[28.93522,41.02258],[28.93376,41.02148],[28.93822,41.01841],[28.94486,41.02226]]]},"properties":{"id":2468219,"name":"Hırka-i Şerif Mahallesi","district_id":1766104}},{"type":"Feature","geometry":{"type":"Polygon","coordinates":[[[28.94165,41.01601],[28.93822,41.01841],[28.93376,41.02148],[28.9296,41.02439],[28.9293,41.02459],[28.92521,41.02081],[28.92441,41.01959],[28.92817,41.01776],[28.93495,41.01444],[28.9368,41.01679],[28.94103,41.01536],[28.94165,41.01601]]]},"properties":{"id":2468242,"name":"Topkapı Mahallesi","district_id":1766104}},{"type":"Feature","geometry":{"type":"Polygon","coordinates":[[[29.09766,40.982],[29.0947,40.98151],[29.09614,40.97999],[29.09792,40.97725],[29.10354,40.96725],[29.10466,40.96568],[29.10663,40.96333],[29.11123,40.95906],[29.11155,40.95944],[29.11448,40.95991],[29.1158,40.96066],[29.11659,40.96138],[29.11817,40.96385],[29.11918,40.96494],[29.12005,40.96613],[29.12263,40.968],[29.12252,40.96945],[29.12332,40.97061],[29.12578,40.9725],[29.12528,40.97501],[29.12711,40.97664],[29.12599,40.97844],[29.12671,40.97894],[29.12603,40.97924],[29.12409,40.97819],[29.12293,40.97798],[29.1194,40.97842],[29.11396,40.97888],[29.1094,40.97913],[29.10733,40.97909],[29.10418,40.97964],[29.09961,40.98103],[29.09766,40.982]]]},"properties":{"id":3403828,"name":"İçerenköy Mahallesi","district_id":1276672}},{"type":"Feature","geometry":{"type":"Polygon","coordinates":[[[29.08701,41.01507],[29.08348,41.01412],[29.08154,41.01403],[29.08082,41.01471],[29.07912,41.0152],[29.07532,41.01386],[29.07502,41.01163],[29.07406,41.00871],[29.07264,41.00567],[29.07539,41.00606],[29.07855,41.00706],[29.08346,41.00888],[29.08708,41.00946],[29.08881,41.00949],[29.08944,41.00948],[29.08913,41.01194],[29.08813,41.01194],[29.08701,41.01507]]]},"properties":{"id":3866327,"name":"Cumhuriyet Mahallesi","district_id":1276889}},{"type":"Feature","geometry":{"type":"Polygon","coordinates":[[[29.06164,41.00894],[29.06089,41.00663],[29.05769,41.00024],[29.05652,40.99885],[29.06655,40.99508],[29.07335,40.99252],[29.07377,40.99405],[29.07398,40.99704],[29.07344,41.00016],[29.07232,41.00252],[29.07264,41.00567],[29.07007,41.00561],[29.06765,41.00594],[29.06414,41.00713],[29.06164,41.00894]]]},"properties":{"id":3866328,"name":"Ünalan Mahallesi","district_id":1276889}},{"type":"Feature","geometry":{"type":"Polygon","coordinates":[[[29.08551,41.01815],[29.08436,41.01838],[29.08323,41.02112],[29.08357,41.0228],[29.08309,41.02413],[29.07851,41.0227],[29.07376,41.02028],[29.07245,41.01986],[29.06939,41.01992],[29.06922,41.01967],[29.07207,41.01785],[29.07294,41.0169],[29.07548,41.01519],[29.07532,41.01386],[29.07912,41.0152],[29.08082,41.01471],[29.08154,41.01403],[29.08348,41.01412],[29.08701,41.01507],[29.08551,41.01815]]]},"properties":{"id":3866467,"name":"Bulgurlu Mahallesi","district_id":1276889}},{"type":"Feature","geometry":{"type":"Polygon","coordinates":[[[29.06198,41.02899],[29.06239,41.02813],[29.06186,41.02724],[29.05976,41.02559],[29.06133,41.02301],[29.06118,41.02205],[29.06361,41.02192],[29.06483,41.0211],[29.06939,41.01992],[29.07245,41.01986],[29.07376,41.02028],[29.07851,41.0227],[29.08309,41.02413],[29.08458,41.02417],[29.08457,41.02441],[29.0846,41.02471],[29.08193,41.02652],[29.0806,41.02819],[29.08035,41.02943],[29.07855,41.02863],[29.07606,41.02814],[29.07399,41.02882],[29.07142,41.0288],[29.0692,41.02937],[29.06715,41.02873],[29.06482,41.02899],[29.06364,41.02981],[29.06198,41.02899]]]},"properties":{"id":3866468,"name":"Kısıklı Mahallesi","district_id":1276889}},{"type":"Feature","geometry":{"type":"Polygon","coordinates":[[[28.75245,41.17446],[28.75397,41.17479],[28.75581,41.1764],[28.75986,41.17757],[28.76074,41.17844],[28.76055,41.18131],[28.76272,41.18189],[28.76395,41.18259],[28.76476,41.18361],[28.7662,41.18446],[28.76633,41.18541],[28.76432,41.18749],[28.76521,41.18854],[28.76655,41.18924],[28.76525,41.1905],[28.76417,41.19002],[28.76295,41.1892],[28.76105,41.18854],[28.75991,41.1868],[28.75738,41.18599],[28.75391,41.18254],[28.75364,41.18138],[28.75184,41.17868],[28.74961,41.17773],[28.74848,41.17648],[28.74988,41.17558],[28.75245,41.17446]]]},"properties":{"id":6648205,"name":"Yunus Emre Mahallesi","district_id":1766093}},{"type":"Feature","geometry":{"type":"Polygon","coordinates":[[[28.75738,41.18599],[28.75991,41.1868],[28.76105,41.18854],[28.76295,41.1892],[28.76417,41.19002],[28.765,41.19279],[28.76653,41.19376],[28.76576,41.1955],[28.76375,41.19761],[28.76295,41.19663],[28.76066,41.19528],[28.7592,41.19501],[28.75513,41.19533],[28.75332,41.19454],[28.75482,41.19335],[28.75687,41.19266],[28.75791,41.19144],[28.75812,41.19043],[28.75747,41.18978],[28.75538,41.18895],[28.75793,41.18802],[28.75702,41.18664],[28.75738,41.18599]]]},"properties":{"id":6648277,"name":"Atatürk Mahallesi","district_id":1766093}},{"type":"Feature","geometry":{"type":"Polygon","coordinates":[[[28.74848,41.17648],[28.74961,41.17773],[28.75184,41.17868],[28.75364,41.18138],[28.75391,41.18254],[28.75738,41.18599],[28.75702,41.18664],[28.75793,41.18802],[28.75538,41.18895],[28.75747,41.18978],[28.75812,41.19043],[28.75791,41.19144],[28.75687,41.19266],[28.75482,41.19335],[28.75332,41.19454],[28.74973,41.19259],[28.74725,41.191],[28.7444,41.19039],[28.74324,41.18977],[28.7418,41.18742],[28.74136,41.18452],[28.74543,41.18419],[28.74583,41.18374],[28.74503,41.18178],[28.7455,41.1804],[28.74848,41.17648]]]},"properties":{"id":6648717,"name":"Anadolu Mahallesi","district_id":1766093}},{"type":"Feature","geometry":{"type":"Polygon","coordinates":[[[28.75712,41.21681],[28.75631,41.21699],[28.75626,41.21374],[28.75499,41.21174],[28.75507,41.20772],[28.75545,41.20732],[28.75524,41.20493],[28.75585,41.20339],[28.75604,41.20168],[28.75462,41.20152],[28.75197,41.20386],[28.75091,41.20263],[28.75136,41.20066],[28.75318,41.19868],[28.75284,41.19732],[28.75324,41.19607],[28.75513,41.19533],[28.7592,41.19501],[28.76066,41.19528],[28.76295,41.19663],[28.76375,41.19761],[28.76576,41.1955],[28.76653,41.19376],[28.7674,41.19427],[28.76599,41.19609],[28.76536,41.19772],[28.76384,41.19966],[28.76232,41.20155],[28.75977,41.20302],[28.75752,41.20519],[28.75561,41.20993],[28.75692,41.21267],[28.75712,41.21681]]]},"properties":{"id":6648841,"name":"Hicret Mahallesi","district_id":1766093}},{"type":"Feature","geometry":{"type":"Polygon","coordinates":[[[28.78619,41.24872],[28.77859,41.24886],[28.77796,41.24761],[28.77676,41.24677],[28.77616,41.24409],[28.77543,41.24293],[28.77251,41.2406],[28.76994,41.23918],[28.76777,41.23828],[28.76421,41.23579],[28.76193,41.23321],[28.76073,41.2303],[28.7611,41.22799],[28.76081,41.22645],[28.75833,41.22254],[28.75831,41.22105],[28.75733,41.22042],[28.75734,41.21952],[28.75631,41.21699],[28.75712,41.21681],[28.75988,41.21762],[28.76568,41.2173],[28.76682,41.21608],[28.77159,41.21397],[28.7726,41.21208],[28.76655,41.21187],[28.76701,41.20714],[28.76749,41.20529],[28.76707,41.20308],[28.76635,41.20136],[28.76462,41.20067],[28.76384,41.19966],[28.76536,41.19772],[28.76599,41.19609],[28.7674,41.19427],[28.76867,41.19481],[28.76894,41.19562],[28.77087,41.19682],[28.77266,41.19709],[28.77361,41.19794],[28.77363,41.19916],[28.773,41.20089],[28.77462,41.2019],[28.77675,41.20129],[28.77998,41.20191],[28.78302,41.20167],[28.78753,41.20249],[28.78897,41.20245],[28.79184,41.20338],[28.79321,41.20477],[28.79398,41.20621],[28.79249,41.20952],[28.79363,41.21419],[28.79348,41.21595],[28.79504,41.21676],[28.7943,41.22006],[28.79653,41.2231],[28.79602,41.22583],[28.79779,41.22731],[28.79712,41.22968],[28.79458,41.23211],[28.79453,41.2332],[28.7928,41.23455],[28.7907,41.23525],[28.7889,41.23673],[28.78849,41.2381],[28.78831,41.24054],[28.7868,41.2432],[28.78704,41.24594],[28.78762,41.24758],[28.78619,41.24872]]]},"properties":{"id":6648854,"name":"Bolluca Mahallesi","district_id":1766093}},{"type":"Feature","geometry":{"type":"Polygon","coordinates":[[[28.76384,41.19966],[28.76462,41.20067],[28.76635,41.20136],[28.76707,41.20308],[28.76749,41.20529],[28.76701,41.20714],[28.76655,41.21187],[28.7726,41.21208],[28.77159,41.21397],[28.76682,41.21608],[28.76568,41.2173],[28.75988,41.21762],[28.75712,41.21681],[28.75692,41.21267],[28.75561,41.20993],[28.75752,41.20519],[28.75977,41.20302],[28.76232,41.20155],[28.76384,41.19966]]]},"properties":{"id":6648907,"name":"Mavigöl Mahallesi","district_id":1766093}},{"type":"Feature","geometry":{"type":"Polygon","coordinates":[[[27.9757,41.06492],[27.97751,41.06245],[27.97729,41.06091],[27.97875,41.05823],[27.97868,41.057],[27.97739,41.05168],[27.97813,41.04934],[27.97653,41.04806],[27.97653,41.04731],[27.97471,41.04487],[27.97392,41.04343],[27.97386,41.04243],[27.97503,41.04184],[27.97689,41.04209],[27.97657,41.04387],[27.9804,41.04366],[27.98061,41.04119],[27.9817,41.04014],[27.98444,41.04321],[27.98594,41.044],[27.9923,41.04284],[27.99432,41.04115],[27.99489,41.03824],[27.99616,41.03911],[28.0016,41.03955],[28.00371,41.04005],[28.00538,41.0401],[28.00641,41.03692],[28.00579,41.03342],[28.00758,41.03206],[28.0089,41.03265],[28.01322,41.03539],[28.01343,41.03425],[28.01651,41.03507],[28.01873,41.03591],[28.02207,41.03802],[28.02528,41.03953],[28.03056,41.04118],[28.03308,41.04168],[28.03535,41.04135],[28.03709,41.04162],[28.03798,41.04122],[28.03995,41.04143],[28.04121,41.04194],[28.04315,41.04208],[28.045,41.04274],[28.04712,41.04411],[28.05031,41.04525],[28.05299,41.04687],[28.05364,41.04681],[28.05549,41.0478],[28.06108,41.05121],[28.06195,41.05128],[28.06462,41.05315],[28.06811,41.05474],[28.0673,41.05744],[28.06763,41.05832],[28.06563,41.05825],[28.06512,41.06419],[28.06507,41.06736],[28.06379,41.06833],[28.06789,41.07304],[28.06988,41.07503],[28.06439,41.0756],[28.06296,41.07599],[28.06303,41.07753],[28.06118,41.07776],[28.06052,41.07954],[28.04677,41.08219],[28.02558,41.08645],[28.02123,41.08732],[28.02043,41.08615],[28.01962,41.084],[28.01934,41.08233],[28.01615,41.07738],[28.01134,41.07359],[28.0088,41.07471],[28.00691,41.07652],[28.0037,41.0726],[27.9988,41.0682],[27.99706,41.06879],[27.99426,41.06926],[27.98577,41.06964],[27.98462,41.06751],[27.98365,41.06728],[27.9817,41.06577],[27.97663,41.06487],[27.9757,41.06492]]]},"properties":{"id":6670488,"name":"Gümüşyaka Mahallesi","district_id":1275379}},{"type":"Feature","geometry":{"type":"Polygon","coordinates":[[[28.85913,41.00618],[28.85944,41.00331],[28.86053,41.0015],[28.85684,41.0001],[28.85829,40.99868],[28.85462,40.9965],[28.85432,40.99581],[28.85232,40.99479],[28.85211,40.99361],[28.85129,40.99279],[28.85125,40.99185],[28.85587,40.99278],[28.86616,40.99589],[28.86973,40.9971],[28.87411,40.99829],[28.87715,40.99911],[28.88576,41.0017],[28.88468,41.0036],[28.88279,41.00467],[28.88155,41.00626],[28.88129,41.00767],[28.88114,41.01056],[28.88028,41.01456],[28.88099,41.01655],[28.87941,41.01639],[28.87808,41.01433],[28.87799,41.01334],[28.87712,41.01172],[28.87533,41.0099],[28.87519,41.00865],[28.8744,41.0079],[28.87059,41.00627],[28.86815,41.0095],[28.8669,41.01086],[28.86469,41.01268],[28.86215,41.01184],[28.85945,41.00981],[28.85903,41.00906],[28.85913,41.00618]]]},"properties":{"id":6841016,"name":"Bahçelievler Mahallesi","district_id":1766095}},{"type":"Feature","geometry":{"type":"Polygon","coordinates":[[[28.84942,41.00618],[28.849,41.00206],[28.85206,41.00198],[28.85221,40.99985],[28.85097,40.99611],[28.85211,40.99361],[28.85232,40.99479],[28.85432,40.99581],[28.85462,40.9965],[28.85829,40.99868],[28.85684,41.0001],[28.86053,41.0015],[28.85944,41.00331],[28.85913,41.00618],[28.85533,41.0071],[28.85357,41.00781],[28.85295,41.00675],[28.84956,41.00692],[28.84942,41.00618]]]},"properties":{"id":6841110,"name":"Siyavuşpaşa Mahallesi","district_id":1766095}},{"type":"Feature","geometry":{"type":"Polygon","coordinates":[[[28.93915,41.01235],[28.93495,41.01444],[28.92817,41.01776],[28.92741,41.01575],[28.92786,41.01497],[28.92595,41.01299],[28.92594,41.01188],[28.92854,41.01187],[28.93079,41.01058],[28.93151,41.01113],[28.93846,41.01094],[28.93915,41.01235]]]},"properties":{"id":6868850,"name":"Şehremini Mahallesi","district_id":1766104}},{"type":"Feature","geometry":{"type":"Polygon","coordinates":[[[28.77519,40.97736],[28.77571,40.97634],[28.77955,40.97442],[28.78619,40.97188],[28.78834,40.9708],[28.7935,40.9811],[28.79151,40.98119],[28.78816,40.98273],[28.78577,40.98142],[28.78166,40.98309],[28.77957,40.98443],[28.77755,40.98469],[28.777,40.98601],[28.77344,40.98652],[28.77349,40.98606],[28.77529,40.98404],[28.77571,40.98155],[28.77503,40.98058],[28.77484,40.97908],[28.77519,40.97736]]]},"properties":{"id":7404512,"name":"Basınköy Mahallesi","district_id":1766096}},{"type":"Feature","geometry":{"type":"Polygon","coordinates":[[[28.92817,41.01776],[28.92441,41.01959],[28.92292,41.01733],[28.92218,41.01553],[28.92175,41.01332],[28.92234,41.01163],[28.92233,41.00826],[28.92148,41.00608],[28.92497,41.00677],[28.92643,41.00976],[28.92594,41.01188],[28.92595,41.01299],[28.92786,41.01497],[28.92741,41.01575],[28.92817,41.01776]]]},"properties":{"id":7648808,"name":"Mevlanakapı Mahallesi","district_id":1766104}},{"type":"Feature","geometry":{"type":"Polygon","coordinates":[[[28.93282,41.00682],[28.93636,41.00665],[28.93846,41.01094],[28.93151,41.01113],[28.93079,41.01058],[28.92854,41.01187],[28.92594,41.01188],[28.92643,41.00976],[28.92497,41.00677],[28.93122,41.00732],[28.93282,41.00682]]]},"properties":{"id":7648809,"name":"Seyyid Ömer Mahallesi","district_id":1766104}},{"type":"Feature","geometry":{"type":"Polygon","coordinates":[[[28.92132,41.00503],[28.92232,41.00486],[28.92208,41.00371],[28.9233,41.00324],[28.92479,41.00384],[28.9274,41.00357],[28.92917,41.00412],[28.93008,41.00336],[28.93244,41.00409],[28.93282,41.00682],[28.93122,41.00732],[28.92497,41.00677],[28.92148,41.00608],[28.92132,41.00503]]]},"properties":{"id":7648810,"name":"Silivrikapı Mahallesi","district_id":1766104}},{"type":"Feature","geometry":{"type":"Polygon","coordinates":[[[28.92132,41.00503],[28.92028,41.00078],[28.92031,40.99981],[28.92275,41.00071],[28.92652,40.99895],[28.92784,41.00009],[28.92942,41.00061],[28.93016,41.00238],[28.93008,41.00336],[28.92917,41.00412],[28.9274,41.00357],[28.92479,41.00384],[28.9233,41.00324],[28.92208,41.00371],[28.92232,41.00486],[28.92132,41.00503]]]},"properties":{"id":7648811,"name":"Sümbül Efendi Mahallesi","district_id":1766104}},{"type":"Feature","geometry":{"type":"Polygon","coordinates":[[[28.92652,40.99895],[28.93005,40.99818],[28.92762,40.99648],[28.92998,40.99573],[28.9313,40.99451],[28.93313,40.99625],[28.93459,40.99941],[28.93691,41.00113],[28.93696,41.00233],[28.93627,41.0044],[28.93479,41.00412],[28.9344,41.00476],[28.93244,41.00409],[28.93008,41.00336],[28.93016,41.00238],[28.92942,41.00061],[28.92784,41.00009],[28.92652,40.99895]]]},"properties":{"id":7648812,"name":"Koca Mustafapaşa Mahallesi","district_id":1766104}},{"type":"Feature","geometry":{"type":"Polygon","coordinates":[[[28.92652,40.99895],[28.92275,41.00071],[28.92031,40.99981],[28.92143,40.99474],[28.92238,40.99332],[28.92246,40.99205],[28.92071,40.99053],[28.92008,40.9894],[28.91992,40.98792],[28.92341,40.98766],[28.92534,40.98845],[28.92961,40.99355],[28.9313,40.99451],[28.92998,40.99573],[28.92762,40.99648],[28.93005,40.99818],[28.92652,40.99895]]]},"properties":{"id":7648813,"name":"Yedikule Mahallesi","district_id":1766104}},{"type":"Feature","geometry":{"type":"Polygon","coordinates":[[[28.93691,41.00113],[28.93779,41.00131],[28.93876,40.99882],[28.94027,40.99774],[28.9421,40.9969],[28.94494,40.99627],[28.94679,40.99621],[28.94611,41.00109],[28.94573,41.00242],[28.94225,41.00608],[28.94187,41.00692],[28.94312,41.00753],[28.94247,41.00881],[28.94109,41.00859],[28.93863,41.0073],[28.93636,41.00665],[28.93282,41.00682],[28.93244,41.00409],[28.9344,41.00476],[28.93479,41.00412],[28.93627,41.0044],[28.93696,41.00233],[28.93691,41.00113]]]},"properties":{"id":7648814,"name":"Cerrahpaşa Mahallesi","district_id":1766104}},{"type":"Feature","geometry":{"type":"Polygon","coordinates":[[[28.93846,41.01094],[28.93636,41.00665],[28.93863,41.0073],[28.94109,41.00859],[28.94247,41.00881],[28.94312,41.00753],[28.94636,41.00836],[28.94916,41.00953],[28.94912,41.00972],[28.94529,41.01041],[28.94082,41.01163],[28.93915,41.01235],[28.93846,41.01094]]]},"properties":{"id":7648815,"name":"Haseki Sultan Mahallesi","district_id":1766104}},{"type":"Feature","geometry":{"type":"Polygon","coordinates":[[[28.94165,41.01601],[28.94103,41.01536],[28.9368,41.01679],[28.93495,41.01444],[28.93915,41.01235],[28.94082,41.01163],[28.94529,41.01041],[28.94912,41.00972],[28.94957,41.01059],[28.9446,41.01399],[28.94165,41.01601]]]},"properties":{"id":7648816,"name":"Molla Gürani Mahallesi","district_id":1766104}},{"type":"Feature","geometry":{"type":"Polygon","coordinates":[[[28.93822,41.01841],[28.94165,41.01601],[28.9446,41.01399],[28.94757,41.01653],[28.94878,41.01621],[28.94989,41.01731],[28.94486,41.02226],[28.93822,41.01841]]]},"properties":{"id":7648817,"name":"Akşemsettin Mahallesi","district_id":1766104}},{"type":"Feature","geometry":{"type":"Polygon","coordinates":[[[28.94855,41.02436],[28.94486,41.02226],[28.94989,41.01731],[28.95119,41.01645],[28.95238,41.01783],[28.95334,41.01834],[28.95023,41.02137],[28.9511,41.02297],[28.95205,41.02436],[28.95026,41.0253],[28.94855,41.02436]]]},"properties":{"id":7648818,"name":"Ali Kuşçu Mahallesi","district_id":1766104}},{"type":"Feature","geometry":{"type":"Polygon","coordinates":[[[28.95946,41.02652],[28.95856,41.0262],[28.95674,41.02429],[28.95484,41.02414],[28.95377,41.02199],[28.95477,41.02118],[28.95808,41.01994],[28.95824,41.0191],[28.95997,41.02136],[28.96142,41.02241],[28.96268,41.02304],[28.96125,41.02376],[28.95962,41.02574],[28.95946,41.02652]]]},"properties":{"id":7648819,"name":"Cibali Mahallesi","district_id":1766104}},{"type":"Feature","geometry":{"type":"Polygon","coordinates":[[[28.9511,41.02297],[28.95023,41.02137],[28.95334,41.01834],[28.95238,41.01783],[28.95119,41.01645],[28.95439,41.01467],[28.95592,41.01627],[28.95711,41.01764],[28.95824,41.0191],[28.95808,41.01994],[28.95477,41.02118],[28.95377,41.02199],[28.9511,41.02297]]]},"properties":{"id":7648820,"name":"Zeyrek Mahallesi","district_id":1766104}},{"type":"Feature","geometry":{"type":"Polygon","coordinates":[[[28.9446,41.01399],[28.94957,41.01059],[28.94912,41.00972],[28.94916,41.00953],[28.95092,41.0093],[28.9532,41.00943],[28.95329,41.01293],[28.95439,41.01467],[28.95119,41.01645],[28.94989,41.01731],[28.94878,41.01621],[28.94757,41.01653],[28.9446,41.01399]]]},"properties":{"id":7648821,"name":"İskenderpaşa Mahallesi","district_id":1766104}},{"type":"Feature","geometry":{"type":"Polygon","coordinates":[[[28.94679,40.99621],[28.9492,40.99651],[28.95094,40.99702],[28.95343,40.99837],[28.96028,40.99822],[28.95986,40.99861],[28.95477,40.99868],[28.95373,40.99921],[28.95287,41.00122],[28.95374,41.00213],[28.95349,41.00725],[28.95342,41.00946],[28.9532,41.00943],[28.95092,41.0093],[28.94916,41.00953],[28.94636,41.00836],[28.94312,41.00753],[28.94187,41.00692],[28.94225,41.00608],[28.94573,41.00242],[28.94611,41.00109],[28.94679,40.99621]]]},"properties":{"id":7648822,"name":"Aksaray Mahallesi","district_id":1766104}},{"type":"Feature","geometry":{"type":"Polygon","coordinates":[[[28.95625,41.00715],[28.95349,41.00725],[28.95374,41.00213],[28.95703,41.00223],[28.95671,41.00456],[28.95792,41.00694],[28.95625,41.00715]]]},"properties":{"id":7648823,"name":"Katip Kasım Mahallesi","district_id":1766104}},{"type":"Feature","geometry":{"type":"Polygon","coordinates":[[[28.95625,41.00715],[28.95624,41.00821],[28.95771,41.00823],[28.95725,41.00956],[28.95342,41.00946],[28.95349,41.00725],[28.95625,41.00715]]]},"properties":{"id":7648824,"name":"Mesihpaşa Mahallesi","district_id":1766104}},{"type":"Feature","geometry":{"type":"Polygon","coordinates":[[[28.95439,41.01467],[28.95329,41.01293],[28.9532,41.00943],[28.95342,41.00946],[28.95725,41.00956],[28.95757,41.01163],[28.95949,41.0122],[28.95642,41.01351],[28.95439,41.01467]]]},"properties":{"id":7648825,"name":"Kemalpaşa Mahallesi","district_id":1766104}},{"type":"Feature","geometry":{"type":"Polygon","coordinates":[[[28.95439,41.01467],[28.95642,41.01351],[28.95949,41.0122],[28.9611,41.01107],[28.96115,41.01335],[28.95842,41.01514],[28.95592,41.01627],[28.95439,41.01467]]]},"properties":{"id":7648826,"name":"Kalenderhane Mahallesi","district_id":1766104}},{"type":"Feature","geometry":{"type":"Polygon","coordinates":[[[28.95711,41.01764],[28.95592,41.01627],[28.95842,41.01514],[28.96115,41.01335],[28.96125,41.01563],[28.96013,41.0163],[28.95711,41.01764]]]},"properties":{"id":7648827,"name":"Molla Hüsrev Mahallesi","district_id":1766104}},{"type":"Feature","geometry":{"type":"Polygon","coordinates":[[[28.95824,41.0191],[28.95711,41.01764],[28.96013,41.0163],[28.96105,41.01873],[28.96114,41.02044],[28.95997,41.02136],[28.95824,41.0191]]]},"properties":{"id":7648828,"name":"Hacı Kadın Mahallesi","district_id":1766104}},{"type":"Feature","geometry":{"type":"Polygon","coordinates":[[[28.96125,41.01563],[28.96366,41.01736],[28.96241,41.01736],[28.96265,41.01884],[28.96376,41.01961],[28.96114,41.02044],[28.96105,41.01873],[28.96013,41.0163],[28.96125,41.01563]]]},"properties":{"id":7648829,"name":"Hoca Gıyasettin Mahallesi","district_id":1766104}},{"type":"Feature","geometry":{"type":"Polygon","coordinates":[[[28.95997,41.02136],[28.96114,41.02044],[28.96376,41.01961],[28.9643,41.0195],[28.96142,41.02241],[28.95997,41.02136]]]},"properties":{"id":7648830,"name":"Yavuz Sinan Mahallesi","district_id":1766104}},{"type":"Feature","geometry":{"type":"Polygon","coordinates":[[[28.96366,41.01736],[28.9661,41.01656],[28.96783,41.01682],[28.96808,41.01728],[28.9643,41.0195],[28.96376,41.01961],[28.96265,41.01884],[28.96241,41.01736],[28.96366,41.01736]]]},"properties":{"id":7648831,"name":"Demirtaş Mahallesi","district_id":1766104}},{"type":"Feature","geometry":{"type":"Polygon","coordinates":[[[28.9643,41.0195],[28.96808,41.01728],[28.96837,41.01758],[28.96899,41.01944],[28.96729,41.01973],[28.96415,41.02109],[28.96352,41.02247],[28.96268,41.02304],[28.96142,41.02241],[28.9643,41.0195]]]},"properties":{"id":7648832,"name":"Sarıdemir Mahallesi","district_id":1766104}},{"type":"Feature","geometry":{"type":"Polygon","coordinates":[[[28.96783,41.01682],[28.9661,41.01656],[28.96366,41.01736],[28.96125,41.01563],[28.96115,41.01335],[28.9611,41.01107],[28.96176,41.0106],[28.96441,41.01078],[28.9661,41.01208],[28.96605,41.01493],[28.96742,41.01514],[28.96783,41.01682]]]},"properties":{"id":7648833,"name":"Süleymaniye Mahallesi","district_id":1766104}},{"type":"Feature","geometry":{"type":"Polygon","coordinates":[[[28.95725,41.00956],[28.96141,41.00963],[28.964,41.00937],[28.96441,41.01078],[28.96176,41.0106],[28.9611,41.01107],[28.95949,41.0122],[28.95757,41.01163],[28.95725,41.00956]]]},"properties":{"id":7648834,"name":"Balabanağa Mahallesi","district_id":1766104}},{"type":"Feature","geometry":{"type":"Polygon","coordinates":[[[28.96231,41.00816],[28.96048,41.00866],[28.95898,41.00663],[28.95792,41.00694],[28.95671,41.00456],[28.95703,41.00223],[28.95952,41.00161],[28.95962,41.00327],[28.96051,41.00381],[28.96172,41.00576],[28.96242,41.00707],[28.96231,41.00816]]]},"properties":{"id":7648835,"name":"Nişanca Mahallesi","district_id":1766104}},{"type":"Feature","geometry":{"type":"Polygon","coordinates":[[[28.96808,41.01728],[28.96783,41.01682],[28.96742,41.01514],[28.96947,41.01495],[28.97031,41.01655],[28.96837,41.01758],[28.96808,41.01728]]]},"properties":{"id":7648836,"name":"Tahtakale Mahallesi","district_id":1766104}},{"type":"Feature","geometry":{"type":"Polygon","coordinates":[[[28.96837,41.01758],[28.97031,41.01655],[28.96947,41.01495],[28.97025,41.01467],[28.97113,41.01463],[28.97289,41.01744],[28.97188,41.01823],[28.96899,41.01944],[28.96837,41.01758]]]},"properties":{"id":7648837,"name":"Rüstempaşa Mahallesi","district_id":1766104}},{"type":"Feature","geometry":{"type":"Polygon","coordinates":[[[28.96747,41.01222],[28.9701,41.01392],[28.97025,41.01467],[28.96947,41.01495],[28.96742,41.01514],[28.96605,41.01493],[28.9661,41.01208],[28.96747,41.01222]]]},"properties":{"id":7648838,"name":"Mercan Mahallesi","district_id":1766104}},{"type":"Feature","geometry":{"type":"Polygon","coordinates":[[[28.96747,41.01222],[28.96885,41.01105],[28.96971,41.01113],[28.97041,41.01167],[28.9701,41.01392],[28.96747,41.01222]]]},"properties":{"id":7648839,"name":"Taya Hatun Mahallesi","district_id":1766104}},{"type":"Feature","geometry":{"type":"Polygon","coordinates":[[[28.964,41.00937],[28.96617,41.00911],[28.96749,41.00886],[28.96748,41.00989],[28.97,41.00967],[28.96971,41.01113],[28.96885,41.01105],[28.96747,41.01222],[28.9661,41.01208],[28.96441,41.01078],[28.964,41.00937]]]},"properties":{"id":7648840,"name":"Beyazıt Mahallesi","district_id":1766104}},{"type":"Feature","geometry":{"type":"Polygon","coordinates":[[[28.95792,41.00694],[28.95898,41.00663],[28.96048,41.00866],[28.96231,41.00816],[28.96533,41.00738],[28.96617,41.00911],[28.964,41.00937],[28.96141,41.00963],[28.95725,41.00956],[28.95771,41.00823],[28.95624,41.00821],[28.95625,41.00715],[28.95792,41.00694]]]},"properties":{"id":7648841,"name":"Mimar Kemalettin Mahallesi","district_id":1766104}},{"type":"Feature","geometry":{"type":"Polygon","coordinates":[[[28.96172,41.00576],[28.96427,41.00508],[28.96533,41.00738],[28.96231,41.00816],[28.96242,41.00707],[28.96172,41.00576]]]},"properties":{"id":7648842,"name":"Saraç İshak Mahallesi","district_id":1766104}},{"type":"Feature","geometry":{"type":"Polygon","coordinates":[[[28.96749,41.00886],[28.96617,41.00911],[28.96533,41.00738],[28.96427,41.00508],[28.96512,41.00485],[28.96646,41.00453],[28.96693,41.00648],[28.96796,41.00626],[28.96885,41.0071],[28.96939,41.00859],[28.96749,41.00886]]]},"properties":{"id":7648843,"name":"Mimar Hayrettin Mahallesi","district_id":1766104}},{"type":"Feature","geometry":{"type":"Polygon","coordinates":[[[28.96172,41.00576],[28.96051,41.00381],[28.95962,41.00327],[28.95952,41.00161],[28.96162,41.00123],[28.96146,41.00229],[28.96352,41.0023],[28.96374,41.00361],[28.96512,41.00485],[28.96427,41.00508],[28.96172,41.00576]]]},"properties":{"id":7648845,"name":"Muhsine Hatun Mahallesi","district_id":1766104}},{"type":"Feature","geometry":{"type":"Polygon","coordinates":[[[28.96974,41.00514],[28.96786,41.00555],[28.96796,41.00626],[28.96693,41.00648],[28.96646,41.00453],[28.96512,41.00485],[28.96374,41.00361],[28.96352,41.0023],[28.96857,41.00201],[28.96974,41.00514]]]},"properties":{"id":7648846,"name":"Şehsuvar Bey Mahallesi","district_id":1766104}},{"type":"Feature","geometry":{"type":"Polygon","coordinates":[[[28.96939,41.00859],[28.96885,41.0071],[28.96796,41.00626],[28.96786,41.00555],[28.96974,41.00514],[28.97071,41.00603],[28.97094,41.00845],[28.96939,41.00859]]]},"properties":{"id":7648847,"name":"Emin Sinan Mahallesi","district_id":1766104}},{"type":"Feature","geometry":{"type":"Polygon","coordinates":[[[28.97094,41.00845],[28.97341,41.00827],[28.97465,41.01099],[28.97365,41.01157],[28.97041,41.01167],[28.96971,41.01113],[28.97,41.00967],[28.96748,41.00989],[28.96749,41.00886],[28.96939,41.00859],[28.97094,41.00845]]]},"properties":{"id":7648848,"name":"Molla Fenari Mahallesi","district_id":1766104}},{"type":"Feature","geometry":{"type":"Polygon","coordinates":[[[28.97683,41.01678],[28.97322,41.01828],[28.97188,41.01823],[28.97289,41.01744],[28.97113,41.01463],[28.97287,41.01322],[28.97365,41.01157],[28.97465,41.01099],[28.97544,41.01185],[28.9748,41.01348],[28.97683,41.01678]]]},"properties":{"id":7648849,"name":"Hobyar Mahallesi","district_id":1766104}},{"type":"Feature","geometry":{"type":"Polygon","coordinates":[[[28.97482,41.00503],[28.97628,41.00319],[28.97584,41.00266],[28.97677,41.00113],[28.97761,41.00177],[28.98013,41.00204],[28.9814,41.00259],[28.9826,41.00367],[28.98119,41.00344],[28.97865,41.00531],[28.97834,41.0065],[28.97699,41.00719],[28.97482,41.00503]]]},"properties":{"id":7648850,"name":"Sultan Ahmet Mahallesi","district_id":1766104}},{"type":"Feature","geometry":{"type":"Polygon","coordinates":[[[28.97482,41.00503],[28.97354,41.00467],[28.97071,41.00603],[28.96974,41.00514],[28.96857,41.00201],[28.97308,41.00098],[28.97677,41.00113],[28.97584,41.00266],[28.97628,41.00319],[28.97482,41.00503]]]},"properties":{"id":7648851,"name":"Küçük Ayasofya Mahallesi","district_id":1766104}},{"type":"Feature","geometry":{"type":"Polygon","coordinates":[[[28.97699,41.00719],[28.97834,41.00813],[28.9775,41.00783],[28.97341,41.00827],[28.97094,41.00845],[28.97071,41.00603],[28.97354,41.00467],[28.97482,41.00503],[28.97699,41.00719]]]},"properties":{"id":7648852,"name":"Binbirdirek Mahallesi","district_id":1766104}},{"type":"Feature","geometry":{"type":"Polygon","coordinates":[[[28.97465,41.01099],[28.97341,41.00827],[28.9775,41.00783],[28.97834,41.00813],[28.97872,41.01046],[28.97814,41.01102],[28.97754,41.01068],[28.97544,41.01185],[28.97465,41.01099]]]},"properties":{"id":7648853,"name":"Alemdar Mahallesi","district_id":1766104}},{"type":"Feature","geometry":{"type":"Polygon","coordinates":[[[28.97814,41.01102],[28.97883,41.01354],[28.97976,41.01486],[28.98118,41.01419],[28.9836,41.01486],[28.98524,41.01582],[28.98595,41.01755],[28.98533,41.01776],[28.98187,41.01701],[28.98178,41.0167],[28.97683,41.01678],[28.9748,41.01348],[28.97544,41.01185],[28.97754,41.01068],[28.97814,41.01102]]]},"properties":{"id":7648854,"name":"Hocapaşa Mahallesi","district_id":1766104}},{"type":"Feature","geometry":{"type":"Polygon","coordinates":[[[28.97814,41.01102],[28.97872,41.01046],[28.97834,41.00813],[28.97699,41.00719],[28.97834,41.0065],[28.97865,41.00531],[28.98119,41.00344],[28.9826,41.00367],[28.98339,41.00452],[28.9855,41.00579],[28.98632,41.00675],[28.98786,41.01021],[28.98811,41.01245],[28.98685,41.01703],[28.98595,41.01755],[28.98524,41.01582],[28.9836,41.01486],[28.98118,41.01419],[28.97976,41.01486],[28.97883,41.01354],[28.97814,41.01102]]]},"properties":{"id":7648855,"name":"Cankurtaran Mahallesi","district_id":1766104}},{"type":"Feature","geometry":{"type":"Polygon","coordinates":[[[29.28437,40.93564],[29.28353,40.93784],[29.28507,40.94094],[29.28502,40.94219],[29.28424,40.94391],[29.28421,40.94546],[29.28055,40.94433],[29.27684,40.94383],[29.2738,40.94408],[29.26897,40.94338],[29.25062,40.9421],[29.25072,40.94046],[29.25189,40.93928],[29.25228,40.93481],[29.25517,40.93209],[29.25767,40.93214],[29.27357,40.93174],[29.27491,40.93224],[29.27792,40.93263],[29.27869,40.93299],[29.28025,40.93464],[29.28334,40.93541],[29.28437,40.93564]]]},"properties":{"id":7666484,"name":"Necip Fazıl Mahallesi","district_id":1276012}},{"type":"Feature","geometry":{"type":"Polygon","coordinates":[[[29.28357,40.9481],[29.28421,40.94546],[29.28424,40.94391],[29.28502,40.94219],[29.28507,40.94094],[29.28353,40.93784],[29.28437,40.93564],[29.29282,40.93774],[29.29566,40.93824],[29.29474,40.94008],[29.29487,40.94242],[29.29683,40.94425],[29.29373,40.94608],[29.29088,40.94728],[29.2845,40.94775],[29.28357,40.9481]]]},"properties":{"id":7666485,"name":"Orhangazi Mahallesi","district_id":1276012}},{"type":"Feature","geometry":{"type":"Polygon","coordinates":[[[29.25062,40.9421],[29.26897,40.94338],[29.2738,40.94408],[29.27684,40.94383],[29.28055,40.94433],[29.28421,40.94546],[29.28357,40.9481],[29.28221,40.95038],[29.28243,40.95133],[29.28066,40.95252],[29.27938,40.95503],[29.27669,40.95235],[29.27376,40.95003],[29.26659,40.94817],[29.26038,40.94592],[29.24989,40.94653],[29.25016,40.94302],[29.25062,40.9421]]]},"properties":{"id":7666486,"name":"Yavuz Selim Mahallesi","district_id":1276012}},{"type":"Feature","geometry":{"type":"Polygon","coordinates":[[[29.25682,40.94903],[29.2481,40.94873],[29.24989,40.94653],[29.26038,40.94592],[29.26659,40.94817],[29.27376,40.95003],[29.27669,40.95235],[29.27938,40.95503],[29.28064,40.9568],[29.28245,40.96054],[29.27968,40.96182],[29.2757,40.9642],[29.27439,40.96146],[29.27323,40.96055],[29.27208,40.95872],[29.27189,40.95633],[29.27082,40.95485],[29.26852,40.953],[29.26722,40.9514],[29.26476,40.95044],[29.26373,40.9494],[29.25682,40.94903]]]},"properties":{"id":7666487,"name":"Fatih Mahallesi","district_id":1276012}},{"type":"Feature","geometry":{"type":"Polygon","coordinates":[[[29.25682,40.94903],[29.26373,40.9494],[29.26476,40.95044],[29.26722,40.9514],[29.26852,40.953],[29.27082,40.95485],[29.27189,40.95633],[29.27208,40.95872],[29.27323,40.96055],[29.27439,40.96146],[29.2757,40.9642],[29.27349,40.9659],[29.27181,40.96731],[29.26839,40.96943],[29.26462,40.97077],[29.26426,40.96735],[29.26196,40.9627],[29.26187,40.96113],[29.26127,40.96024],[29.26054,40.95739],[29.25997,40.95633],[29.25702,40.95506],[29.25615,40.95334],[29.25682,40.94903]]]},"properties":{"id":7666488,"name":"Mehmet Akif Mahallesi","district_id":1276012}},{"type":"Feature","geometry":{"type":"Polygon","coordinates":[[[29.2481,40.94873],[29.25682,40.94903],[29.25615,40.95334],[29.25702,40.95506],[29.25997,40.95633],[29.26054,40.95739],[29.26127,40.96024],[29.26187,40.96113],[29.26196,40.9627],[29.26426,40.96735],[29.26462,40.97077],[29.2624,40.97123],[29.25721,40.97188],[29.25401,40.97276],[29.25528,40.96879],[29.25369,40.96828],[29.25218,40.96414],[29.25228,40.96296],[29.25104,40.96173],[29.25158,40.96077],[29.24899,40.95817],[29.24969,40.95527],[29.24911,40.9531],[29.24937,40.95241],[29.24643,40.95195],[29.2466,40.9513],[29.2481,40.94873]]]},"properties":{"id":7666489,"name":"Abdurrahmangazi Mahallesi","district_id":1276012}},{"type":"Feature","geometry":{"type":"Polygon","coordinates":[[[29.24899,40.95817],[29.25158,40.96077],[29.25104,40.96173],[29.25228,40.96296],[29.25218,40.96414],[29.25369,40.96828],[29.25528,40.96879],[29.25401,40.97276],[29.25042,40.97424],[29.24899,40.97273],[29.24815,40.97261],[29.24553,40.97038],[29.24472,40.96771],[29.24534,40.96488],[29.24668,40.96393],[29.24717,40.96175],[29.24828,40.96112],[29.24764,40.95983],[29.24899,40.95817]]]},"properties":{"id":7666490,"name":"Hasanpaşa Mahallesi","district_id":1276012}},{"type":"Feature","geometry":{"type":"Polygon","coordinates":[[[29.29741,40.95353],[29.29667,40.9522],[29.29441,40.9511],[29.29279,40.94993],[29.29015,40.94758],[29.29088,40.94728],[29.29373,40.94608],[29.29683,40.94425],[29.29487,40.94242],[29.29474,40.94008],[29.29566,40.93824],[29.29759,40.93962],[29.3023,40.9421],[29.30407,40.94409],[29.30576,40.94502],[29.30806,40.94747],[29.3087,40.94851],[29.30646,40.94984],[29.30278,40.95153],[29.29741,40.95353]]]},"properties":{"id":7666491,"name":"Akşemsettin Mahallesi","district_id":1276012}},{"type":"Feature","geometry":{"type":"Polygon","coordinates":[[[29.29741,40.95353],[29.30278,40.95153],[29.30646,40.94984],[29.3087,40.94851],[29.30996,40.94929],[29.3097,40.95138],[29.31091,40.95417],[29.31194,40.95558],[29.31178,40.95904],[29.3108,40.96003],[29.30729,40.95903],[29.30352,40.95844],[29.30277,40.95897],[29.30235,40.96057],[29.30092,40.96176],[29.29973,40.96341],[29.29983,40.96414],[29.29788,40.96622],[29.29742,40.96623],[29.29224,40.9625],[29.28852,40.95813],[29.29331,40.95549],[29.29741,40.95353]]]},"properties":{"id":7666492,"name":"Mecidiye Mahallesi","district_id":1276012}},{"type":"Feature","geometry":{"type":"Polygon","coordinates":[[[29.29052,40.9725],[29.2835,40.97124],[29.27932,40.96957],[29.27671,40.96875],[29.27524,40.96782],[29.27465,40.96616],[29.27349,40.9659],[29.2757,40.9642],[29.27968,40.96182],[29.28245,40.96054],[29.28852,40.95813],[29.29224,40.9625],[29.29742,40.96623],[29.29788,40.96622],[29.29642,40.96754],[29.29358,40.96888],[29.29309,40.97027],[29.29052,40.9725]]]},"properties":{"id":7666493,"name":"Turgut Reis Mahallesi","district_id":1276012}},{"type":"Feature","geometry":{"type":"Polygon","coordinates":[[[29.2624,40.97123],[29.26389,40.97401],[29.26504,40.97666],[29.2657,40.97889],[29.26583,40.98057],[29.26702,40.98225],[29.26553,40.98321],[29.26439,40.98573],[29.2631,40.98982],[29.25991,40.98947],[29.2553,40.98851],[29.25444,40.98788],[29.25437,40.98527],[29.25301,40.98158],[29.25175,40.97934],[29.25207,40.9766],[29.25042,40.97424],[29.25401,40.97276],[29.25721,40.97188],[29.2624,40.97123]]]},"properties":{"id":7666495,"name":"Adil Mahallesi","district_id":1276012}},{"type":"Feature","geometry":{"type":"Polygon","coordinates":[[[29.2895,40.97976],[29.28922,40.98011],[29.28873,40.98344],[29.2875,40.98925],[29.28724,40.99132],[29.28783,40.99486],[29.28764,40.99731],[29.28385,40.99805],[29.27953,40.99721],[29.27611,40.99691],[29.27443,40.99573],[29.27462,40.99376],[29.27531,40.99216],[29.27618,40.98856],[29.2741,40.9883],[29.27093,40.98842],[29.26897,40.98874],[29.26766,40.98955],[29.2641,40.9903],[29.2631,40.98982],[29.26439,40.98573],[29.26553,40.98321],[29.26702,40.98225],[29.26583,40.98057],[29.2657,40.97889],[29.26504,40.97666],[29.26805,40.97615],[29.27249,40.97595],[29.27664,40.97673],[29.27899,40.97695],[29.28083,40.97674],[29.28933,40.97703],[29.29004,40.97844],[29.2895,40.97976]]]},"properties":{"id":7666496,"name":"Battalgazi Mahallesi","district_id":1276012}},{"type":"Feature","geometry":{"type":"Polygon","coordinates":[[[29.28677,41.00239],[29.28334,41.00296],[29.27595,41.00303],[29.27108,41.00318],[29.26303,41.00487],[29.26211,41.00479],[29.26102,41.00403],[29.2604,41.00353],[29.25947,41.00263],[29.25983,41.00137],[29.2595,40.99937],[29.25825,40.99697],[29.25781,40.99454],[29.25729,40.99364],[29.25453,40.99033],[29.2548,40.98844],[29.25444,40.98788],[29.2553,40.98851],[29.25991,40.98947],[29.2631,40.98982],[29.2641,40.9903],[29.26766,40.98955],[29.26897,40.98874],[29.27093,40.98842],[29.2741,40.9883],[29.27618,40.98856],[29.27531,40.99216],[29.27462,40.99376],[29.27443,40.99573],[29.27611,40.99691],[29.27953,40.99721],[29.28385,40.99805],[29.28764,40.99731],[29.28632,40.99963],[29.28622,41.00091],[29.28677,41.00239]]]},"properties":{"id":7666497,"name":"Mimar Sinan Mahallesi","district_id":1276012}},{"type":"Feature","geometry":{"type":"Polygon","coordinates":[[[29.27349,40.9659],[29.27465,40.96616],[29.27524,40.96782],[29.27671,40.96875],[29.27932,40.96957],[29.2835,40.97124],[29.29052,40.9725],[29.28987,40.97564],[29.28933,40.97703],[29.28083,40.97674],[29.27899,40.97695],[29.27664,40.97673],[29.27249,40.97595],[29.26805,40.97615],[29.26504,40.97666],[29.26389,40.97401],[29.2624,40.97123],[29.26462,40.97077],[29.26839,40.96943],[29.27181,40.96731],[29.27349,40.9659]]]},"properties":{"id":7772852,"name":"Ahmet Yesevi Mahallesi","district_id":1276012}},{"type":"Feature","geometry":{"type":"Polygon","coordinates":[[[28.78674,41.01405],[28.78552,41.0133],[28.78622,41.01116],[28.78548,41.00924],[28.78603,41.00911],[28.78556,41.00707],[28.78767,41.00692],[28.788,41.00246],[28.78933,41.00278],[28.79393,41.00381],[28.79704,41.00541],[28.79391,41.00992],[28.79226,41.01146],[28.78674,41.01405]]]},"properties":{"id":7786480,"name":"Fevzi Çakmak Mahallesi","district_id":7786498}},{"type":"Feature","geometry":{"type":"Polygon","coordinates":[[[28.77957,40.98443],[28.78456,40.98564],[28.7841,40.98796],[28.78345,40.98921],[28.7841,40.99095],[28.78376,40.99244],[28.78462,40.99324],[28.78258,40.99788],[28.77971,40.99571],[28.77782,40.99313],[28.7755,40.99075],[28.77271,40.99161],[28.77167,40.9915],[28.77268,40.98967],[28.77344,40.98652],[28.777,40.98601],[28.77755,40.98469],[28.77957,40.98443]]]},"properties":{"id":7786481,"name":"Cennet Mahallesi","district_id":7786498}},{"type":"Feature","geometry":{"type":"Polygon","coordinates":[[[28.78258,40.99788],[28.78462,40.99941],[28.78517,41.00171],[28.78138,41.00035],[28.7802,40.99973],[28.77408,40.99526],[28.77118,40.99199],[28.77167,40.9915],[28.77271,40.99161],[28.7755,40.99075],[28.77782,40.99313],[28.77971,40.99571],[28.78258,40.99788]]]},"properties":{"id":7786482,"name":"Yeni Mahalle Mahallesi","district_id":7786498}},{"type":"Feature","geometry":{"type":"Polygon","coordinates":[[[28.78604,40.9988],[28.78462,40.99941],[28.78258,40.99788],[28.78462,40.99324],[28.78376,40.99244],[28.7841,40.99095],[28.78345,40.98921],[28.7841,40.98796],[28.78456,40.98564],[28.7885,40.98664],[28.79073,40.98779],[28.78932,40.99194],[28.78854,40.99287],[28.78604,40.9988]]]},"properties":{"id":7786483,"name":"Yeşilova Mahallesi","district_id":7786498}},{"type":"Feature","geometry":{"type":"Polygon","coordinates":[[[28.78604,40.9988],[28.78854,40.99287],[28.78932,40.99194],[28.79073,40.98779],[28.79239,40.98918],[28.79407,40.99196],[28.79538,40.99562],[28.79691,40.99747],[28.79759,40.99802],[28.79681,40.9991],[28.79304,40.99919],[28.79009,41.00003],[28.78877,40.99868],[28.78604,40.9988]]]},"properties":{"id":7786484,"name":"Gültepe Mahallesi","district_id":7786498}},{"type":"Feature","geometry":{"type":"Polygon","coordinates":[[[28.79842,40.98902],[28.79785,40.99281],[28.79823,40.99295],[28.79724,40.99728],[28.79691,40.99747],[28.79538,40.99562],[28.79407,40.99196],[28.79239,40.98918],[28.79455,40.98812],[28.79842,40.98902]]]},"properties":{"id":7786485,"name":"Beşyol Mahallesi","district_id":7786498}},{"type":"Feature","geometry":{"type":"Polygon","coordinates":[[[28.79779,41.00438],[28.79814,41.00366],[28.79681,40.9991],[28.79759,40.99802],[28.80044,40.9997],[28.80311,41.00051],[28.8062,41.00065],[28.8086,41.00018],[28.81157,40.99887],[28.81315,40.99749],[28.81521,40.99504],[28.81662,40.99423],[28.81888,40.99353],[28.81935,40.99441],[28.81621,40.99544],[28.81351,40.99931],[28.81173,41.00058],[28.81185,41.0024],[28.80941,41.00742],[28.80932,41.00835],[28.80814,41.00794],[28.80846,41.00598],[28.80448,41.00516],[28.80425,41.00553],[28.8003,41.00461],[28.79779,41.00438]]]},"properties":{"id":7786486,"name":"Kartaltepe Mahallesi","district_id":7786498}},{"type":"Feature","geometry":{"type":"Polygon","coordinates":[[[28.79779,41.00438],[28.79704,41.00541],[28.79393,41.00381],[28.78933,41.00278],[28.79009,41.00003],[28.79304,40.99919],[28.79681,40.9991],[28.79814,41.00366],[28.79779,41.00438]]]},"properties":{"id":7786487,"name":"Kemalpaşa Mahallesi","district_id":7786498}},{"type":"Feature","geometry":{"type":"Polygon","coordinates":[[[28.78517,41.00171],[28.78462,40.99941],[28.78604,40.9988],[28.78877,40.99868],[28.79009,41.00003],[28.78933,41.00278],[28.788,41.00246],[28.78767,41.00692],[28.78556,41.00707],[28.78556,41.00596],[28.78517,41.00171]]]},"properties":{"id":7786488,"name":"Sultan Murat Mahallesi","district_id":7786498}},{"type":"Feature","geometry":{"type":"Polygon","coordinates":[[[28.78517,41.00171],[28.78556,41.00596],[28.77561,41.00651],[28.77486,41.00713],[28.77343,41.00488],[28.77011,41.00278],[28.76818,41.00052],[28.76763,40.99902],[28.76761,40.99683],[28.76845,40.99477],[28.77118,40.99199],[28.77408,40.99526],[28.7802,40.99973],[28.78138,41.00035],[28.78517,41.00171]]]},"properties":{"id":7786489,"name":"Cumhuriyet Mahallesi","district_id":7786498}},{"type":"Feature","geometry":{"type":"Polygon","coordinates":[[[28.79226,41.01146],[28.79391,41.00992],[28.79704,41.00541],[28.79779,41.00438],[28.8003,41.00461],[28.80425,41.00553],[28.80448,41.00516],[28.80846,41.00598],[28.80814,41.00794],[28.80932,41.00835],[28.80917,41.01144],[28.80824,41.01506],[28.80612,41.01554],[28.80401,41.01556],[28.80394,41.01476],[28.80202,41.01453],[28.79881,41.01641],[28.79846,41.01709],[28.79485,41.01682],[28.79541,41.01537],[28.79192,41.01515],[28.79226,41.01146]]]},"properties":{"id":7786490,"name":"Tevfikbey Mahallesi","district_id":7786498}},{"type":"Feature","geometry":{"type":"Polygon","coordinates":[[[28.78556,41.00596],[28.78556,41.00707],[28.78603,41.00911],[28.78548,41.00924],[28.78622,41.01116],[28.78552,41.0133],[28.78674,41.01405],[28.78593,41.01521],[28.78308,41.01753],[28.78168,41.01902],[28.78116,41.01863],[28.77725,41.01705],[28.77361,41.0137],[28.77166,41.01271],[28.77107,41.01183],[28.76893,41.01316],[28.76766,41.01228],[28.76604,41.01204],[28.76679,41.01113],[28.76895,41.01104],[28.77164,41.00987],[28.77226,41.00843],[28.77275,41.00617],[28.77229,41.00545],[28.77343,41.00488],[28.77486,41.00713],[28.77561,41.00651],[28.78556,41.00596]]]},"properties":{"id":7786491,"name":"Kanarya Mahallesi","district_id":7786498}},{"type":"Feature","geometry":{"type":"Polygon","coordinates":[[[28.7836,41.02378],[28.78242,41.02217],[28.78168,41.01902],[28.78308,41.01753],[28.78593,41.01521],[28.78674,41.01405],[28.79226,41.01146],[28.79192,41.01515],[28.79185,41.0162],[28.79052,41.02648],[28.79049,41.02742],[28.79033,41.0292],[28.78723,41.02765],[28.7836,41.02378]]]},"properties":{"id":7786492,"name":"Söğütlü Çeşme Mahallesi","district_id":7786498}},{"type":"Feature","geometry":{"type":"Polygon","coordinates":[[[28.80839,41.02795],[28.80724,41.02863],[28.803,41.02844],[28.80031,41.02809],[28.79778,41.02837],[28.79771,41.02791],[28.79414,41.02771],[28.79412,41.02738],[28.79049,41.02742],[28.79052,41.02648],[28.79185,41.0162],[28.79192,41.01515],[28.79541,41.01537],[28.79485,41.01682],[28.79846,41.01709],[28.79881,41.01641],[28.80202,41.01453],[28.80394,41.01476],[28.80401,41.01556],[28.80612,41.01554],[28.80596,41.0169],[28.80668,41.01805],[28.80642,41.02039],[28.80692,41.0219],[28.80773,41.02238],[28.80853,41.02495],[28.8079,41.02628],[28.80839,41.02795]]]},"properties":{"id":7786493,"name":"İnönü Mahallesi","district_id":7786498}},{"type":"Feature","geometry":{"type":"Polygon","coordinates":[[[28.7836,41.02378],[28.78073,41.02437],[28.78027,41.02518],[28.77612,41.02801],[28.77797,41.03036],[28.77766,41.03189],[28.77853,41.03312],[28.7801,41.03386],[28.77609,41.0346],[28.77442,41.03412],[28.77084,41.03341],[28.76688,41.03447],[28.765,41.03554],[28.76221,41.03844],[28.76151,41.03738],[28.76298,41.03494],[28.76402,41.03249],[28.76444,41.03008],[28.76492,41.02506],[28.7647,41.02285],[28.76313,41.01815],[28.76271,41.01562],[28.76348,41.01107],[28.76679,41.01113],[28.76604,41.01204],[28.76766,41.01228],[28.76893,41.01316],[28.77107,41.01183],[28.77166,41.01271],[28.77361,41.0137],[28.77725,41.01705],[28.78116,41.01863],[28.78168,41.01902],[28.78242,41.02217],[28.7836,41.02378]]]},"properties":{"id":7786494,"name":"İstasyon Mahallesi","district_id":7786498}},{"type":"Feature","geometry":{"type":"Polygon","coordinates":[[[28.7836,41.02378],[28.78723,41.02765],[28.79033,41.0292],[28.79049,41.02742],[28.79412,41.02738],[28.79414,41.02771],[28.79771,41.02791],[28.79778,41.02837],[28.80031,41.02809],[28.803,41.02844],[28.80724,41.02863],[28.80839,41.02795],[28.81096,41.02717],[28.81075,41.03044],[28.81084,41.03566],[28.81066,41.0376],[28.80998,41.03989],[28.80839,41.04375],[28.80798,41.04579],[28.80581,41.0457],[28.80545,41.04531],[28.805,41.04397],[28.80132,41.04313],[28.79907,41.04318],[28.79908,41.04392],[28.79604,41.04394],[28.79609,41.04084],[28.79421,41.04027],[28.79395,41.03877],[28.79051,41.03796],[28.78813,41.03889],[28.7866,41.03907],[28.78663,41.04128],[28.78594,41.04397],[28.78456,41.04458],[28.78396,41.04384],[28.78237,41.04398],[28.78237,41.04302],[28.78367,41.04281],[28.78383,41.0407],[28.78227,41.03927],[28.78221,41.03871],[28.78409,41.03771],[28.78341,41.03662],[28.78086,41.03747],[28.78013,41.03883],[28.77863,41.03762],[28.77505,41.03723],[28.77434,41.03515],[28.77442,41.03412],[28.77609,41.0346],[28.7801,41.03386],[28.77853,41.03312],[28.77766,41.03189],[28.77797,41.03036],[28.77612,41.02801],[28.78027,41.02518],[28.78073,41.02437],[28.7836,41.02378]]]},"properties":{"id":7786495,"name":"Halkalı Merkez Mahallesi","district_id":7786498}},{"type":"Feature","geometry":{"type":"Polygon","coordinates":[[[28.75689,41.06109],[28.75228,41.06102],[28.74707,41.06182],[28.74464,41.06209],[28.74526,41.06085],[28.74527,41.05912],[28.74354,41.05844],[28.74217,41.05686],[28.74057,41.05251],[28.74029,41.05117],[28.74149,41.05191],[28.74285,41.05159],[28.74522,41.05346],[28.7466,41.05386],[28.74641,41.05102],[28.74683,41.04969],[28.74587,41.04656],[28.74648,41.04532],[28.75069,41.04362],[28.7514,41.04266],[28.75143,41.04128],[28.75372,41.03982],[28.75322,41.03714],[28.75196,41.03626],[28.75236,41.03487],[28.75192,41.03201],[28.75137,41.03139],[28.75054,41.02912],[28.75154,41.02804],[28.75148,41.02626],[28.75206,41.02555],[28.75169,41.02462],[28.75223,41.02187],[28.75369,41.01929],[28.75454,41.01657],[28.75397,41.01443],[28.75402,41.01232],[28.75571,41.01183],[28.75705,41.01189],[28.76117,41.01103],[28.76348,41.01107],[28.76271,41.01562],[28.76313,41.01815],[28.7647,41.02285],[28.76492,41.02506],[28.76444,41.03008],[28.76402,41.03249],[28.76298,41.03494],[28.76151,41.03738],[28.76221,41.03844],[28.75987,41.04098],[28.75912,41.04343],[28.75745,41.04739],[28.75688,41.04922],[28.75713,41.05129],[28.7568,41.0534],[28.75712,41.05678],[28.75759,41.05804],[28.75689,41.06109]]]},"properties":{"id":7786496,"name":"Yarımburgaz Mahallesi","district_id":7786498}},{"type":"Feature","geometry":{"type":"MultiPolygon","coordinates":[[[[28.75667,40.98203],[28.75677,40.97998],[28.75805,40.98043],[28.76227,40.98019],[28.76426,40.98156],[28.76721,40.98158],[28.76846,40.97983],[28.77288,40.97835],[28.77217,40.98066],[28.77145,40.98171],[28.77416,40.98178],[28.77513,40.98213],[28.77474,40.98381],[28.77266,40.98598],[28.77192,40.98802],[28.77054,40.98837],[28.76897,40.98788],[28.76638,40.98786],[28.7655,40.98719],[28.76458,40.98544],[28.76288,40.9846],[28.75743,40.98354],[28.7566,40.98315],[28.75667,40.98203]]],[[[28.77519,40.97736],[28.77484,40.97908],[28.77503,40.98058],[28.77571,40.98155],[28.77529,40.98404],[28.77349,40.98606],[28.77344,40.98652],[28.77268,40.98967],[28.77167,40.9915],[28.77118,40.99199],[28.76845,40.99477],[28.76761,40.99683],[28.76763,40.99902],[28.76818,41.00052],[28.77011,41.00278],[28.77343,41.00488],[28.77229,41.00545],[28.76721,41.00172],[28.76603,41.00036],[28.76353,41.00018],[28.76281,40.99877],[28.76161,40.99757],[28.76508,40.9947],[28.76567,40.992],[28.76746,40.99094],[28.77178,40.98919],[28.77294,40.98614],[28.77509,40.98404],[28.7756,40.9819],[28.77303,40.98096],[28.77311,40.97962],[28.77395,40.97826],[28.77519,40.97736]]]]},"properties":{"id":7786497,"name":"Fatih Mahallesi","district_id":7786498}},{"type":"Feature","geometry":{"type":"Polygon","coordinates":[[[28.78466,41.06328],[28.78161,41.06274],[28.77755,41.06231],[28.77221,41.06221],[28.76685,41.06243],[28.76206,41.06196],[28.75689,41.06109],[28.75759,41.05804],[28.75712,41.05678],[28.7568,41.0534],[28.75713,41.05129],[28.75688,41.04922],[28.75745,41.04739],[28.75912,41.04343],[28.75987,41.04098],[28.76221,41.03844],[28.765,41.03554],[28.76688,41.03447],[28.77084,41.03341],[28.77442,41.03412],[28.77434,41.03515],[28.77505,41.03723],[28.77863,41.03762],[28.78013,41.03883],[28.78086,41.03747],[28.78341,41.03662],[28.78409,41.03771],[28.78221,41.03871],[28.78227,41.03927],[28.78383,41.0407],[28.78367,41.04281],[28.78237,41.04302],[28.78237,41.04398],[28.78396,41.04384],[28.78456,41.04458],[28.78594,41.04397],[28.78663,41.04128],[28.7866,41.03907],[28.78813,41.03889],[28.79051,41.03796],[28.79395,41.03877],[28.79421,41.04027],[28.79609,41.04084],[28.79604,41.04394],[28.79908,41.04392],[28.79907,41.04318],[28.80132,41.04313],[28.805,41.04397],[28.80545,41.04531],[28.80094,41.04756],[28.79882,41.04829],[28.79707,41.04925],[28.7955,41.04956],[28.79359,41.0494],[28.7934,41.05147],[28.79287,41.05297],[28.79221,41.05676],[28.79034,41.05943],[28.78911,41.05992],[28.78621,41.05924],[28.78475,41.05917],[28.78466,41.06328]]]},"properties":{"id":7786499,"name":"Atakent Mahallesi","district_id":7786498}},{"type":"Feature","geometry":{"type":"Polygon","coordinates":[[[28.79617,41.06371],[28.79449,41.06397],[28.7904,41.06408],[28.78466,41.06328],[28.78475,41.05917],[28.78621,41.05924],[28.78911,41.05992],[28.79034,41.05943],[28.79221,41.05676],[28.79287,41.05297],[28.7934,41.05147],[28.79359,41.0494],[28.7955,41.04956],[28.79707,41.04925],[28.79882,41.04829],[28.80094,41.04756],[28.80545,41.04531],[28.80581,41.0457],[28.80798,41.04579],[28.80837,41.04975],[28.80593,41.05006],[28.80436,41.05078],[28.80292,41.05232],[28.80112,41.05321],[28.80097,41.0547],[28.79962,41.05547],[28.79855,41.06064],[28.7971,41.0613],[28.79617,41.06371]]]},"properties":{"id":7786500,"name":"Atatürk Mahallesi","district_id":7786498}},{"type":"Feature","geometry":{"type":"Polygon","coordinates":[[[28.79617,41.06371],[28.7971,41.0613],[28.79855,41.06064],[28.79962,41.05547],[28.80097,41.0547],[28.80112,41.05321],[28.80292,41.05232],[28.80436,41.05078],[28.80593,41.05006],[28.80837,41.04975],[28.81003,41.05528],[28.81163,41.06129],[28.80798,41.0613],[28.80507,41.06162],[28.79617,41.06371]]]},"properties":{"id":7786501,"name":"Mehmet Akif Mahallesi","district_id":7786498}},{"type":"Feature","geometry":{"type":"Polygon","coordinates":[[[28.90063,41.02069],[28.90095,41.01833],[28.90065,41.01728],[28.90233,41.01664],[28.90223,41.01457],[28.9002,41.01309],[28.89918,41.01101],[28.89916,41.01021],[28.89757,41.00838],[28.89823,41.0082],[28.904,41.0122],[28.91099,41.01655],[28.91472,41.01819],[28.92017,41.01937],[28.92441,41.01959],[28.92521,41.02081],[28.9293,41.02459],[28.92712,41.02613],[28.92401,41.02869],[28.92286,41.02608],[28.92177,41.02434],[28.9206,41.02437],[28.91996,41.02579],[28.91607,41.02948],[28.91488,41.03078],[28.91221,41.0323],[28.91058,41.03153],[28.90885,41.03166],[28.90838,41.03056],[28.9055,41.02968],[28.90262,41.02922],[28.90106,41.02823],[28.89912,41.02768],[28.89938,41.0237],[28.90063,41.02069]]]},"properties":{"id":7964540,"name":"Maltepe Mahallesi","district_id":1766109}},{"type":"Feature","geometry":{"type":"Polygon","coordinates":[[[28.9211,41.00609],[28.92148,41.00608],[28.92233,41.00826],[28.92234,41.01163],[28.92175,41.01332],[28.92218,41.01553],[28.92292,41.01733],[28.92441,41.01959],[28.92017,41.01937],[28.91472,41.01819],[28.91099,41.01655],[28.904,41.0122],[28.90489,41.01162],[28.90936,41.0098],[28.90963,41.00939],[28.91362,41.00863],[28.91537,41.00849],[28.91609,41.00939],[28.91898,41.00872],[28.91923,41.00782],[28.9211,41.00609]]]},"properties":{"id":7964551,"name":"Merkezefendi Mahallesi","district_id":1766109}},{"type":"Feature","geometry":{"type":"Polygon","coordinates":[[[28.89823,41.0082],[28.89595,41.00669],[28.89503,41.00503],[28.89301,41.0023],[28.89438,41.00175],[28.89609,41.00203],[28.89804,41.00295],[28.9024,41.00355],[28.90508,41.00403],[28.90768,41.00422],[28.91385,41.00489],[28.91752,41.00561],[28.9211,41.00609],[28.91923,41.00782],[28.91898,41.00872],[28.91609,41.00939],[28.91537,41.00849],[28.91362,41.00863],[28.90963,41.00939],[28.90936,41.0098],[28.90489,41.01162],[28.904,41.0122],[28.89823,41.0082]]]},"properties":{"id":7964967,"name":"Seyitnizam Mahallesi","district_id":1766109}},{"type":"Feature","geometry":{"type":"Polygon","coordinates":[[[28.911,40.99455],[28.91349,40.99502],[28.91515,40.99489],[28.91537,40.99725],[28.91597,41.00022],[28.91399,41.00128],[28.91322,41.0022],[28.91385,41.00489],[28.90768,41.00422],[28.90748,41.00221],[28.90778,41.0006],[28.90883,40.99962],[28.90899,40.99792],[28.91067,40.99586],[28.911,40.99455]]]},"properties":{"id":7965030,"name":"Telsiz Mahallesi","district_id":1766109}},{"type":"Feature","geometry":{"type":"Polygon","coordinates":[[[28.9024,41.00355],[28.90131,41.00192],[28.90155,41],[28.90388,40.99733],[28.90245,40.99563],[28.90304,40.99484],[28.90525,40.99417],[28.90827,40.99469],[28.911,40.99455],[28.91067,40.99586],[28.90899,40.99792],[28.90883,40.99962],[28.90778,41.0006],[28.90748,41.00221],[28.90768,41.00422],[28.90508,41.00403],[28.9024,41.00355]]]},"properties":{"id":7965031,"name":"Beştelsiz Mahallesi","district_id":1766109}},{"type":"Feature","geometry":{"type":"Polygon","coordinates":[[[28.89301,41.0023],[28.89184,40.99971],[28.8919,40.99832],[28.89251,40.99729],[28.89472,40.99801],[28.89557,40.99861],[28.89812,40.99894],[28.90119,40.99764],[28.90155,41],[28.90131,41.00192],[28.9024,41.00355],[28.89804,41.00295],[28.89609,41.00203],[28.89438,41.00175],[28.89301,41.0023]]]},"properties":{"id":7965032,"name":"Çırpıcı Mahallesi","district_id":1766109}},{"type":"Feature","geometry":{"type":"Polygon","coordinates":[[[28.89103,40.98003],[28.89133,40.98102],[28.89232,40.98123],[28.89705,40.97991],[28.89993,40.97895],[28.90301,40.97926],[28.90726,40.98098],[28.90836,40.98161],[28.90975,40.98309],[28.91178,40.98579],[28.91518,40.98718],[28.9174,40.98788],[28.91992,40.98792],[28.92008,40.9894],[28.92071,40.99053],[28.92246,40.99205],[28.92238,40.99332],[28.92143,40.99474],[28.92031,40.99981],[28.92028,41.00078],[28.92132,41.00503],[28.92148,41.00608],[28.9211,41.00609],[28.91752,41.00561],[28.91385,41.00489],[28.91322,41.0022],[28.91399,41.00128],[28.91597,41.00022],[28.91537,40.99725],[28.91515,40.99489],[28.91349,40.99502],[28.911,40.99455],[28.91214,40.99262],[28.91101,40.99201],[28.90945,40.99035],[28.90737,40.98783],[28.9044,40.98532],[28.90278,40.984],[28.90054,40.98297],[28.89788,40.98272],[28.88996,40.98259],[28.88991,40.98221],[28.89103,40.98003]]]},"properties":{"id":7965519,"name":"Kazlıçeşme Mahallesi","district_id":1766109}},{"type":"Feature","geometry":{"type":"Polygon","coordinates":[[[28.90371,40.99041],[28.90376,40.9899],[28.90442,40.98663],[28.9044,40.98532],[28.90737,40.98783],[28.90945,40.99035],[28.90806,40.99074],[28.90371,40.99041]]]},"properties":{"id":7965520,"name":"Yenidoğan Mahallesi","district_id":1766109}},{"type":"Feature","geometry":{"type":"Polygon","coordinates":[[[28.90304,40.99484],[28.90323,40.99123],[28.90371,40.99041],[28.90806,40.99074],[28.90945,40.99035],[28.91101,40.99201],[28.91214,40.99262],[28.911,40.99455],[28.90827,40.99469],[28.90525,40.99417],[28.90304,40.99484]]]},"properties":{"id":7965521,"name":"Gökalp Mahallesi","district_id":1766109}},{"type":"Feature","geometry":{"type":"Polygon","coordinates":[[[28.9044,40.98532],[28.90442,40.98663],[28.90376,40.9899],[28.90076,40.98968],[28.89934,40.99054],[28.89828,40.98691],[28.89788,40.98272],[28.90054,40.98297],[28.90278,40.984],[28.9044,40.98532]]]},"properties":{"id":7965522,"name":"Nuripaşa Mahallesi","district_id":1766109}},{"type":"Feature","geometry":{"type":"Polygon","coordinates":[[[28.90304,40.99484],[28.90169,40.99446],[28.89729,40.99379],[28.89677,40.99254],[28.89934,40.99054],[28.90076,40.98968],[28.90376,40.9899],[28.90371,40.99041],[28.90323,40.99123],[28.90304,40.99484]]]},"properties":{"id":7965523,"name":"Yeşiltepe Mahallesi","district_id":1766109}},{"type":"Feature","geometry":{"type":"Polygon","coordinates":[[[28.89788,40.98272],[28.89828,40.98691],[28.89934,40.99054],[28.89677,40.99254],[28.89729,40.99379],[28.89286,40.99333],[28.89166,40.9906],[28.89185,40.98899],[28.89097,40.9837],[28.88996,40.98259],[28.89788,40.98272]]]},"properties":{"id":7965524,"name":"Sümer Mahallesi","district_id":1766109}},{"type":"Feature","geometry":{"type":"Polygon","coordinates":[[[28.90304,40.99484],[28.90245,40.99563],[28.90388,40.99733],[28.90155,41],[28.90119,40.99764],[28.89812,40.99894],[28.89557,40.99861],[28.89472,40.99801],[28.89251,40.99729],[28.89421,40.99557],[28.89286,40.99333],[28.89729,40.99379],[28.90169,40.99446],[28.90304,40.99484]]]},"properties":{"id":7965525,"name":"Veliefendi Mahallesi","district_id":1766109}},{"type":"Feature","geometry":{"type":"Polygon","coordinates":[[[28.97482,41.02618],[28.97394,41.02586],[28.97186,41.0277],[28.97164,41.02763],[28.97189,41.02493],[28.97253,41.02432],[28.97516,41.02349],[28.97482,41.02618]]]},"properties":{"id":7968240,"name":"Bereketzade Mahallesi","district_id":1765892}},{"type":"Feature","geometry":{"type":"Polygon","coordinates":[[[28.96863,41.02594],[28.96989,41.02442],[28.97189,41.02493],[28.97164,41.02763],[28.96884,41.02671],[28.96863,41.02594]]]},"properties":{"id":7968241,"name":"Emekyemez Mahallesi","district_id":1765892}},{"type":"Feature","geometry":{"type":"Polygon","coordinates":[[[28.97502,41.02264],[28.97447,41.02181],[28.97516,41.02155],[28.97787,41.02223],[28.98228,41.02516],[28.98078,41.02705],[28.97793,41.02469],[28.97502,41.02264]]]},"properties":{"id":7968242,"name":"Kemankeş Karamustafa Paşa Mahallesi","district_id":1765892}},{"type":"Feature","geometry":{"type":"Polygon","coordinates":[[[28.97502,41.02264],[28.97516,41.02349],[28.97253,41.02432],[28.97189,41.02493],[28.96989,41.02442],[28.96863,41.02594],[28.96722,41.02514],[28.96752,41.02446],[28.9699,41.02236],[28.97282,41.0217],[28.97447,41.02181],[28.97502,41.02264]]]},"properties":{"id":7968243,"name":"Arap Cami Mahallesi","district_id":1765892}},{"type":"Feature","geometry":{"type":"Polygon","coordinates":[[[28.97566,41.02703],[28.97652,41.02804],[28.97736,41.02804],[28.97532,41.02957],[28.97451,41.02852],[28.97319,41.02856],[28.97186,41.0277],[28.97394,41.02586],[28.97482,41.02618],[28.97566,41.02703]]]},"properties":{"id":7980653,"name":"Şahkulu Mahallesi","district_id":1765892}},{"type":"Feature","geometry":{"type":"Polygon","coordinates":[[[28.98043,41.02761],[28.97988,41.02857],[28.97736,41.02804],[28.97652,41.02804],[28.97566,41.02703],[28.97705,41.02607],[28.97793,41.02469],[28.98078,41.02705],[28.98043,41.02761]]]},"properties":{"id":7980654,"name":"Hacımimi Mahallesi","district_id":1765892}},{"type":"Feature","geometry":{"type":"Polygon","coordinates":[[[28.97482,41.02618],[28.97516,41.02349],[28.97502,41.02264],[28.97793,41.02469],[28.97705,41.02607],[28.97566,41.02703],[28.97482,41.02618]]]},"properties":{"id":7980655,"name":"Müeyyedzade Mahallesi","district_id":1765892}},{"type":"Feature","geometry":{"type":"Polygon","coordinates":[[[28.98527,41.03061],[28.98292,41.03168],[28.98259,41.03122],[28.98153,41.0281],[28.98043,41.02761],[28.98078,41.02705],[28.98228,41.02516],[28.98856,41.02812],[28.98812,41.02893],[28.98654,41.02883],[28.98527,41.03061]]]},"properties":{"id":7980975,"name":"Kılıçali Paşa Mahallesi","district_id":1765892}},{"type":"Feature","geometry":{"type":"Polygon","coordinates":[[[28.98259,41.03122],[28.98075,41.0323],[28.97856,41.03174],[28.97988,41.02857],[28.98043,41.02761],[28.98153,41.0281],[28.98259,41.03122]]]},"properties":{"id":7980976,"name":"Firuzağa Mahallesi","district_id":1765892}},{"type":"Feature","geometry":{"type":"Polygon","coordinates":[[[28.97988,41.02857],[28.97856,41.03174],[28.97719,41.03347],[28.97678,41.03324],[28.97532,41.02957],[28.97736,41.02804],[28.97988,41.02857]]]},"properties":{"id":7980977,"name":"Tomtom Mahallesi","district_id":1765892}},{"type":"Feature","geometry":{"type":"Polygon","coordinates":[[[28.9773,41.03352],[28.97672,41.03398],[28.97519,41.03324],[28.97501,41.03197],[28.97389,41.03115],[28.97296,41.02945],[28.97319,41.02856],[28.97451,41.02852],[28.97532,41.02957],[28.97678,41.03324],[28.97719,41.03347],[28.9773,41.03352]]]},"properties":{"id":7980978,"name":"Asmalı Mescit Mahallesi","district_id":1765892}},{"type":"Feature","geometry":{"type":"Polygon","coordinates":[[[28.97186,41.0277],[28.97319,41.02856],[28.97296,41.02945],[28.97389,41.03115],[28.97501,41.03197],[28.97519,41.03324],[28.9745,41.0335],[28.97311,41.03119],[28.97235,41.03084],[28.97159,41.03006],[28.97186,41.0277]]]},"properties":{"id":7980979,"name":"Evliya Çelebi Mahallesi","district_id":1765892}},{"type":"Feature","geometry":{"type":"Polygon","coordinates":[[[28.96608,41.03077],[28.96698,41.02952],[28.96607,41.02799],[28.96722,41.02514],[28.96863,41.02594],[28.96884,41.02671],[28.97164,41.02763],[28.97186,41.0277],[28.97159,41.03006],[28.97235,41.03084],[28.97021,41.03105],[28.96874,41.03263],[28.96608,41.03077]]]},"properties":{"id":7980980,"name":"Bedrettin Mahallesi","district_id":1765892}},{"type":"Feature","geometry":{"type":"Polygon","coordinates":[[[28.98061,41.03486],[28.98179,41.03323],[28.98347,41.0325],[28.9845,41.03391],[28.98476,41.03571],[28.98436,41.03625],[28.98061,41.03486]]]},"properties":{"id":7982393,"name":"Katip Mustafa Çelebi Mahallesi","district_id":1765892}},{"type":"Feature","geometry":{"type":"Polygon","coordinates":[[[28.98476,41.03571],[28.9845,41.03391],[28.98347,41.0325],[28.98292,41.03168],[28.98527,41.03061],[28.98606,41.03214],[28.98804,41.03269],[28.9861,41.03521],[28.98476,41.03571]]]},"properties":{"id":7982394,"name":"Cihangir Mahallesi","district_id":1765892}},{"type":"Feature","geometry":{"type":"Polygon","coordinates":[[[28.98804,41.03269],[28.98958,41.03352],[28.99083,41.03534],[28.98938,41.03603],[28.9908,41.03691],[28.993,41.03746],[28.99329,41.03896],[28.99288,41.03919],[28.99107,41.03927],[28.98975,41.04024],[28.98648,41.04068],[28.98551,41.03819],[28.98388,41.03758],[28.98436,41.03625],[28.98476,41.03571],[28.9861,41.03521],[28.98804,41.03269]]]},"properties":{"id":7982395,"name":"Gümüşsuyu Mahallesi","district_id":1765892}},{"type":"Feature","geometry":{"type":"Polygon","coordinates":[[[28.99578,41.03677],[28.99329,41.03896],[28.993,41.03746],[28.9908,41.03691],[28.98938,41.03603],[28.99083,41.03534],[28.98958,41.03352],[28.98804,41.03269],[28.99011,41.03102],[28.9934,41.03287],[28.99394,41.03346],[28.9938,41.035],[28.99578,41.03677]]]},"properties":{"id":7982396,"name":"Ömer Avni Mahallesi","district_id":1765892}},{"type":"Feature","geometry":{"type":"Polygon","coordinates":[[[28.99011,41.03102],[28.98804,41.03269],[28.98606,41.03214],[28.98527,41.03061],[28.98654,41.02883],[28.98812,41.02893],[28.9887,41.02879],[28.99011,41.03102]]]},"properties":{"id":7982397,"name":"Pürtelaş Hasan Efendi Mahallesi","district_id":1765892}},{"type":"Feature","geometry":{"type":"Polygon","coordinates":[[[28.97997,41.04136],[28.98081,41.04216],[28.97775,41.04437],[28.97716,41.04419],[28.97614,41.04306],[28.97644,41.04171],[28.97748,41.04124],[28.97768,41.04016],[28.97997,41.04136]]]},"properties":{"id":7982471,"name":"Yenişehir Mahallesi","district_id":1765892}},{"type":"Feature","geometry":{"type":"Polygon","coordinates":[[[28.97457,41.03815],[28.97501,41.03734],[28.97665,41.03783],[28.97834,41.03885],[28.97768,41.04016],[28.9751,41.03938],[28.97409,41.03878],[28.97457,41.03815]]]},"properties":{"id":7982472,"name":"Bostan Mahallesi","district_id":1765892}},{"type":"Feature","geometry":{"type":"Polygon","coordinates":[[[28.97403,41.03638],[28.97575,41.0355],[28.97733,41.03582],[28.97665,41.03783],[28.97501,41.03734],[28.97457,41.03815],[28.97403,41.03638]]]},"properties":{"id":7982473,"name":"Kalyoncu Kulluğu Mahallesi","district_id":1765892}},{"type":"Feature","geometry":{"type":"Polygon","coordinates":[[[28.97733,41.03582],[28.9798,41.03642],[28.97942,41.03716],[28.97834,41.03885],[28.97665,41.03783],[28.97733,41.03582]]]},"properties":{"id":7982474,"name":"Çukur Mahallesi","district_id":1765892}},{"type":"Feature","geometry":{"type":"Polygon","coordinates":[[[28.97834,41.03885],[28.97942,41.03716],[28.98243,41.03839],[28.98152,41.03902],[28.97997,41.04136],[28.97768,41.04016],[28.97834,41.03885]]]},"properties":{"id":7982475,"name":"Bülbül Mahallesi","district_id":1765892}},{"type":"Feature","geometry":{"type":"Polygon","coordinates":[[[28.98388,41.03758],[28.98551,41.03819],[28.98648,41.04068],[28.98285,41.04177],[28.98202,41.04095],[28.98081,41.04216],[28.97997,41.04136],[28.98152,41.03902],[28.98243,41.03839],[28.98388,41.03758]]]},"properties":{"id":7982476,"name":"Kocatepe Mahallesi","district_id":1765892}},{"type":"Feature","geometry":{"type":"Polygon","coordinates":[[[28.9798,41.03642],[28.98061,41.03486],[28.98436,41.03625],[28.98388,41.03758],[28.98243,41.03839],[28.97942,41.03716],[28.9798,41.03642]]]},"properties":{"id":7982477,"name":"Şehit Muhtar Mahallesi","district_id":1765892}},{"type":"Feature","geometry":{"type":"Polygon","coordinates":[[[28.98061,41.03486],[28.9798,41.03642],[28.97733,41.03582],[28.97637,41.03445],[28.97672,41.03398],[28.9773,41.03352],[28.98061,41.03486]]]},"properties":{"id":7982478,"name":"Hüseyinağa Mahallesi","district_id":1765892}},{"type":"Feature","geometry":{"type":"Polygon","coordinates":[[[28.97733,41.03582],[28.97575,41.0355],[28.97403,41.03638],[28.97327,41.03518],[28.97424,41.03479],[28.97451,41.03368],[28.9745,41.0335],[28.97519,41.03324],[28.97672,41.03398],[28.97637,41.03445],[28.97733,41.03582]]]},"properties":{"id":7982479,"name":"Kamer Hatun Mahallesi","district_id":1765892}},{"type":"Feature","geometry":{"type":"Polygon","coordinates":[[[28.97327,41.03518],[28.97011,41.03506],[28.96986,41.03459],[28.96874,41.03263],[28.97119,41.03273],[28.97322,41.0338],[28.97451,41.03368],[28.97424,41.03479],[28.97327,41.03518]]]},"properties":{"id":7982480,"name":"Yahya Kahya Mahallesi","district_id":1765892}},{"type":"Feature","geometry":{"type":"Polygon","coordinates":[[[28.97235,41.03084],[28.97311,41.03119],[28.9745,41.0335],[28.97451,41.03368],[28.97322,41.0338],[28.97119,41.03273],[28.96874,41.03263],[28.97021,41.03105],[28.97235,41.03084]]]},"properties":{"id":7982481,"name":"Çatma Mescit Mahallesi","district_id":1765892}},{"type":"Feature","geometry":{"type":"Polygon","coordinates":[[[28.9773,41.03352],[28.97719,41.03347],[28.97856,41.03174],[28.98075,41.0323],[28.98259,41.03122],[28.98292,41.03168],[28.98347,41.0325],[28.98179,41.03323],[28.98061,41.03486],[28.9773,41.03352]]]},"properties":{"id":7982482,"name":"Kuloğlu Mahallesi","district_id":1765892}},{"type":"Feature","geometry":{"type":"Polygon","coordinates":[[[28.96082,41.03513],[28.96232,41.03418],[28.96281,41.03301],[28.96514,41.03181],[28.96567,41.03234],[28.96588,41.03423],[28.96638,41.03542],[28.96531,41.03539],[28.96442,41.03641],[28.96234,41.03548],[28.96082,41.03513]]]},"properties":{"id":8040974,"name":"Kadı Mehmet Efendi Mahallesi","district_id":1765892}},{"type":"Feature","geometry":{"type":"Polygon","coordinates":[[[28.96588,41.03423],[28.96567,41.03234],[28.96514,41.03181],[28.96281,41.03301],[28.96232,41.03418],[28.96082,41.03513],[28.95939,41.03561],[28.95848,41.03523],[28.95737,41.03715],[28.95632,41.0386],[28.95526,41.03909],[28.95347,41.03863],[28.95185,41.03777],[28.9505,41.03796],[28.95117,41.03754],[28.95228,41.03575],[28.95241,41.03489],[28.95571,41.03383],[28.96014,41.03387],[28.96271,41.03231],[28.96483,41.03071],[28.96608,41.03077],[28.96874,41.03263],[28.96986,41.03459],[28.96861,41.03547],[28.96782,41.03449],[28.96588,41.03423]]]},"properties":{"id":8040975,"name":"Camiikebir Mahallesi","district_id":1765892}},{"type":"Feature","geometry":{"type":"Polygon","coordinates":[[[28.96638,41.03542],[28.96588,41.03423],[28.96782,41.03449],[28.96861,41.03547],[28.96986,41.03459],[28.97011,41.03506],[28.97115,41.03818],[28.96912,41.03812],[28.9673,41.03913],[28.96547,41.03893],[28.96359,41.03809],[28.96424,41.03779],[28.96638,41.03542]]]},"properties":{"id":8040976,"name":"Küçük Piyale Mahallesi","district_id":1765892}},{"type":"Feature","geometry":{"type":"Polygon","coordinates":[[[28.96802,41.04534],[28.96704,41.04225],[28.96688,41.04033],[28.9673,41.03913],[28.96912,41.03812],[28.97115,41.03818],[28.97148,41.03833],[28.97091,41.03904],[28.97133,41.04052],[28.97147,41.04477],[28.97101,41.04482],[28.96807,41.04557],[28.96802,41.04534]]]},"properties":{"id":8040977,"name":"İstiklal Mahallesi","district_id":1765892}},{"type":"Feature","geometry":{"type":"Polygon","coordinates":[[[28.97591,41.04567],[28.97384,41.04602],[28.97147,41.04477],[28.97133,41.04052],[28.97091,41.03904],[28.97148,41.03833],[28.97409,41.03878],[28.9751,41.03938],[28.97768,41.04016],[28.97748,41.04124],[28.97644,41.04171],[28.97614,41.04306],[28.97716,41.04419],[28.97591,41.04567]]]},"properties":{"id":8040978,"name":"Hacıahmet Mahallesi","district_id":1765892}},{"type":"Feature","geometry":{"type":"Polygon","coordinates":[[[28.97403,41.03638],[28.97457,41.03815],[28.97409,41.03878],[28.97148,41.03833],[28.97115,41.03818],[28.97011,41.03506],[28.97327,41.03518],[28.97403,41.03638]]]},"properties":{"id":8040979,"name":"Sururi Mehmet Efendi Mahallesi","district_id":1765892}},{"type":"Feature","geometry":{"type":"Polygon","coordinates":[[[28.95964,41.043],[28.96056,41.0418],[28.96199,41.03915],[28.96359,41.03809],[28.96547,41.03893],[28.9673,41.03913],[28.96688,41.04033],[28.96704,41.04225],[28.96802,41.04534],[28.96614,41.04518],[28.96252,41.04528],[28.96027,41.0448],[28.95893,41.04404],[28.95964,41.043]]]},"properties":{"id":8041035,"name":"Kaptanpaşa Mahallesi","district_id":1765892}},{"type":"Feature","geometry":{"type":"Polygon","coordinates":[[[28.95581,41.04309],[28.95419,41.04305],[28.95206,41.0417],[28.95151,41.04086],[28.94966,41.03987],[28.9505,41.03796],[28.95185,41.03777],[28.95347,41.03863],[28.95526,41.03909],[28.95632,41.0386],[28.95737,41.03715],[28.95937,41.04014],[28.96016,41.04086],[28.95915,41.04215],[28.95964,41.043],[28.95893,41.04404],[28.95677,41.04369],[28.95581,41.04309]]]},"properties":{"id":8041036,"name":"Keçeci Piri Mahallesi","district_id":1765892}},{"type":"Feature","geometry":{"type":"Polygon","coordinates":[[[28.96082,41.03513],[28.96234,41.03548],[28.96442,41.03641],[28.96531,41.03539],[28.96638,41.03542],[28.96424,41.03779],[28.96359,41.03809],[28.96199,41.03915],[28.96056,41.0418],[28.95964,41.043],[28.95915,41.04215],[28.96016,41.04086],[28.95937,41.04014],[28.95737,41.03715],[28.95848,41.03523],[28.95939,41.03561],[28.96082,41.03513]]]},"properties":{"id":8041037,"name":"Kulaksız Mahallesi","district_id":1765892}},{"type":"Feature","geometry":{"type":"Polygon","coordinates":[[[28.95166,41.05209],[28.94989,41.05288],[28.95052,41.05547],[28.94805,41.05635],[28.94742,41.05537],[28.94355,41.0542],[28.94027,41.05254],[28.93936,41.05146],[28.93901,41.04933],[28.94154,41.04549],[28.94291,41.04477],[28.94558,41.04809],[28.9481,41.05015],[28.95166,41.05209]]]},"properties":{"id":8041154,"name":"Sütlüce Mahallesi","district_id":1765892}},{"type":"Feature","geometry":{"type":"Polygon","coordinates":[[[28.95166,41.05209],[28.9481,41.05015],[28.94558,41.04809],[28.94291,41.04477],[28.94418,41.04433],[28.9454,41.04561],[28.9462,41.0453],[28.94873,41.04611],[28.94938,41.04571],[28.952,41.04815],[28.95487,41.05018],[28.95551,41.05179],[28.95517,41.05293],[28.95486,41.05337],[28.95166,41.05209]]]},"properties":{"id":8041155,"name":"Halıcıoğlu Mahallesi","district_id":1765892}},{"type":"Feature","geometry":{"type":"Polygon","coordinates":[[[28.95551,41.05179],[28.95487,41.05018],[28.952,41.04815],[28.94938,41.04571],[28.94873,41.04611],[28.9462,41.0453],[28.9454,41.04561],[28.94418,41.04433],[28.94678,41.04307],[28.94792,41.04156],[28.94966,41.03987],[28.95151,41.04086],[28.95206,41.0417],[28.95419,41.04305],[28.95581,41.04309],[28.9554,41.04478],[28.95328,41.04596],[28.95489,41.04812],[28.9557,41.05009],[28.95646,41.05107],[28.95551,41.05179]]]},"properties":{"id":8041156,"name":"Piri Paşa Mahallesi","district_id":1765892}},{"type":"Feature","geometry":{"type":"Polygon","coordinates":[[[28.95166,41.05209],[28.95486,41.05337],[28.95517,41.05293],[28.95736,41.05344],[28.95526,41.05401],[28.95576,41.0557],[28.95534,41.05638],[28.95507,41.05852],[28.95084,41.0616],[28.94949,41.06305],[28.94844,41.06443],[28.94736,41.06277],[28.94742,41.06074],[28.9482,41.05914],[28.94845,41.05717],[28.94805,41.05635],[28.95052,41.05547],[28.94989,41.05288],[28.95166,41.05209]]]},"properties":{"id":8041157,"name":"Örnektepe Mahallesi","district_id":1765892}},{"type":"Feature","geometry":{"type":"Polygon","coordinates":[[[28.95893,41.04404],[28.95831,41.04697],[28.95837,41.04843],[28.9593,41.0504],[28.95923,41.05306],[28.95736,41.05344],[28.95517,41.05293],[28.95551,41.05179],[28.95646,41.05107],[28.9557,41.05009],[28.95489,41.04812],[28.95328,41.04596],[28.9554,41.04478],[28.95581,41.04309],[28.95677,41.04369],[28.95893,41.04404]]]},"properties":{"id":8041158,"name":"Fetihtepe Mahallesi","district_id":1765892}},{"type":"Feature","geometry":{"type":"Polygon","coordinates":[[[28.95893,41.04404],[28.96027,41.0448],[28.96252,41.04528],[28.96614,41.04518],[28.96802,41.04534],[28.96807,41.04557],[28.96801,41.0477],[28.96703,41.04787],[28.96547,41.04898],[28.9641,41.0505],[28.96271,41.05092],[28.96236,41.0528],[28.96171,41.05337],[28.95923,41.05306],[28.9593,41.0504],[28.95837,41.04843],[28.95831,41.04697],[28.95893,41.04404]]]},"properties":{"id":8041159,"name":"Piyalepaşa Mahallesi","district_id":1765892}},{"type":"Feature","geometry":{"type":"Polygon","coordinates":[[[28.97365,41.01157],[28.97287,41.01322],[28.97113,41.01463],[28.97025,41.01467],[28.9701,41.01392],[28.97041,41.01167],[28.97365,41.01157]]]},"properties":{"id":8111527,"name":"Sururi Mahallesi","district_id":1766104}},{"type":"Feature","geometry":{"type":"Polygon","coordinates":[[[29.29088,40.94728],[29.29015,40.94758],[29.29279,40.94993],[29.29441,40.9511],[29.29667,40.9522],[29.29741,40.95353],[29.29331,40.95549],[29.28852,40.95813],[29.28245,40.96054],[29.28064,40.9568],[29.27938,40.95503],[29.28066,40.95252],[29.28243,40.95133],[29.28221,40.95038],[29.28357,40.9481],[29.2845,40.94775],[29.29088,40.94728]]]},"properties":{"id":8320926,"name":"Hamidiye Mahallesi","district_id":1276012}},{"type":"Feature","geometry":{"type":"Polygon","coordinates":[[[29.35863,40.8417],[29.36161,40.84912],[29.36215,40.85079],[29.36417,40.85305],[29.36808,40.85585],[29.36609,40.85597],[29.36589,40.85678],[29.36441,40.85909],[29.36666,40.85927],[29.36724,40.86254],[29.36953,40.86411],[29.37119,40.86387],[29.37285,40.86535],[29.37311,40.86669],[29.37464,40.86832],[29.37526,40.8685],[29.37931,40.87228],[29.38229,40.87307],[29.39061,40.87493],[29.39645,40.87635],[29.39974,40.8778],[29.40126,40.87908],[29.40186,40.88002],[29.40236,40.88219],[29.40223,40.88469],[29.40278,40.88534],[29.40261,40.88666],[29.39965,40.89025],[29.39757,40.89128],[29.39622,40.89002],[29.39294,40.88839],[29.39139,40.88796],[29.39038,40.88691],[29.38773,40.88729],[29.38647,40.88708],[29.38311,40.88539],[29.38077,40.88401],[29.37906,40.88257],[29.37772,40.88138],[29.37203,40.87904],[29.37142,40.87807],[29.36973,40.87746],[29.36824,40.87532],[29.36653,40.87613],[29.36529,40.87497],[29.36247,40.87375],[29.35815,40.87462],[29.3561,40.87712],[29.35518,40.87675],[29.35462,40.87532],[29.35326,40.87604],[29.35174,40.87796],[29.35064,40.87744],[29.34834,40.87878],[29.34849,40.87972],[29.3478,40.88127],[29.34517,40.8808],[29.34337,40.88283],[29.34392,40.88447],[29.3434,40.8854],[29.33918,40.8873],[29.33832,40.88858],[29.33641,40.88904],[29.33556,40.89053],[29.33246,40.89097],[29.32943,40.89217],[29.3283,40.89171],[29.32793,40.89032],[29.32653,40.88891],[29.32539,40.88689],[29.32124,40.88398],[29.31931,40.88199],[29.31775,40.88164],[29.31547,40.87952],[29.31361,40.87823],[29.31003,40.87682],[29.30655,40.87678],[29.30727,40.87555],[29.30895,40.87559],[29.30928,40.87494],[29.312,40.87434],[29.31265,40.87276],[29.31223,40.87141],[29.31214,40.86856],[29.31492,40.8659],[29.31518,40.86375],[29.31212,40.86215],[29.31318,40.86068],[29.31442,40.85964],[29.31871,40.86066],[29.31983,40.86035],[29.32243,40.86089],[29.31661,40.85529],[29.31112,40.85216],[29.3141,40.85113],[29.31291,40.84974],[29.30968,40.84886],[29.30932,40.8475],[29.30738,40.84394],[29.31188,40.84192],[29.32279,40.8369],[29.32444,40.83616],[29.32605,40.83628],[29.32815,40.83578],[29.32924,40.83422],[29.33251,40.8326],[29.3439,40.82744],[29.34441,40.82737],[29.34711,40.82774],[29.34887,40.82765],[29.34849,40.83023],[29.35008,40.83072],[29.35072,40.83005],[29.35261,40.83139],[29.3557,40.83602],[29.35644,40.83954],[29.35863,40.8417]]]},"properties":{"id":8766077,"name":"Aydınlı Mahallesi","district_id":1276010}},{"type":"Feature","geometry":{"type":"Polygon","coordinates":[[[29.3281,40.90903],[29.32794,40.90898],[29.32933,40.9016],[29.3266,40.89997],[29.32664,40.89822],[29.32915,40.89613],[29.32827,40.89354],[29.3283,40.89171],[29.32943,40.89217],[29.33246,40.89097],[29.33556,40.89053],[29.33641,40.88904],[29.33832,40.88858],[29.33918,40.8873],[29.3434,40.8854],[29.34392,40.88447],[29.34337,40.88283],[29.34517,40.8808],[29.35028,40.88447],[29.35234,40.88695],[29.35447,40.8918],[29.35493,40.89401],[29.35571,40.89545],[29.3559,40.89666],[29.34788,40.90228],[29.33982,40.90675],[29.33803,40.90736],[29.3345,40.90768],[29.33321,40.90642],[29.33,40.90618],[29.3281,40.90903]]]},"properties":{"id":8766082,"name":"Mescit Mahallesi","district_id":1276010}},{"type":"Feature","geometry":{"type":"Polygon","coordinates":[[[29.3281,40.90903],[29.33,40.90618],[29.33321,40.90642],[29.3345,40.90768],[29.33803,40.90736],[29.33982,40.90675],[29.34788,40.90228],[29.3559,40.89666],[29.35571,40.89545],[29.35493,40.89401],[29.35447,40.8918],[29.35234,40.88695],[29.35028,40.88447],[29.34517,40.8808],[29.3478,40.88127],[29.34849,40.87972],[29.34834,40.87878],[29.35064,40.87744],[29.35174,40.87796],[29.35326,40.87604],[29.35462,40.87532],[29.35518,40.87675],[29.3561,40.87712],[29.35815,40.87462],[29.36247,40.87375],[29.36529,40.87497],[29.36653,40.87613],[29.36824,40.87532],[29.36973,40.87746],[29.37142,40.87807],[29.37203,40.87904],[29.37772,40.88138],[29.37906,40.88257],[29.3754,40.88624],[29.37302,40.88928],[29.37056,40.89343],[29.36873,40.8978],[29.36717,40.90069],[29.36562,40.90286],[29.36318,40.90559],[29.35981,40.90857],[29.3573,40.91113],[29.3547,40.91453],[29.35206,40.91442],[29.34997,40.91519],[29.34709,40.91589],[29.34414,40.91614],[29.34173,40.91607],[29.34222,40.91988],[29.34102,40.92134],[29.3396,40.92225],[29.33834,40.92388],[29.33725,40.92385],[29.33667,40.91922],[29.33512,40.91608],[29.33582,40.91386],[29.33482,40.9118],[29.33279,40.91058],[29.33039,40.91045],[29.32973,40.90953],[29.3281,40.90903]]]},"properties":{"id":8766277,"name":"Orhanlı Mahallesi","district_id":1276010}},{"type":"Feature","geometry":{"type":"Polygon","coordinates":[[[29.36717,40.90069],[29.37333,40.90185],[29.37472,40.90244],[29.3774,40.90414],[29.37598,40.90539],[29.37647,40.90706],[29.3771,40.90721],[29.37552,40.90915],[29.37222,40.91045],[29.37042,40.91071],[29.36986,40.90996],[29.36715,40.90932],[29.36682,40.91],[29.35946,40.91053],[29.35962,40.91228],[29.35933,40.91443],[29.35967,40.91677],[29.35674,40.91719],[29.35698,40.91988],[29.35533,40.9223],[29.35512,40.91721],[29.3547,40.91453],[29.3573,40.91113],[29.35981,40.90857],[29.36318,40.90559],[29.36562,40.90286],[29.36717,40.90069]]]},"properties":{"id":8766278,"name":"Anadolu Mahallesi","district_id":1276010}},{"type":"Feature","geometry":{"type":"Polygon","coordinates":[[[29.35567,40.93511],[29.35022,40.93389],[29.34668,40.93396],[29.34253,40.93318],[29.33662,40.93109],[29.33746,40.93008],[29.33749,40.92802],[29.33858,40.92634],[29.33725,40.92385],[29.33834,40.92388],[29.3396,40.92225],[29.34102,40.92134],[29.34222,40.91988],[29.34173,40.91607],[29.34414,40.91614],[29.34709,40.91589],[29.34997,40.91519],[29.35206,40.91442],[29.3547,40.91453],[29.35512,40.91721],[29.35533,40.9223],[29.35484,40.92327],[29.35617,40.92686],[29.35525,40.92953],[29.35594,40.93339],[29.35567,40.93511]]]},"properties":{"id":8766279,"name":"Fatih Mahallesi","district_id":1276010}},{"type":"Feature","geometry":{"type":"Polygon","coordinates":[[[29.40126,40.87908],[29.40357,40.87979],[29.40693,40.88007],[29.40797,40.87957],[29.40993,40.87979],[29.4137,40.8791],[29.41402,40.87948],[29.41329,40.88114],[29.41384,40.88253],[29.41355,40.88649],[29.41543,40.88912],[29.41541,40.89309],[29.41503,40.89537],[29.41575,40.8973],[29.41662,40.89828],[29.41869,40.89846],[29.42201,40.89922],[29.43453,40.89923],[29.4367,40.89963],[29.43828,40.89961],[29.44213,40.90048],[29.445,40.90242],[29.44505,40.90317],[29.44686,40.90549],[29.448,40.90607],[29.44957,40.90614],[29.45343,40.90919],[29.45646,40.9126],[29.45527,40.91298],[29.45407,40.91522],[29.45211,40.91729],[29.45133,40.91612],[29.44783,40.91563],[29.44692,40.91676],[29.44374,40.91613],[29.44307,40.91535],[29.43793,40.91484],[29.43443,40.91353],[29.43344,40.91353],[29.43078,40.91097],[29.4278,40.91168],[29.42559,40.9114],[29.42301,40.91072],[29.41997,40.91075],[29.41862,40.91162],[29.41661,40.91243],[29.41151,40.91405],[29.40816,40.91655],[29.40648,40.91961],[29.40396,40.92104],[29.40312,40.92251],[29.40286,40.92417],[29.40133,40.92547],[29.40045,40.92701],[29.39886,40.92831],[29.39828,40.93032],[29.39559,40.9324],[29.39385,40.93621],[29.39341,40.93662],[29.39357,40.93861],[29.39227,40.94115],[29.39307,40.94293],[29.39292,40.94384],[29.39449,40.94568],[29.39503,40.94861],[29.39771,40.95153],[29.39797,40.95262],[29.40023,40.95448],[29.40291,40.95551],[29.40459,40.9566],[29.40604,40.9581],[29.4067,40.96009],[29.40026,40.96433],[29.39903,40.95916],[29.39588,40.95422],[29.39449,40.95345],[29.39189,40.95355],[29.39008,40.95459],[29.38991,40.95249],[29.3846,40.95135],[29.38226,40.94806],[29.37798,40.94855],[29.37618,40.94822],[29.37449,40.94595],[29.37325,40.94529],[29.37256,40.94305],[29.37279,40.94221],[29.3701,40.94116],[29.36743,40.94056],[29.36472,40.93968],[29.36011,40.93754],[29.35892,40.93726],[29.35567,40.93511],[29.35594,40.93339],[29.35525,40.92953],[29.35617,40.92686],[29.35484,40.92327],[29.35533,40.9223],[29.35698,40.91988],[29.35674,40.91719],[29.35967,40.91677],[29.35933,40.91443],[29.35962,40.91228],[29.35946,40.91053],[29.36682,40.91],[29.36715,40.90932],[29.36986,40.90996],[29.37042,40.91071],[29.37222,40.91045],[29.37552,40.90915],[29.3771,40.90721],[29.37647,40.90706],[29.37598,40.90539],[29.3774,40.90414],[29.38075,40.90565],[29.38215,40.90535],[29.38497,40.90523],[29.38653,40.90307],[29.38409,40.90095],[29.38593,40.90126],[29.38672,40.9004],[29.38879,40.9007],[29.38961,40.89831],[29.39261,40.89794],[29.39378,40.89683],[29.39578,40.89644],[29.39495,40.89386],[29.39941,40.8932],[29.39965,40.89025],[29.40261,40.88666],[29.40278,40.88534],[29.40223,40.88469],[29.40236,40.88219],[29.40186,40.88002],[29.40126,40.87908]]]},"properties":{"id":8766662,"name":"Tepeören Mahallesi","district_id":1276010}},{"type":"Feature","geometry":{"type":"Polygon","coordinates":[[[29.37906,40.88257],[29.38077,40.88401],[29.38311,40.88539],[29.38647,40.88708],[29.38773,40.88729],[29.39038,40.88691],[29.39139,40.88796],[29.39294,40.88839],[29.39622,40.89002],[29.39757,40.89128],[29.39965,40.89025],[29.39941,40.8932],[29.39495,40.89386],[29.39578,40.89644],[29.39378,40.89683],[29.39261,40.89794],[29.38961,40.89831],[29.38879,40.9007],[29.38672,40.9004],[29.38593,40.90126],[29.38409,40.90095],[29.38653,40.90307],[29.38497,40.90523],[29.38215,40.90535],[29.38075,40.90565],[29.3774,40.90414],[29.37472,40.90244],[29.37333,40.90185],[29.36717,40.90069],[29.36873,40.8978],[29.37056,40.89343],[29.37302,40.88928],[29.3754,40.88624],[29.37906,40.88257]]]},"properties":{"id":8766663,"name":"Orta Mahallesi","district_id":1276010}},{"type":"Feature","geometry":{"type":"Polygon","coordinates":[[[29.45682,40.95438],[29.45544,40.95565],[29.45525,40.9571],[29.45447,40.95883],[29.4534,40.95967],[29.45473,40.96112],[29.45508,40.96259],[29.45457,40.96387],[29.45544,40.96586],[29.45469,40.96784],[29.45485,40.96854],[29.45619,40.96997],[29.45638,40.97073],[29.45541,40.97202],[29.45496,40.97362],[29.45544,40.97615],[29.45418,40.97878],[29.45358,40.98063],[29.45217,40.97887],[29.44636,40.97546],[29.44164,40.97474],[29.4311,40.97431],[29.42471,40.97366],[29.41824,40.97287],[29.41587,40.97168],[29.41339,40.96953],[29.41114,40.9666],[29.4067,40.96009],[29.40604,40.9581],[29.40459,40.9566],[29.40291,40.95551],[29.40023,40.95448],[29.39797,40.95262],[29.39771,40.95153],[29.39503,40.94861],[29.39449,40.94568],[29.39292,40.94384],[29.39307,40.94293],[29.39227,40.94115],[29.39357,40.93861],[29.39341,40.93662],[29.39385,40.93621],[29.39559,40.9324],[29.39828,40.93032],[29.39886,40.92831],[29.40045,40.92701],[29.40133,40.92547],[29.40286,40.92417],[29.40312,40.92251],[29.40396,40.92104],[29.40648,40.91961],[29.40816,40.91655],[29.41151,40.91405],[29.41661,40.91243],[29.41862,40.91162],[29.41997,40.91075],[29.42301,40.91072],[29.42559,40.9114],[29.4278,40.91168],[29.43078,40.91097],[29.43344,40.91353],[29.43443,40.91353],[29.43793,40.91484],[29.44307,40.91535],[29.44374,40.91613],[29.44363,40.9178],[29.44174,40.92006],[29.44199,40.92268],[29.44117,40.92764],[29.44211,40.93312],[29.44197,40.93361],[29.43827,40.93394],[29.43811,40.93455],[29.43952,40.93649],[29.43838,40.93691],[29.43708,40.9381],[29.43722,40.93882],[29.43894,40.93975],[29.43883,40.94114],[29.44307,40.94427],[29.44564,40.9454],[29.45197,40.94751],[29.45358,40.9508],[29.45433,40.95181],[29.45499,40.95427],[29.45682,40.95438]]]},"properties":{"id":8766844,"name":"Akfırat Mahallesi","district_id":1276010}},{"type":"Feature","geometry":{"type":"Polygon","coordinates":[[[29.34441,40.82737],[29.34415,40.82706],[29.34987,40.82449],[29.35453,40.82228],[29.35666,40.821],[29.36229,40.81643],[29.36422,40.81898],[29.36366,40.81966],[29.36434,40.823],[29.36341,40.82369],[29.36402,40.82514],[29.36417,40.82711],[29.36257,40.82714],[29.36249,40.82799],[29.3613,40.82987],[29.36155,40.83372],[29.36096,40.83629],[29.35926,40.83928],[29.35863,40.8417],[29.35644,40.83954],[29.3557,40.83602],[29.35261,40.83139],[29.35072,40.83005],[29.35008,40.83072],[29.34849,40.83023],[29.34887,40.82765],[29.34711,40.82774],[29.34441,40.82737]]]},"properties":{"id":8766896,"name":"Şifa Mahallesi","district_id":1276010}},{"type":"Feature","geometry":{"type":"Polygon","coordinates":[[[29.36417,40.82711],[29.36527,40.82788],[29.36628,40.82948],[29.36634,40.83116],[29.36782,40.83199],[29.36935,40.83348],[29.37004,40.83576],[29.37114,40.83778],[29.37003,40.83833],[29.36827,40.83998],[29.36577,40.84382],[29.36347,40.84784],[29.36298,40.84904],[29.36161,40.84912],[29.35863,40.8417],[29.35926,40.83928],[29.36096,40.83629],[29.36155,40.83372],[29.3613,40.82987],[29.36249,40.82799],[29.36257,40.82714],[29.36417,40.82711]]]},"properties":{"id":8766897,"name":"Mimar Sinan Mahallesi","district_id":1276010}},{"type":"Feature","geometry":{"type":"Polygon","coordinates":[[[29.32416,40.81848],[29.32602,40.81799],[29.32599,40.81695],[29.33114,40.81484],[29.33338,40.81364],[29.33442,40.81277],[29.33501,40.81143],[29.33724,40.81072],[29.33912,40.8098],[29.34175,40.81227],[29.34203,40.81386],[29.34274,40.81393],[29.3454,40.81775],[29.34668,40.82014],[29.34987,40.82449],[29.34415,40.82706],[29.34441,40.82737],[29.3439,40.82744],[29.33251,40.8326],[29.32924,40.83422],[29.32815,40.83578],[29.32605,40.83628],[29.32444,40.83616],[29.32279,40.8369],[29.32093,40.83611],[29.32059,40.83505],[29.31816,40.83247],[29.31589,40.83402],[29.31383,40.83179],[29.31396,40.82975],[29.31185,40.82815],[29.31078,40.8267],[29.3106,40.82579],[29.30936,40.82184],[29.31197,40.82202],[29.31718,40.82363],[29.31801,40.82227],[29.31753,40.82139],[29.31934,40.82139],[29.31914,40.81933],[29.32107,40.81941],[29.32416,40.81848]]]},"properties":{"id":8767043,"name":"İstasyon Mahallesi","district_id":1276010}},{"type":"Feature","geometry":{"type":"Polygon","coordinates":[[[29.32416,40.81848],[29.32107,40.81941],[29.31914,40.81933],[29.31934,40.82139],[29.31753,40.82139],[29.31801,40.82227],[29.31718,40.82363],[29.31197,40.82202],[29.30936,40.82184],[29.30425,40.81751],[29.30292,40.81544],[29.30222,40.81505],[29.3025,40.81452],[29.30593,40.81308],[29.30808,40.81157],[29.30928,40.81141],[29.31109,40.81206],[29.31275,40.81312],[29.31456,40.81348],[29.31492,40.81505],[29.3161,40.81608],[29.31711,40.8153],[29.31808,40.81364],[29.31898,40.81459],[29.31822,40.81586],[29.31813,40.8171],[29.32013,40.8174],[29.32119,40.81675],[29.32336,40.81688],[29.32416,40.81848]]]},"properties":{"id":8767105,"name":"Cami Mahallesi","district_id":1276010}},{"type":"Feature","geometry":{"type":"Polygon","coordinates":[[[29.32279,40.8369],[29.31188,40.84192],[29.31076,40.84044],[29.30931,40.8394],[29.30704,40.841],[29.30628,40.83921],[29.30653,40.83775],[29.30631,40.83628],[29.30248,40.83616],[29.30172,40.83553],[29.29922,40.83553],[29.29882,40.83459],[29.29693,40.8333],[29.29864,40.83178],[29.30157,40.82438],[29.30331,40.82244],[29.30397,40.82212],[29.30592,40.82641],[29.3106,40.82579],[29.31078,40.8267],[29.31185,40.82815],[29.31396,40.82975],[29.31383,40.83179],[29.31589,40.83402],[29.31816,40.83247],[29.32059,40.83505],[29.32093,40.83611],[29.32279,40.8369]]]},"properties":{"id":8767114,"name":"Yayla Mahallesi","district_id":1276010}},{"type":"Feature","geometry":{"type":"Polygon","coordinates":[[[29.3106,40.82579],[29.30592,40.82641],[29.30397,40.82212],[29.30331,40.82244],[29.30157,40.82438],[29.29864,40.83178],[29.29693,40.8333],[29.29527,40.83341],[29.29423,40.83423],[29.28992,40.8365],[29.28881,40.83665],[29.29067,40.83938],[29.29001,40.83976],[29.28284,40.8327],[29.28098,40.83205],[29.27916,40.83211],[29.27825,40.83122],[29.27894,40.83003],[29.27967,40.8277],[29.27947,40.82575],[29.27849,40.82445],[29.27725,40.82424],[29.27604,40.82323],[29.27541,40.82043],[29.27422,40.82003],[29.27088,40.8202],[29.2692,40.81905],[29.26919,40.8172],[29.26737,40.81506],[29.26416,40.81496],[29.26195,40.81644],[29.26272,40.81815],[29.25882,40.81485],[29.25789,40.81433],[29.25505,40.81475],[29.25522,40.81313],[29.25653,40.81213],[29.25764,40.81],[29.25778,40.80897],[29.25879,40.80741],[29.25706,40.80511],[29.25743,40.80388],[29.25714,40.8027],[29.25867,40.80298],[29.25999,40.80385],[29.26122,40.80411],[29.26214,40.8049],[29.2636,40.80501],[29.26425,40.80674],[29.26433,40.80823],[29.26168,40.80881],[29.26208,40.80995],[29.26405,40.80974],[29.26519,40.81147],[29.26847,40.81204],[29.27007,40.81159],[29.2731,40.81235],[29.27491,40.81315],[29.27588,40.81398],[29.27924,40.81381],[29.28321,40.81255],[29.28464,40.8124],[29.2862,40.81348],[29.28753,40.8139],[29.28965,40.81354],[29.2913,40.81275],[29.29394,40.81312],[29.29326,40.81406],[29.29346,40.81522],[29.29485,40.81599],[29.29764,40.81634],[29.30049,40.81586],[29.30222,40.81505],[29.30292,40.81544],[29.30425,40.81751],[29.30936,40.82184],[29.3106,40.82579]]]},"properties":{"id":8767167,"name":"Postane Mahallesi","district_id":1276010}},{"type":"Feature","geometry":{"type":"Polygon","coordinates":[[[29.29115,40.84485],[29.2894,40.84297],[29.28699,40.84435],[29.28579,40.84403],[29.28323,40.84152],[29.28425,40.83971],[29.28186,40.837],[29.27832,40.83392],[29.27616,40.83514],[29.27327,40.83567],[29.27265,40.83654],[29.27112,40.8373],[29.26972,40.84079],[29.26745,40.8423],[29.27039,40.84544],[29.27083,40.84921],[29.26866,40.84918],[29.26776,40.84967],[29.26579,40.84572],[29.266,40.84454],[29.2648,40.84372],[29.2627,40.83996],[29.26343,40.83913],[29.26831,40.83837],[29.26943,40.83649],[29.26679,40.83513],[29.26675,40.83447],[29.27168,40.83181],[29.27299,40.83155],[29.27481,40.832],[29.27676,40.83205],[29.27825,40.83122],[29.27916,40.83211],[29.28098,40.83205],[29.28284,40.8327],[29.29001,40.83976],[29.29067,40.83938],[29.28881,40.83665],[29.28992,40.8365],[29.29423,40.83423],[29.29527,40.83341],[29.29693,40.8333],[29.29882,40.83459],[29.29922,40.83553],[29.30172,40.83553],[29.30248,40.83616],[29.30631,40.83628],[29.30653,40.83775],[29.30628,40.83921],[29.30704,40.841],[29.30353,40.84303],[29.29641,40.84842],[29.29436,40.84704],[29.29322,40.84401],[29.29115,40.84485]]]},"properties":{"id":8767841,"name":"Evliya Çelebi Mahallesi","district_id":1276010}},{"type":"Feature","geometry":{"type":"Polygon","coordinates":[[[29.29641,40.84842],[29.30353,40.84303],[29.30704,40.841],[29.30931,40.8394],[29.31076,40.84044],[29.31188,40.84192],[29.30738,40.84394],[29.30932,40.8475],[29.30968,40.84886],[29.31291,40.84974],[29.3141,40.85113],[29.31112,40.85216],[29.3094,40.85147],[29.3043,40.85064],[29.30093,40.8498],[29.2988,40.85003],[29.29641,40.84842]]]},"properties":{"id":8767842,"name":"İçmeler Mahallesi","district_id":1276010}},{"type":"Feature","geometry":{"type":"Polygon","coordinates":[[[29.31112,40.85216],[29.31661,40.85529],[29.32243,40.86089],[29.31983,40.86035],[29.31871,40.86066],[29.31442,40.85964],[29.31318,40.86068],[29.31212,40.86215],[29.30866,40.86205],[29.30704,40.86131],[29.3057,40.86125],[29.30391,40.86384],[29.29972,40.86408],[29.29853,40.86389],[29.29764,40.86329],[29.29726,40.8609],[29.29636,40.86029],[29.29633,40.85924],[29.29474,40.85944],[29.2912,40.8555],[29.28927,40.85675],[29.2877,40.85739],[29.28799,40.85573],[29.28726,40.85443],[29.28784,40.8538],[29.28902,40.8509],[29.2894,40.85097],[29.29155,40.84652],[29.29115,40.84485],[29.29322,40.84401],[29.29436,40.84704],[29.29641,40.84842],[29.2988,40.85003],[29.30093,40.8498],[29.3043,40.85064],[29.3094,40.85147],[29.31112,40.85216]]]},"properties":{"id":8767843,"name":"Aydıntepe Mahallesi","district_id":1276010}},{"type":"Feature","geometry":{"type":"Polygon","coordinates":[[[28.98535,41.08436],[28.98153,41.08218],[28.98042,41.082],[28.97821,41.08249],[28.97664,41.08349],[28.97495,41.08045],[28.97295,41.07967],[28.97468,41.07862],[28.97463,41.0779],[28.97761,41.07532],[28.97827,41.07376],[28.97737,41.07305],[28.97938,41.07031],[28.97988,41.07083],[28.98045,41.07106],[28.98243,41.07376],[28.98383,41.07638],[28.98514,41.07649],[28.9881,41.07866],[28.98679,41.07972],[28.98686,41.08101],[28.98626,41.08291],[28.98535,41.08436]]]},"properties":{"id":8796660,"name":"Çağlayan Mahallesi","district_id":1765894}},{"type":"Feature","geometry":{"type":"Polygon","coordinates":[[[28.70154,41.02468],[28.70166,41.02734],[28.69995,41.02584],[28.69769,41.0231],[28.69624,41.01976],[28.69472,41.01908],[28.69022,41.01825],[28.69004,41.01702],[28.69303,41.01422],[28.69675,41.01245],[28.70023,41.01551],[28.70101,41.01857],[28.70146,41.02193],[28.70154,41.02468]]]},"properties":{"id":8796814,"name":"Akşemseddin Mahallesi","district_id":1766102}},{"type":"Feature","geometry":{"type":"Polygon","coordinates":[[[29.28294,40.89182],[29.28502,40.89097],[29.28649,40.88997],[29.28785,40.88815],[29.28769,40.88745],[29.29028,40.88471],[29.29008,40.88364],[29.29079,40.88317],[29.29165,40.88144],[29.29328,40.87957],[29.29556,40.87802],[29.29535,40.88047],[29.29395,40.88431],[29.29404,40.88513],[29.29247,40.88912],[29.29133,40.88952],[29.28888,40.89426],[29.28922,40.89539],[29.29329,40.89689],[29.29521,40.89644],[29.29834,40.89753],[29.29862,40.8987],[29.3011,40.89961],[29.30234,40.90036],[29.30198,40.90152],[29.29892,40.90143],[29.2953,40.90186],[29.29616,40.90339],[29.29725,40.9044],[29.29714,40.9079],[29.28995,40.90255],[29.28613,40.90224],[29.28474,40.90289],[29.28266,40.90256],[29.27787,40.90447],[29.27722,40.90422],[29.27884,40.90356],[29.2805,40.89863],[29.28003,40.89725],[29.28139,40.89636],[29.28162,40.89528],[29.28112,40.89424],[29.28116,40.89235],[29.28294,40.89182]]]},"properties":{"id":8800853,"name":"Ramazanoğlu Mahallesi","district_id":1276011}},{"type":"Feature","geometry":{"type":"Polygon","coordinates":[[[29.00456,41.09338],[29.00415,41.09469],[29.00444,41.09726],[29.00398,41.09892],[29.00286,41.09987],[29.0015,41.0982],[28.99882,41.09764],[28.99744,41.09669],[28.99525,41.09573],[28.99563,41.09446],[28.99744,41.09268],[28.99886,41.09321],[29.00152,41.09352],[29.0045,41.09274],[29.00456,41.09338]]]},"properties":{"id":8824054,"name":"Yeşilce Mahallesi","district_id":1765894}},{"type":"Feature","geometry":{"type":"Polygon","coordinates":[[[28.82315,41.04476],[28.82304,41.04367],[28.82379,41.04191],[28.82481,41.04172],[28.82513,41.03909],[28.82293,41.03564],[28.82292,41.03383],[28.82343,41.03172],[28.82657,41.03154],[28.82931,41.03094],[28.83446,41.031],[28.83349,41.03428],[28.83426,41.03789],[28.83271,41.04114],[28.8302,41.04531],[28.82774,41.04546],[28.82397,41.04516],[28.82315,41.04476]]]},"properties":{"id":8824111,"name":"Güneşli Mahallesi","district_id":1766098}},{"type":"Feature","geometry":{"type":"Polygon","coordinates":[[[28.82819,41.02212],[28.82929,41.02695],[28.82885,41.02908],[28.82657,41.03154],[28.82343,41.03172],[28.81864,41.03121],[28.81521,41.03008],[28.81232,41.02878],[28.8134,41.02666],[28.81096,41.02717],[28.81279,41.02537],[28.81539,41.02342],[28.82021,41.02126],[28.82286,41.01978],[28.82549,41.02036],[28.8271,41.02033],[28.82819,41.02212]]]},"properties":{"id":8824112,"name":"Bağlar Mahallesi","district_id":1766098}},{"type":"Feature","geometry":{"type":"Polygon","coordinates":[[[28.92063,41.10765],[28.92164,41.10917],[28.91813,41.11474],[28.91384,41.11427],[28.91138,41.11443],[28.91004,41.11542],[28.91059,41.11611],[28.91043,41.11761],[28.90787,41.11987],[28.90709,41.12249],[28.90559,41.12248],[28.90462,41.12178],[28.9026,41.12164],[28.90162,41.12119],[28.90064,41.1206],[28.89873,41.12025],[28.89744,41.11923],[28.89671,41.11764],[28.89603,41.1173],[28.89527,41.11572],[28.89554,41.11323],[28.8961,41.11243],[28.89756,41.11254],[28.89931,41.11207],[28.89911,41.11024],[28.90089,41.10981],[28.90031,41.10867],[28.90201,41.10704],[28.90459,41.10622],[28.90345,41.10433],[28.90274,41.10106],[28.90448,41.10093],[28.90378,41.09815],[28.9126,41.0974],[28.91303,41.0984],[28.91485,41.09733],[28.91662,41.09727],[28.91847,41.09621],[28.917,41.09767],[28.91906,41.10173],[28.92087,41.10203],[28.92085,41.10316],[28.91992,41.10353],[28.92167,41.10677],[28.92063,41.10765]]]},"properties":{"id":8832576,"name":"Zübeyde Hanım Mahallesi","district_id":1766108}},{"type":"Feature","geometry":{"type":"Polygon","coordinates":[[[28.90274,41.10106],[28.90345,41.10433],[28.90459,41.10622],[28.90201,41.10704],[28.90031,41.10867],[28.90089,41.10981],[28.89911,41.11024],[28.89931,41.11207],[28.89756,41.11254],[28.8961,41.11243],[28.89705,41.11043],[28.89649,41.10927],[28.89397,41.10821],[28.89262,41.10711],[28.89028,41.10449],[28.88957,41.1032],[28.88967,41.10197],[28.89868,41.10138],[28.90274,41.10106]]]},"properties":{"id":8832577,"name":"Gazi Mahallesi","district_id":1766108}},{"type":"Feature","geometry":{"type":"Polygon","coordinates":[[[28.90656,41.09078],[28.90642,41.09244],[28.90593,41.09313],[28.90343,41.09412],[28.90195,41.09515],[28.89868,41.10138],[28.88967,41.10197],[28.8894,41.09796],[28.88902,41.0959],[28.88946,41.09399],[28.88997,41.09046],[28.89554,41.09117],[28.89943,41.09113],[28.90356,41.09078],[28.90656,41.09078]]]},"properties":{"id":8832578,"name":"Yunus Emre Mahallesi","district_id":1766108}},{"type":"Feature","geometry":{"type":"Polygon","coordinates":[[[28.70023,41.0591],[28.70097,41.05678],[28.70346,41.05275],[28.70545,41.04881],[28.7064,41.04513],[28.70724,41.04428],[28.70399,41.04325],[28.70298,41.04231],[28.70503,41.04067],[28.70738,41.03745],[28.71002,41.0356],[28.71041,41.03403],[28.71142,41.03235],[28.71265,41.03145],[28.71428,41.02749],[28.71419,41.02514],[28.71504,41.023],[28.71224,41.02255],[28.70798,41.02153],[28.70562,41.02389],[28.70444,41.02434],[28.70154,41.02468],[28.70146,41.02193],[28.70101,41.01857],[28.70023,41.01551],[28.69675,41.01245],[28.69703,41.01232],[28.69999,41.0108],[28.7019,41.00941],[28.71173,41.00116],[28.71306,40.99952],[28.71407,40.99705],[28.71876,40.99877],[28.72369,40.99767],[28.72809,40.99722],[28.72944,40.99772],[28.73244,40.99752],[28.73205,40.99856],[28.73085,40.99966],[28.72902,41.00051],[28.7275,41.00159],[28.72697,41.00334],[28.72699,41.00527],[28.72384,41.00734],[28.72164,41.00811],[28.72032,41.0091],[28.71915,41.01057],[28.71963,41.0123],[28.72039,41.01305],[28.72064,41.0143],[28.72018,41.01505],[28.72114,41.01617],[28.72493,41.01827],[28.72533,41.01897],[28.72727,41.0181],[28.72813,41.01614],[28.73089,41.01454],[28.73377,41.01416],[28.738,41.01482],[28.74031,41.01446],[28.74074,41.01706],[28.74064,41.01984],[28.73964,41.02225],[28.73968,41.02303],[28.73882,41.02501],[28.73773,41.02664],[28.73705,41.02893],[28.73675,41.03095],[28.73585,41.03134],[28.73572,41.03307],[28.73503,41.03409],[28.73546,41.03582],[28.73459,41.03689],[28.73451,41.0382],[28.73341,41.03869],[28.73295,41.04063],[28.73149,41.04242],[28.72797,41.04447],[28.72719,41.04551],[28.72784,41.04612],[28.72754,41.04729],[28.72622,41.04877],[28.72421,41.04837],[28.72077,41.0484],[28.7171,41.04968],[28.70294,41.05779],[28.70176,41.05905],[28.70023,41.0591]]]},"properties":{"id":8839337,"name":"Firuzköy Mahallesi","district_id":1766094}},{"type":"Feature","geometry":{"type":"Polygon","coordinates":[[[29.10466,40.96568],[29.10354,40.96725],[29.09792,40.97725],[29.09635,40.97572],[29.09523,40.97355],[29.09353,40.97428],[29.09264,40.97349],[29.08825,40.96816],[29.08709,40.96656],[29.08738,40.9658],[29.08976,40.96323],[29.09271,40.96149],[29.09393,40.9604],[29.09689,40.96262],[29.09978,40.96407],[29.10173,40.96463],[29.10386,40.9645],[29.10466,40.96568]]]},"properties":{"id":8852697,"name":"Kozyatağı Mahallesi","district_id":1276548}},{"type":"Feature","geometry":{"type":"Polygon","coordinates":[[[29.10582,40.98585],[29.10114,40.98295],[29.09766,40.982],[29.09961,40.98103],[29.10418,40.97964],[29.10733,40.97909],[29.1094,40.97913],[29.11396,40.97888],[29.1194,40.97842],[29.12293,40.97798],[29.12409,40.97819],[29.12603,40.97924],[29.1285,40.9801],[29.13144,40.98081],[29.13449,40.98255],[29.13255,40.98443],[29.12943,40.98633],[29.12627,40.98798],[29.12385,40.9885],[29.12057,40.98775],[29.11401,40.98765],[29.10903,40.98702],[29.10795,40.9853],[29.10647,40.98482],[29.10582,40.98585]]]},"properties":{"id":8857261,"name":"Küçükbakkalköy Mahallesi","district_id":1276672}},{"type":"Feature","geometry":{"type":"Polygon","coordinates":[[[28.90421,41.03598],[28.90372,41.03416],[28.90526,41.0318],[28.9048,41.02998],[28.9055,41.02968],[28.90838,41.03056],[28.90885,41.03166],[28.91055,41.03403],[28.90421,41.03598]]]},"properties":{"id":8863399,"name":"Vatan Mahallesi","district_id":1766097}},{"type":"Feature","geometry":{"type":"Polygon","coordinates":[[[29.24658,40.89384],[29.24776,40.895],[29.25168,40.89626],[29.25386,40.89689],[29.25279,40.89749],[29.25033,40.89992],[29.24903,40.90256],[29.24978,40.90453],[29.2469,40.90463],[29.24672,40.90104],[29.24443,40.89925],[29.24275,40.89828],[29.23822,40.89884],[29.23736,40.89851],[29.23686,40.89733],[29.2371,40.89625],[29.23367,40.8937],[29.23229,40.89236],[29.23829,40.88844],[29.23902,40.89002],[29.24197,40.8924],[29.24323,40.89315],[29.24658,40.89384]]]},"properties":{"id":8866766,"name":"Çınardere Mahallesi","district_id":1276011}},{"type":"Feature","geometry":{"type":"Polygon","coordinates":[[[29.49343,41.03392],[29.48947,41.03199],[29.48364,41.02998],[29.48384,41.02491],[29.48364,41.02378],[29.48133,41.02042],[29.48036,41.02017],[29.47591,41.01803],[29.47582,41.01639],[29.47105,41.01379],[29.46619,41.00902],[29.46279,41.00792],[29.45789,41.00435],[29.45339,41.00242],[29.44955,40.999],[29.44801,40.99836],[29.44599,40.99833],[29.44708,40.99769],[29.44468,40.99487],[29.44362,40.99276],[29.44367,40.99201],[29.44617,40.99077],[29.44701,40.98979],[29.44758,40.98756],[29.44749,40.98486],[29.45083,40.98333],[29.45298,40.98185],[29.45358,40.98063],[29.45418,40.97878],[29.45544,40.97615],[29.45496,40.97362],[29.45541,40.97202],[29.45638,40.97073],[29.45619,40.96997],[29.45485,40.96854],[29.45469,40.96784],[29.45544,40.96586],[29.45457,40.96387],[29.45508,40.96259],[29.45473,40.96112],[29.4534,40.95967],[29.45447,40.95883],[29.45525,40.9571],[29.45544,40.95565],[29.45682,40.95438],[29.45777,40.95429],[29.46035,40.95316],[29.46327,40.95096],[29.46662,40.95164],[29.46996,40.95166],[29.46968,40.95331],[29.471,40.95463],[29.47364,40.95784],[29.47609,40.95963],[29.47722,40.95935],[29.47903,40.95796],[29.47974,40.96059],[29.47903,40.9619],[29.48247,40.96241],[29.48376,40.96357],[29.48449,40.96504],[29.48499,40.96754],[29.48473,40.96876],[29.48122,40.9696],[29.48344,40.97321],[29.48417,40.9752],[29.48756,40.9765],[29.48945,40.97685],[29.49366,40.97979],[29.49565,40.98151],[29.49907,40.98485],[29.50081,40.98677],[29.50241,40.98707],[29.50476,40.98701],[29.5059,40.98787],[29.50633,40.98921],[29.50543,40.99444],[29.5067,40.99525],[29.50536,40.99764],[29.50625,40.99942],[29.50546,41.0002],[29.50258,41.00045],[29.49993,41.00265],[29.49947,41.00371],[29.49744,41.00435],[29.49315,41.00817],[29.49282,41.0099],[29.49367,41.01237],[29.49548,41.0147],[29.49787,41.01576],[29.49968,41.01767],[29.49977,41.01905],[29.49918,41.02005],[29.50081,41.02207],[29.5002,41.02441],[29.5001,41.0264],[29.50185,41.03199],[29.50059,41.03242],[29.49951,41.0334],[29.49959,41.03471],[29.4989,41.03542],[29.49749,41.03578],[29.49607,41.03548],[29.49343,41.03392]]]},"properties":{"id":8894351,"name":"Göçbeyli Mahallesi","district_id":1276011}},{"type":"Feature","geometry":{"type":"Polygon","coordinates":[[[29.89188,41.09761],[29.88928,41.10173],[29.89402,41.10324],[29.8959,41.1042],[29.89565,41.10642],[29.89653,41.10835],[29.89604,41.1094],[29.89791,41.11121],[29.89898,41.11537],[29.89857,41.11632],[29.89968,41.11777],[29.90123,41.11842],[29.90132,41.11935],[29.90371,41.12052],[29.90644,41.12364],[29.90722,41.12616],[29.90921,41.12795],[29.90956,41.12888],[29.91111,41.13076],[29.91179,41.13088],[29.91331,41.13424],[29.91288,41.13651],[29.91415,41.13963],[29.9141,41.14034],[29.91815,41.14146],[29.91661,41.14261],[29.91522,41.14281],[29.91286,41.14243],[29.9108,41.14333],[29.90918,41.14328],[29.90717,41.14214],[29.90428,41.143],[29.90144,41.14265],[29.89815,41.14352],[29.89655,41.14258],[29.89507,41.14338],[29.8919,41.14241],[29.89001,41.14274],[29.88893,41.14236],[29.88594,41.14201],[29.88431,41.14223],[29.88316,41.1414],[29.88213,41.14161],[29.8803,41.14101],[29.8791,41.13952],[29.8757,41.13882],[29.87362,41.13997],[29.87317,41.14154],[29.87242,41.14219],[29.87059,41.14156],[29.8698,41.14258],[29.86807,41.14189],[29.8654,41.14124],[29.8636,41.14171],[29.86176,41.14363],[29.85756,41.14294],[29.85586,41.14307],[29.85345,41.14134],[29.8533,41.14063],[29.85535,41.13947],[29.85755,41.13944],[29.85903,41.13904],[29.86112,41.13705],[29.86096,41.13533],[29.85808,41.13412],[29.85637,41.13311],[29.85398,41.13042],[29.85434,41.12893],[29.85552,41.1279],[29.86001,41.1257],[29.8618,41.12395],[29.86394,41.12329],[29.86375,41.12133],[29.86561,41.11955],[29.86532,41.1187],[29.86273,41.11881],[29.86237,41.11817],[29.86376,41.11707],[29.86341,41.11536],[29.86168,41.1131],[29.86337,41.11166],[29.86408,41.10975],[29.86626,41.10892],[29.86644,41.10763],[29.86688,41.10655],[29.87004,41.10509],[29.87144,41.10485],[29.87396,41.10216],[29.87632,41.10162],[29.88133,41.10118],[29.88809,41.09939],[29.88851,41.09853],[29.89188,41.09761]]]},"properties":{"id":8894395,"name":"Bucaklı Mahallesi","district_id":1275310}},{"type":"Feature","geometry":{"type":"Polygon","coordinates":[[[29.86644,41.10763],[29.86478,41.1072],[29.86315,41.1059],[29.86214,41.10557],[29.86033,41.10406],[29.85948,41.10224],[29.85963,41.10101],[29.85795,41.09928],[29.86027,41.09824],[29.85981,41.09643],[29.85729,41.09298],[29.85784,41.09195],[29.85973,41.09109],[29.86188,41.09064],[29.86106,41.08736],[29.86042,41.08621],[29.86084,41.0852],[29.86027,41.08331],[29.8608,41.08138],[29.86194,41.07934],[29.86413,41.07864],[29.86266,41.07733],[29.86341,41.07542],[29.86239,41.07418],[29.85874,41.07423],[29.85686,41.07503],[29.85457,41.07481],[29.85331,41.07435],[29.85128,41.07155],[29.85008,41.06712],[29.85016,41.06487],[29.85307,41.06366],[29.85706,41.06321],[29.85911,41.06377],[29.85991,41.06355],[29.86251,41.06042],[29.86445,41.05855],[29.86471,41.05736],[29.8643,41.05643],[29.8649,41.05341],[29.86576,41.05316],[29.87034,41.05423],[29.87202,41.05361],[29.87101,41.05203],[29.87204,41.05079],[29.87541,41.04913],[29.87788,41.04693],[29.88013,41.04654],[29.88,41.04697],[29.88132,41.04942],[29.88039,41.05117],[29.88161,41.05244],[29.88104,41.05439],[29.88247,41.05601],[29.88431,41.0566],[29.88537,41.0577],[29.887,41.05816],[29.88795,41.05987],[29.88714,41.0632],[29.88944,41.06283],[29.89005,41.0634],[29.89145,41.06257],[29.89282,41.06393],[29.89178,41.06757],[29.8927,41.07075],[29.88885,41.07574],[29.8889,41.0776],[29.88798,41.07764],[29.88761,41.08021],[29.88927,41.08236],[29.89057,41.08336],[29.89149,41.085],[29.89255,41.08568],[29.89219,41.08814],[29.89292,41.08969],[29.8915,41.09296],[29.89206,41.09421],[29.8937,41.09517],[29.8925,41.09738],[29.89188,41.09761],[29.88851,41.09853],[29.88809,41.09939],[29.88133,41.10118],[29.87632,41.10162],[29.87396,41.10216],[29.87144,41.10485],[29.87004,41.10509],[29.86688,41.10655],[29.86644,41.10763]]]},"properties":{"id":8894396,"name":"Geredeli Mahallesi","district_id":1275310}},{"type":"Feature","geometry":{"type":"Polygon","coordinates":[[[29.8493,41.12438],[29.84921,41.12174],[29.8477,41.11959],[29.84473,41.11909],[29.84194,41.12001],[29.84086,41.11999],[29.83936,41.11903],[29.83744,41.11642],[29.83557,41.11555],[29.8359,41.11207],[29.83414,41.11182],[29.83298,41.10887],[29.83111,41.10735],[29.82898,41.10759],[29.82816,41.10606],[29.82826,41.10492],[29.82655,41.10378],[29.82516,41.10402],[29.82498,41.10248],[29.827,41.09869],[29.82787,41.09753],[29.83031,41.09872],[29.83627,41.10151],[29.8432,41.105],[29.84576,41.10641],[29.84742,41.10642],[29.85182,41.10496],[29.85548,41.10307],[29.85634,41.10312],[29.85948,41.10224],[29.86033,41.10406],[29.86214,41.10557],[29.86315,41.1059],[29.86478,41.1072],[29.86644,41.10763],[29.86626,41.10892],[29.86408,41.10975],[29.86337,41.11166],[29.86168,41.1131],[29.86341,41.11536],[29.86376,41.11707],[29.86237,41.11817],[29.86273,41.11881],[29.86532,41.1187],[29.86561,41.11955],[29.86375,41.12133],[29.86394,41.12329],[29.8618,41.12395],[29.86001,41.1257],[29.85552,41.1279],[29.85262,41.12706],[29.85049,41.12482],[29.8493,41.12438]]]},"properties":{"id":8894397,"name":"Göçe Mahallesi","district_id":1275310}},{"type":"Feature","geometry":{"type":"Polygon","coordinates":[[[29.85535,41.13947],[29.85344,41.13956],[29.85193,41.14029],[29.84979,41.13893],[29.84738,41.13872],[29.84632,41.13816],[29.84356,41.13795],[29.8401,41.1344],[29.83991,41.13267],[29.84158,41.1306],[29.84373,41.12892],[29.8458,41.1281],[29.84922,41.12576],[29.8493,41.12438],[29.85049,41.12482],[29.85262,41.12706],[29.85552,41.1279],[29.85434,41.12893],[29.85398,41.13042],[29.85637,41.13311],[29.85808,41.13412],[29.86096,41.13533],[29.86112,41.13705],[29.85903,41.13904],[29.85755,41.13944],[29.85535,41.13947]]]},"properties":{"id":8894398,"name":"Ağva Merkez Mahallesi","district_id":1275310}},{"type":"Feature","geometry":{"type":"Polygon","coordinates":[[[29.83936,41.11903],[29.84086,41.11999],[29.84194,41.12001],[29.84473,41.11909],[29.8477,41.11959],[29.84921,41.12174],[29.8493,41.12438],[29.84922,41.12576],[29.8458,41.1281],[29.84373,41.12892],[29.84158,41.1306],[29.83991,41.13267],[29.8401,41.1344],[29.84356,41.13795],[29.84632,41.13816],[29.84738,41.13872],[29.84598,41.13864],[29.84361,41.13943],[29.83777,41.14019],[29.83491,41.14098],[29.83121,41.14131],[29.82937,41.14191],[29.8239,41.14268],[29.82131,41.14318],[29.82225,41.14166],[29.82178,41.14103],[29.81982,41.14038],[29.81837,41.13712],[29.81843,41.13522],[29.81731,41.13486],[29.81596,41.13376],[29.81692,41.13232],[29.81647,41.13151],[29.81747,41.13064],[29.81746,41.12956],[29.82176,41.12677],[29.82528,41.1244],[29.82621,41.12278],[29.82608,41.12201],[29.82782,41.12163],[29.83051,41.12311],[29.83042,41.12224],[29.83242,41.12083],[29.83936,41.11903]]]},"properties":{"id":8894445,"name":"Kurfallı Mahallesi","district_id":1275310}},{"type":"Feature","geometry":{"type":"Polygon","coordinates":[[[29.82516,41.10402],[29.82655,41.10378],[29.82826,41.10492],[29.82816,41.10606],[29.82898,41.10759],[29.83111,41.10735],[29.83298,41.10887],[29.83414,41.11182],[29.8359,41.11207],[29.83557,41.11555],[29.83744,41.11642],[29.83936,41.11903],[29.83242,41.12083],[29.83042,41.12224],[29.83051,41.12311],[29.82782,41.12163],[29.82608,41.12201],[29.82621,41.12278],[29.82528,41.1244],[29.82176,41.12677],[29.81838,41.12615],[29.81707,41.12566],[29.81516,41.12177],[29.81282,41.12325],[29.80983,41.12384],[29.80697,41.1208],[29.80756,41.11996],[29.80665,41.11705],[29.80652,41.11634],[29.80753,41.11387],[29.80824,41.113],[29.80732,41.1113],[29.81022,41.10967],[29.81134,41.10952],[29.81241,41.10767],[29.81483,41.10542],[29.81732,41.10408],[29.81903,41.1046],[29.82016,41.10564],[29.82188,41.10588],[29.82387,41.10532],[29.82516,41.10402]]]},"properties":{"id":8894446,"name":"İsaköy Mahallesi","district_id":1275310}},{"type":"Feature","geometry":{"type":"Polygon","coordinates":[[[29.84095,41.02081],[29.84195,41.02379],[29.84099,41.02536],[29.84037,41.02543],[29.83584,41.02419],[29.83395,41.02553],[29.83378,41.02835],[29.83257,41.02958],[29.83343,41.0345],[29.8327,41.03535],[29.83211,41.03819],[29.83362,41.03965],[29.83439,41.04212],[29.83668,41.04401],[29.83756,41.04556],[29.83768,41.04787],[29.83828,41.0487],[29.83758,41.04963],[29.83761,41.0515],[29.8369,41.05193],[29.83756,41.05327],[29.83895,41.05452],[29.83896,41.0561],[29.83989,41.05756],[29.8407,41.0575],[29.84152,41.05956],[29.84105,41.05981],[29.84129,41.06201],[29.84063,41.06483],[29.84112,41.06581],[29.83933,41.06719],[29.83849,41.06873],[29.83801,41.07181],[29.83833,41.07317],[29.83756,41.0741],[29.83722,41.07557],[29.83731,41.07771],[29.83591,41.08101],[29.83546,41.08354],[29.83704,41.08615],[29.83793,41.08665],[29.83816,41.08844],[29.83522,41.0969],[29.83281,41.09763],[29.83215,41.0986],[29.83031,41.09872],[29.82787,41.09753],[29.827,41.09869],[29.82498,41.10248],[29.82516,41.10402],[29.82387,41.10532],[29.82188,41.10588],[29.82016,41.10564],[29.81903,41.1046],[29.81732,41.10408],[29.81729,41.10217],[29.81505,41.10216],[29.81193,41.10176],[29.8129,41.10046],[29.81052,41.09908],[29.81227,41.09709],[29.81061,41.09513],[29.80769,41.09469],[29.80419,41.0929],[29.80239,41.09344],[29.80243,41.09511],[29.8014,41.09632],[29.80001,41.09709],[29.79985,41.09586],[29.80034,41.0947],[29.80206,41.09043],[29.81298,41.07815],[29.81283,41.0578],[29.81639,41.04108],[29.81689,41.03765],[29.81867,41.02994],[29.83948,41.01843],[29.84095,41.02081]]]},"properties":{"id":8894447,"name":"Soğullu Mahallesi","district_id":1275310}},{"type":"Feature","geometry":{"type":"Polygon","coordinates":[[[29.84095,41.02081],[29.84185,41.021],[29.84533,41.02022],[29.84642,41.0208],[29.84692,41.02188],[29.84829,41.02278],[29.84842,41.02356],[29.85073,41.02497],[29.85186,41.02683],[29.85457,41.02838],[29.85799,41.02856],[29.86223,41.03086],[29.86264,41.03261],[29.86359,41.03325],[29.86377,41.0355],[29.86638,41.03661],[29.86781,41.03756],[29.86852,41.03924],[29.86846,41.04029],[29.87083,41.04105],[29.87211,41.04063],[29.8738,41.04084],[29.87629,41.04052],[29.87919,41.04075],[29.88043,41.04197],[29.88013,41.04654],[29.87788,41.04693],[29.87541,41.04913],[29.87204,41.05079],[29.87101,41.05203],[29.87202,41.05361],[29.87034,41.05423],[29.86576,41.05316],[29.8649,41.05341],[29.8643,41.05643],[29.86471,41.05736],[29.86445,41.05855],[29.86251,41.06042],[29.85991,41.06355],[29.85911,41.06377],[29.85706,41.06321],[29.85307,41.06366],[29.85016,41.06487],[29.85008,41.06712],[29.85128,41.07155],[29.85331,41.07435],[29.85457,41.07481],[29.85686,41.07503],[29.85874,41.07423],[29.86239,41.07418],[29.86341,41.07542],[29.86266,41.07733],[29.86413,41.07864],[29.86194,41.07934],[29.8608,41.08138],[29.86027,41.08331],[29.86084,41.0852],[29.86042,41.08621],[29.86106,41.08736],[29.86188,41.09064],[29.85973,41.09109],[29.85784,41.09195],[29.85729,41.09298],[29.85981,41.09643],[29.86027,41.09824],[29.85795,41.09928],[29.85963,41.10101],[29.85948,41.10224],[29.85634,41.10312],[29.85548,41.10307],[29.85182,41.10496],[29.84742,41.10642],[29.84576,41.10641],[29.8432,41.105],[29.83627,41.10151],[29.83031,41.09872],[29.83215,41.0986],[29.83281,41.09763],[29.83522,41.0969],[29.83816,41.08844],[29.83793,41.08665],[29.83704,41.08615],[29.83546,41.08354],[29.83591,41.08101],[29.83731,41.07771],[29.83722,41.07557],[29.83756,41.0741],[29.83833,41.07317],[29.83801,41.07181],[29.83849,41.06873],[29.83933,41.06719],[29.84112,41.06581],[29.84063,41.06483],[29.84129,41.06201],[29.84105,41.05981],[29.84152,41.05956],[29.8407,41.0575],[29.83989,41.05756],[29.83896,41.0561],[29.83895,41.05452],[29.83756,41.05327],[29.8369,41.05193],[29.83761,41.0515],[29.83758,41.04963],[29.83828,41.0487],[29.83768,41.04787],[29.83756,41.04556],[29.83668,41.04401],[29.83439,41.04212],[29.83362,41.03965],[29.83211,41.03819],[29.8327,41.03535],[29.83343,41.0345],[29.83257,41.02958],[29.83378,41.02835],[29.83395,41.02553],[29.83584,41.02419],[29.84037,41.02543],[29.84099,41.02536],[29.84195,41.02379],[29.84095,41.02081]]]},"properties":{"id":8894466,"name":"Kalem Mahallesi","district_id":1275310}},{"type":"Feature","geometry":{"type":"Polygon","coordinates":[[[29.78855,41.05567],[29.78804,41.05287],[29.78848,41.0519],[29.78762,41.0501],[29.78604,41.04892],[29.78585,41.047],[29.78705,41.04577],[29.78801,41.04367],[29.79079,41.04183],[29.79192,41.03904],[29.79317,41.03756],[29.79302,41.0354],[29.79229,41.03452],[29.79367,41.0328],[29.79421,41.03133],[29.7934,41.03001],[29.79452,41.02694],[29.79422,41.02628],[29.79481,41.02393],[29.79432,41.02165],[29.79426,41.01908],[29.79593,41.01996],[29.80028,41.02071],[29.80114,41.02025],[29.80428,41.01955],[29.80754,41.01968],[29.80803,41.01994],[29.81003,41.01898],[29.811,41.01809],[29.81156,41.01629],[29.8138,41.01462],[29.81609,41.01447],[29.81726,41.01511],[29.81927,41.01499],[29.82275,41.01323],[29.82432,41.01416],[29.82655,41.01327],[29.82877,41.01489],[29.83204,41.01468],[29.83479,41.01584],[29.83408,41.01638],[29.835,41.01739],[29.83688,41.01738],[29.83948,41.01843],[29.81867,41.02994],[29.81689,41.03765],[29.81639,41.04108],[29.81283,41.0578],[29.81298,41.07815],[29.80206,41.09043],[29.80034,41.0947],[29.79911,41.09444],[29.79957,41.09345],[29.79855,41.0922],[29.79801,41.09033],[29.79573,41.0887],[29.79458,41.08726],[29.79446,41.0859],[29.79272,41.08454],[29.79062,41.08394],[29.78887,41.08251],[29.78775,41.08052],[29.78676,41.0779],[29.78706,41.07649],[29.78577,41.07339],[29.78602,41.07074],[29.78944,41.06329],[29.78852,41.05738],[29.78855,41.05567]]]},"properties":{"id":8894727,"name":"Çataklı Mahallesi","district_id":1275310}},{"type":"Feature","geometry":{"type":"Polygon","coordinates":[[[29.78052,41.11571],[29.7811,41.11781],[29.78111,41.1197],[29.77979,41.1213],[29.77946,41.12305],[29.77804,41.12259],[29.7775,41.12173],[29.77307,41.11985],[29.77156,41.11775],[29.77013,41.11668],[29.76908,41.11537],[29.76856,41.11375],[29.76648,41.11275],[29.76363,41.1134],[29.75997,41.11634],[29.75509,41.11601],[29.75517,41.11445],[29.75602,41.11253],[29.75576,41.11154],[29.75464,41.11055],[29.75551,41.10843],[29.75645,41.10742],[29.75575,41.10564],[29.75405,41.10554],[29.75315,41.10678],[29.75183,41.10705],[29.74874,41.10663],[29.74768,41.10464],[29.74603,41.10388],[29.74552,41.10144],[29.74616,41.09985],[29.74458,41.09991],[29.744,41.0979],[29.74443,41.09611],[29.74017,41.09428],[29.73864,41.09426],[29.73633,41.09477],[29.73477,41.09465],[29.73112,41.09274],[29.73313,41.08668],[29.73347,41.08633],[29.73698,41.08541],[29.73786,41.08474],[29.74181,41.0779],[29.74345,41.07727],[29.74631,41.07565],[29.74965,41.07308],[29.75204,41.07331],[29.75346,41.07152],[29.75536,41.06982],[29.75638,41.06751],[29.7558,41.06509],[29.7582,41.06332],[29.75956,41.06122],[29.76376,41.05935],[29.76757,41.05953],[29.77157,41.05946],[29.77273,41.05965],[29.77399,41.06053],[29.77695,41.06114],[29.77993,41.05783],[29.78052,41.05593],[29.78185,41.05529],[29.78443,41.05513],[29.78706,41.05564],[29.78855,41.05567],[29.78852,41.05738],[29.78944,41.06329],[29.78602,41.07074],[29.78577,41.07339],[29.78706,41.07649],[29.78676,41.0779],[29.78775,41.08052],[29.78887,41.08251],[29.79062,41.08394],[29.79272,41.08454],[29.79446,41.0859],[29.79458,41.08726],[29.79573,41.0887],[29.79801,41.09033],[29.79855,41.0922],[29.79957,41.09345],[29.79911,41.09444],[29.80034,41.0947],[29.79985,41.09586],[29.80001,41.09709],[29.79772,41.09799],[29.79626,41.09764],[29.79531,41.09801],[29.79504,41.09956],[29.79398,41.10005],[29.79125,41.09976],[29.79028,41.10069],[29.78869,41.1012],[29.78729,41.10441],[29.78539,41.10675],[29.7839,41.10996],[29.78241,41.1104],[29.78144,41.11227],[29.78052,41.11571]]]},"properties":{"id":8894728,"name":"Göksu Mahallesi","district_id":1275310}},{"type":"Feature","geometry":{"type":"Polygon","coordinates":[[[29.78052,41.11571],[29.78144,41.11227],[29.78241,41.1104],[29.7839,41.10996],[29.78539,41.10675],[29.78729,41.10441],[29.78869,41.1012],[29.79028,41.10069],[29.79125,41.09976],[29.79398,41.10005],[29.79504,41.09956],[29.79531,41.09801],[29.79626,41.09764],[29.79772,41.09799],[29.80001,41.09709],[29.8014,41.09632],[29.80243,41.09511],[29.80239,41.09344],[29.80419,41.0929],[29.80769,41.09469],[29.81061,41.09513],[29.81227,41.09709],[29.81052,41.09908],[29.8129,41.10046],[29.81193,41.10176],[29.81505,41.10216],[29.81729,41.10217],[29.81732,41.10408],[29.81483,41.10542],[29.81241,41.10767],[29.81134,41.10952],[29.81022,41.10967],[29.80732,41.1113],[29.80824,41.113],[29.80753,41.11387],[29.80652,41.11634],[29.80665,41.11705],[29.80427,41.1179],[29.80169,41.11989],[29.79893,41.11982],[29.79727,41.11939],[29.79461,41.11924],[29.79288,41.11842],[29.78613,41.11656],[29.78052,41.11571]]]},"properties":{"id":8894729,"name":"Gökmaşlı Mahallesi","district_id":1275310}},{"type":"Feature","geometry":{"type":"Polygon","coordinates":[[[29.78052,41.11571],[29.78613,41.11656],[29.79288,41.11842],[29.79461,41.11924],[29.79727,41.11939],[29.79893,41.11982],[29.80169,41.11989],[29.80427,41.1179],[29.80665,41.11705],[29.80756,41.11996],[29.80697,41.1208],[29.80983,41.12384],[29.81282,41.12325],[29.81516,41.12177],[29.81707,41.12566],[29.81838,41.12615],[29.82176,41.12677],[29.81746,41.12956],[29.81747,41.13064],[29.81647,41.13151],[29.81692,41.13232],[29.81596,41.13376],[29.81731,41.13486],[29.81843,41.13522],[29.81837,41.13712],[29.81982,41.14038],[29.82178,41.14103],[29.82225,41.14166],[29.82131,41.14318],[29.81954,41.1434],[29.81876,41.14421],[29.81551,41.1461],[29.81433,41.1464],[29.81225,41.14777],[29.81098,41.1477],[29.80863,41.14828],[29.8083,41.14926],[29.80613,41.1504],[29.80417,41.15086],[29.80187,41.15196],[29.7997,41.15215],[29.79616,41.15366],[29.79565,41.15304],[29.79386,41.15397],[29.7889,41.15215],[29.79016,41.15446],[29.78946,41.15539],[29.7872,41.15594],[29.78287,41.15757],[29.78133,41.15712],[29.77993,41.15843],[29.77772,41.15758],[29.77821,41.15646],[29.77798,41.15587],[29.77876,41.15593],[29.78102,41.15439],[29.78145,41.15373],[29.7843,41.15139],[29.78384,41.1509],[29.7833,41.14815],[29.78404,41.14547],[29.78405,41.14133],[29.78552,41.13933],[29.78491,41.13567],[29.78819,41.13139],[29.78795,41.13023],[29.78538,41.12761],[29.78345,41.12656],[29.78244,41.12678],[29.77921,41.12578],[29.77879,41.12389],[29.77946,41.12305],[29.77979,41.1213],[29.78111,41.1197],[29.7811,41.11781],[29.78052,41.11571]]]},"properties":{"id":8897352,"name":"Şuayipli Mahallesi","district_id":1275310}},{"type":"Feature","geometry":{"type":"Polygon","coordinates":[[[29.79426,41.01908],[29.79432,41.02165],[29.79481,41.02393],[29.79422,41.02628],[29.79452,41.02694],[29.7934,41.03001],[29.79421,41.03133],[29.79367,41.0328],[29.79229,41.03452],[29.79302,41.0354],[29.79317,41.03756],[29.79192,41.03904],[29.79079,41.04183],[29.78801,41.04367],[29.78705,41.04577],[29.78585,41.047],[29.78604,41.04892],[29.78762,41.0501],[29.78848,41.0519],[29.78804,41.05287],[29.78855,41.05567],[29.78706,41.05564],[29.78443,41.05513],[29.78185,41.05529],[29.78052,41.05593],[29.77993,41.05783],[29.77695,41.06114],[29.77399,41.06053],[29.77273,41.05965],[29.77157,41.05946],[29.76757,41.05953],[29.76376,41.05935],[29.75956,41.06122],[29.7582,41.06332],[29.7558,41.06509],[29.75341,41.06095],[29.75397,41.06005],[29.75358,41.05861],[29.75132,41.05667],[29.75009,41.05611],[29.7482,41.0564],[29.74654,41.05429],[29.74547,41.0534],[29.74424,41.05306],[29.74471,41.05098],[29.74441,41.05036],[29.74247,41.05164],[29.74201,41.05246],[29.73983,41.0533],[29.73778,41.05285],[29.73751,41.04996],[29.73682,41.04975],[29.73739,41.04768],[29.7364,41.0469],[29.73714,41.04568],[29.73611,41.04422],[29.73478,41.04164],[29.73601,41.04134],[29.73654,41.04049],[29.73634,41.03714],[29.73751,41.03464],[29.73881,41.03584],[29.74066,41.03596],[29.74213,41.03503],[29.74261,41.03416],[29.74499,41.03477],[29.7464,41.03435],[29.74737,41.03332],[29.75061,41.03199],[29.75369,41.02773],[29.75635,41.02656],[29.75902,41.02724],[29.76456,41.02683],[29.76497,41.02548],[29.77124,41.02525],[29.77836,41.02739],[29.78047,41.02543],[29.782,41.0256],[29.78319,41.02461],[29.785,41.02389],[29.78573,41.02155],[29.78996,41.02026],[29.7915,41.01924],[29.79341,41.02006],[29.79426,41.01908]]]},"properties":{"id":8897385,"name":"Hacıllı Mahallesi","district_id":1275310}},{"type":"Feature","geometry":{"type":"Polygon","coordinates":[[[29.77798,41.15587],[29.77702,41.15529],[29.77687,41.15105],[29.77548,41.14904],[29.77564,41.14687],[29.77372,41.14496],[29.77316,41.14375],[29.7715,41.14186],[29.77082,41.14035],[29.77099,41.13811],[29.76899,41.13515],[29.76753,41.1338],[29.76625,41.13035],[29.76777,41.12865],[29.76934,41.12849],[29.76931,41.12701],[29.76862,41.12618],[29.76736,41.12307],[29.76768,41.12133],[29.76894,41.12039],[29.76883,41.11951],[29.77094,41.11853],[29.77156,41.11775],[29.77307,41.11985],[29.7775,41.12173],[29.77804,41.12259],[29.77946,41.12305],[29.77879,41.12389],[29.77921,41.12578],[29.78244,41.12678],[29.78345,41.12656],[29.78538,41.12761],[29.78795,41.13023],[29.78819,41.13139],[29.78491,41.13567],[29.78552,41.13933],[29.78405,41.14133],[29.78404,41.14547],[29.7833,41.14815],[29.78384,41.1509],[29.7843,41.15139],[29.78145,41.15373],[29.78102,41.15439],[29.77876,41.15593],[29.77798,41.15587]]]},"properties":{"id":8900397,"name":"Bozgoca Mahallesi","district_id":1275310}},{"type":"Feature","geometry":{"type":"Polygon","coordinates":[[[29.77821,41.15646],[29.77595,41.15622],[29.77534,41.15716],[29.77576,41.15881],[29.77412,41.15852],[29.77287,41.15918],[29.76759,41.16054],[29.76671,41.15999],[29.76338,41.15898],[29.76122,41.15875],[29.75863,41.15903],[29.75659,41.15725],[29.75351,41.15066],[29.75081,41.14538],[29.75068,41.14412],[29.75171,41.14316],[29.75125,41.14171],[29.75191,41.14019],[29.75048,41.13909],[29.75113,41.13853],[29.75113,41.13728],[29.7504,41.13639],[29.75094,41.13384],[29.75258,41.13317],[29.75343,41.13203],[29.75385,41.12822],[29.75266,41.12703],[29.75201,41.12548],[29.75246,41.12429],[29.75167,41.12299],[29.75221,41.12221],[29.75188,41.12126],[29.75405,41.11875],[29.75531,41.11778],[29.75416,41.11607],[29.75509,41.11601],[29.75997,41.11634],[29.76363,41.1134],[29.76648,41.11275],[29.76856,41.11375],[29.76908,41.11537],[29.77013,41.11668],[29.77156,41.11775],[29.77094,41.11853],[29.76883,41.11951],[29.76894,41.12039],[29.76768,41.12133],[29.76736,41.12307],[29.76862,41.12618],[29.76931,41.12701],[29.76934,41.12849],[29.76777,41.12865],[29.76625,41.13035],[29.76753,41.1338],[29.76899,41.13515],[29.77099,41.13811],[29.77082,41.14035],[29.7715,41.14186],[29.77316,41.14375],[29.77372,41.14496],[29.77564,41.14687],[29.77548,41.14904],[29.77687,41.15105],[29.77702,41.15529],[29.77798,41.15587],[29.77821,41.15646]]]},"properties":{"id":8900398,"name":"Karacaköy Mahallesi","district_id":1275310}},{"type":"Feature","geometry":{"type":"Polygon","coordinates":[[[29.72625,41.12315],[29.72792,41.12176],[29.72936,41.1216],[29.73101,41.1206],[29.73377,41.12108],[29.73574,41.12096],[29.73713,41.12031],[29.73984,41.12099],[29.74127,41.12091],[29.74247,41.12158],[29.74512,41.12157],[29.74755,41.122],[29.7498,41.12397],[29.75167,41.12299],[29.75246,41.12429],[29.75201,41.12548],[29.75266,41.12703],[29.75385,41.12822],[29.75343,41.13203],[29.75258,41.13317],[29.75094,41.13384],[29.7504,41.13639],[29.75113,41.13728],[29.75113,41.13853],[29.75048,41.13909],[29.75191,41.14019],[29.75125,41.14171],[29.75171,41.14316],[29.75068,41.14412],[29.75081,41.14538],[29.75351,41.15066],[29.75659,41.15725],[29.75519,41.15735],[29.75312,41.15897],[29.75315,41.16142],[29.75118,41.16101],[29.75214,41.16012],[29.75027,41.15875],[29.74892,41.15876],[29.74761,41.15974],[29.74598,41.15934],[29.74347,41.16014],[29.74195,41.15994],[29.74132,41.15864],[29.73944,41.15879],[29.73747,41.15809],[29.7359,41.15596],[29.73431,41.15594],[29.7333,41.15522],[29.73134,41.15536],[29.73111,41.15371],[29.73022,41.15349],[29.73031,41.15041],[29.73003,41.14923],[29.72857,41.14726],[29.7264,41.1457],[29.72524,41.14417],[29.72502,41.14259],[29.7258,41.14134],[29.72527,41.13838],[29.72584,41.13453],[29.72518,41.13242],[29.72608,41.12689],[29.72664,41.12543],[29.72625,41.12315]]]},"properties":{"id":8900415,"name":"İmrenli Mahallesi","district_id":1275310}},{"type":"Feature","geometry":{"type":"Polygon","coordinates":[[[28.95923,41.05306],[28.96171,41.05337],[28.9627,41.05536],[28.96124,41.05556],[28.95772,41.05719],[28.95702,41.05807],[28.95733,41.0596],[28.95882,41.06115],[28.95914,41.06227],[28.95774,41.06428],[28.95737,41.06587],[28.95454,41.06456],[28.95346,41.06371],[28.95101,41.06303],[28.94949,41.06305],[28.95084,41.0616],[28.95507,41.05852],[28.95534,41.05638],[28.95576,41.0557],[28.95526,41.05401],[28.95736,41.05344],[28.95923,41.05306]]]},"properties":{"id":8902002,"name":"Mehmet Akif Ersoy Mahallesi","district_id":1765894}},{"type":"Feature","geometry":{"type":"Polygon","coordinates":[[[29.72787,41.03777],[29.72888,41.03889],[29.72982,41.0411],[29.73243,41.04218],[29.73478,41.04164],[29.73611,41.04422],[29.73714,41.04568],[29.7364,41.0469],[29.73739,41.04768],[29.73682,41.04975],[29.73751,41.04996],[29.73778,41.05285],[29.73983,41.0533],[29.74201,41.05246],[29.74247,41.05164],[29.74441,41.05036],[29.74471,41.05098],[29.74424,41.05306],[29.74547,41.0534],[29.74654,41.05429],[29.7482,41.0564],[29.75009,41.05611],[29.75132,41.05667],[29.75358,41.05861],[29.75397,41.06005],[29.75341,41.06095],[29.7558,41.06509],[29.75638,41.06751],[29.75536,41.06982],[29.75346,41.07152],[29.75204,41.07331],[29.74965,41.07308],[29.74737,41.07317],[29.74651,41.07376],[29.74476,41.07372],[29.74317,41.07432],[29.73839,41.07269],[29.73407,41.07087],[29.73207,41.07042],[29.73126,41.06572],[29.73146,41.06494],[29.72994,41.06278],[29.73119,41.06206],[29.73144,41.06121],[29.7285,41.05764],[29.72491,41.05475],[29.72137,41.0548],[29.72001,41.05449],[29.71899,41.05364],[29.71469,41.05222],[29.71324,41.05227],[29.7125,41.05112],[29.71369,41.04972],[29.71609,41.04889],[29.71808,41.04767],[29.72033,41.0457],[29.72404,41.04304],[29.72376,41.04212],[29.72449,41.04077],[29.72787,41.03777]]]},"properties":{"id":8905922,"name":"Sortullu Mahallesi","district_id":1275310}},{"type":"Feature","geometry":{"type":"Polygon","coordinates":[[[29.70049,41.11355],[29.70012,41.11275],[29.69743,41.11174],[29.69646,41.11092],[29.69625,41.10986],[29.69736,41.10919],[29.69928,41.10882],[29.70021,41.1074],[29.69992,41.1045],[29.70064,41.10376],[29.70178,41.10387],[29.70363,41.10264],[29.70503,41.10118],[29.70567,41.10064],[29.70584,41.09989],[29.70747,41.09941],[29.70999,41.09923],[29.71197,41.09967],[29.71505,41.09801],[29.71412,41.09637],[29.71506,41.09401],[29.72067,41.09495],[29.72541,41.09296],[29.73112,41.09274],[29.73477,41.09465],[29.73633,41.09477],[29.73864,41.09426],[29.74017,41.09428],[29.74443,41.09611],[29.744,41.0979],[29.74458,41.09991],[29.74616,41.09985],[29.74552,41.10144],[29.74603,41.10388],[29.74768,41.10464],[29.74874,41.10663],[29.75183,41.10705],[29.75315,41.10678],[29.75405,41.10554],[29.75575,41.10564],[29.75645,41.10742],[29.75551,41.10843],[29.75464,41.11055],[29.75576,41.11154],[29.75602,41.11253],[29.75517,41.11445],[29.75509,41.11601],[29.75416,41.11607],[29.75531,41.11778],[29.75405,41.11875],[29.75188,41.12126],[29.75221,41.12221],[29.75167,41.12299],[29.7498,41.12397],[29.74755,41.122],[29.74512,41.12157],[29.74247,41.12158],[29.74127,41.12091],[29.73984,41.12099],[29.73713,41.12031],[29.73574,41.12096],[29.73377,41.12108],[29.73101,41.1206],[29.72936,41.1216],[29.72792,41.12176],[29.72625,41.12315],[29.72568,41.12251],[29.72383,41.1221],[29.72237,41.12225],[29.72035,41.12317],[29.71796,41.12294],[29.71204,41.12302],[29.70804,41.12213],[29.70677,41.12165],[29.70596,41.12077],[29.70073,41.1182],[29.70602,41.11621],[29.70419,41.11337],[29.70049,41.11355]]]},"properties":{"id":8906003,"name":"Karabeyli Mahallesi","district_id":1275310}},{"type":"Feature","geometry":{"type":"Polygon","coordinates":[[[29.70073,41.1182],[29.70596,41.12077],[29.70677,41.12165],[29.70804,41.12213],[29.71204,41.12302],[29.71796,41.12294],[29.72035,41.12317],[29.72237,41.12225],[29.72383,41.1221],[29.72568,41.12251],[29.72625,41.12315],[29.72664,41.12543],[29.72608,41.12689],[29.72518,41.13242],[29.72584,41.13453],[29.72527,41.13838],[29.7258,41.14134],[29.72502,41.14259],[29.72524,41.14417],[29.7264,41.1457],[29.72857,41.14726],[29.73003,41.14923],[29.73031,41.15041],[29.73022,41.15349],[29.73111,41.15371],[29.73134,41.15536],[29.72939,41.15588],[29.72687,41.15694],[29.72497,41.15665],[29.72426,41.15759],[29.72221,41.15712],[29.71963,41.15796],[29.71804,41.15729],[29.71703,41.158],[29.71392,41.15877],[29.71085,41.15919],[29.70916,41.15914],[29.71061,41.15736],[29.71288,41.15603],[29.71412,41.15476],[29.71182,41.15433],[29.71098,41.15317],[29.70868,41.15161],[29.70898,41.15081],[29.70917,41.14739],[29.7082,41.14518],[29.70642,41.14281],[29.70334,41.14095],[29.70375,41.14002],[29.7039,41.13757],[29.70119,41.13532],[29.69873,41.13521],[29.69859,41.13399],[29.69727,41.13263],[29.69941,41.12966],[29.69631,41.12719],[29.69926,41.12465],[29.69993,41.12368],[29.6996,41.1223],[29.69825,41.12105],[29.69605,41.11966],[29.69752,41.11941],[29.70073,41.1182]]]},"properties":{"id":8906049,"name":"Akçakese Mahallesi","district_id":1275310}},{"type":"Feature","geometry":{"type":"Polygon","coordinates":[[[29.66558,41.13824],[29.66857,41.13769],[29.66874,41.13635],[29.66793,41.13437],[29.66691,41.13311],[29.6667,41.13194],[29.66537,41.13119],[29.66538,41.13003],[29.66469,41.12759],[29.66644,41.12631],[29.66642,41.12464],[29.66745,41.12444],[29.66863,41.12499],[29.66757,41.12165],[29.66636,41.12017],[29.66577,41.11884],[29.66636,41.11762],[29.66852,41.117],[29.6711,41.1169],[29.67262,41.11796],[29.67435,41.11546],[29.67404,41.1144],[29.67538,41.11261],[29.67749,41.11164],[29.67849,41.113],[29.68023,41.11343],[29.68063,41.11427],[29.68577,41.1166],[29.69109,41.11558],[29.69289,41.11676],[29.69472,41.11509],[29.6961,41.11523],[29.69713,41.11637],[29.69863,41.11601],[29.70021,41.1143],[29.70049,41.11355],[29.70419,41.11337],[29.70602,41.11621],[29.70073,41.1182],[29.69752,41.11941],[29.69605,41.11966],[29.69825,41.12105],[29.6996,41.1223],[29.69993,41.12368],[29.69926,41.12465],[29.69631,41.12719],[29.69941,41.12966],[29.69727,41.13263],[29.69859,41.13399],[29.69873,41.13521],[29.70119,41.13532],[29.7039,41.13757],[29.70375,41.14002],[29.70334,41.14095],[29.70642,41.14281],[29.7082,41.14518],[29.70917,41.14739],[29.70898,41.15081],[29.70868,41.15161],[29.71098,41.15317],[29.71182,41.15433],[29.71412,41.15476],[29.71288,41.15603],[29.71061,41.15736],[29.70916,41.15914],[29.70548,41.15988],[29.70557,41.16046],[29.70319,41.1611],[29.70278,41.16197],[29.70278,41.16373],[29.70139,41.16353],[29.69969,41.16415],[29.69746,41.164],[29.69609,41.16357],[29.69303,41.16371],[29.69203,41.1627],[29.69046,41.1633],[29.68854,41.16258],[29.68643,41.16382],[29.68297,41.16284],[29.68152,41.1632],[29.67918,41.16198],[29.67348,41.16318],[29.67206,41.16374],[29.67102,41.16551],[29.66851,41.16648],[29.66627,41.16671],[29.66544,41.1651],[29.66332,41.16481],[29.66005,41.16509],[29.6585,41.16544],[29.65702,41.16409],[29.65688,41.16213],[29.65605,41.16005],[29.65675,41.15897],[29.65649,41.15622],[29.65737,41.15419],[29.65811,41.15131],[29.65746,41.14985],[29.65872,41.14675],[29.66415,41.14014],[29.66558,41.13824]]]},"properties":{"id":8906089,"name":"Kabakoz Mahallesi","district_id":1275310}},{"type":"Feature","geometry":{"type":"Polygon","coordinates":[[[29.6585,41.16544],[29.64757,41.16834],[29.64556,41.16927],[29.64446,41.17043],[29.64312,41.16975],[29.64103,41.16961],[29.63765,41.17022],[29.63466,41.17118],[29.63258,41.17284],[29.63293,41.17359],[29.63202,41.17431],[29.62973,41.17405],[29.62959,41.1753],[29.62806,41.17422],[29.62465,41.1755],[29.6242,41.17619],[29.62464,41.17818],[29.62349,41.17994],[29.62277,41.17869],[29.62189,41.17921],[29.61996,41.17948],[29.6198,41.17851],[29.61822,41.17757],[29.61757,41.17897],[29.61635,41.17853],[29.61434,41.17854],[29.61461,41.17979],[29.6141,41.18097],[29.61249,41.18084],[29.61135,41.18001],[29.61241,41.17787],[29.613,41.17743],[29.61484,41.17599],[29.61504,41.1743],[29.61666,41.1735],[29.61319,41.16866],[29.61425,41.16735],[29.616,41.16626],[29.61847,41.16545],[29.61932,41.16418],[29.6206,41.16371],[29.62107,41.16281],[29.62287,41.16212],[29.62535,41.15984],[29.62564,41.15858],[29.6286,41.15732],[29.6306,41.1568],[29.63224,41.15704],[29.63598,41.15264],[29.63864,41.1531],[29.63828,41.15533],[29.63643,41.15735],[29.64201,41.15809],[29.6476,41.15807],[29.65373,41.15631],[29.65649,41.15622],[29.65675,41.15897],[29.65605,41.16005],[29.65688,41.16213],[29.65702,41.16409],[29.6585,41.16544]]]},"properties":{"id":8917831,"name":"Balibey Mahallesi","district_id":1275310}},{"type":"Feature","geometry":{"type":"Polygon","coordinates":[[[29.60733,41.17715],[29.60908,41.17585],[29.61156,41.17503],[29.61237,41.17568],[29.61385,41.17596],[29.613,41.17743],[29.61241,41.17787],[29.61135,41.18001],[29.60855,41.17899],[29.60887,41.17784],[29.60733,41.17715]]]},"properties":{"id":8918298,"name":"Hacı Kasım Mahallesi","district_id":1275310}},{"type":"Feature","geometry":{"type":"Polygon","coordinates":[[[29.59165,41.16297],[29.5932,41.16214],[29.59178,41.16055],[29.59232,41.15994],[29.59407,41.15951],[29.59549,41.15825],[29.59535,41.15752],[29.59412,41.15658],[29.59473,41.15553],[29.59579,41.15545],[29.59523,41.1541],[29.59277,41.15388],[29.59167,41.15289],[29.59402,41.15288],[29.59858,41.15361],[29.60775,41.15643],[29.61028,41.15609],[29.61303,41.1542],[29.61625,41.15335],[29.62019,41.15332],[29.62177,41.15355],[29.62564,41.15562],[29.6306,41.1568],[29.6286,41.15732],[29.62564,41.15858],[29.62535,41.15984],[29.62287,41.16212],[29.62107,41.16281],[29.6206,41.16371],[29.61932,41.16418],[29.61847,41.16545],[29.616,41.16626],[29.61425,41.16735],[29.61319,41.16866],[29.61666,41.1735],[29.61504,41.1743],[29.61484,41.17599],[29.613,41.17743],[29.61385,41.17596],[29.61237,41.17568],[29.61156,41.17503],[29.60908,41.17585],[29.60733,41.17715],[29.60589,41.17646],[29.60396,41.17619],[29.6037,41.17539],[29.60127,41.17305],[29.59879,41.17173],[29.59706,41.17125],[29.59375,41.17076],[29.59194,41.17076],[29.59154,41.16549],[29.59096,41.16382],[29.59165,41.16297]]]},"properties":{"id":8939333,"name":"Çavuş Mahallesi","district_id":1275310}},{"type":"Feature","geometry":{"type":"Polygon","coordinates":[[[29.6027,41.12336],[29.60521,41.12644],[29.60652,41.12596],[29.60684,41.12525],[29.6098,41.12662],[29.61066,41.12632],[29.61304,41.12439],[29.61384,41.12415],[29.62045,41.12743],[29.62205,41.12805],[29.62356,41.12647],[29.62495,41.12622],[29.62635,41.12851],[29.62651,41.13076],[29.62609,41.13253],[29.62648,41.13429],[29.62835,41.13702],[29.63226,41.13835],[29.63966,41.13961],[29.6396,41.14032],[29.63682,41.14442],[29.63598,41.14848],[29.63653,41.15037],[29.63569,41.15234],[29.63598,41.15264],[29.63224,41.15704],[29.6306,41.1568],[29.62564,41.15562],[29.62177,41.15355],[29.62019,41.15332],[29.61625,41.15335],[29.61303,41.1542],[29.61028,41.15609],[29.60775,41.15643],[29.59858,41.15361],[29.59402,41.15288],[29.59167,41.15289],[29.59119,41.15096],[29.59172,41.15048],[29.59357,41.15031],[29.59487,41.14963],[29.59404,41.14717],[29.59552,41.14679],[29.59612,41.14581],[29.59538,41.14333],[29.59557,41.14],[29.59491,41.13632],[29.59579,41.13217],[29.59564,41.13044],[29.59472,41.12892],[29.59697,41.12586],[29.59794,41.12397],[29.59933,41.12349],[29.60199,41.12363],[29.6027,41.12336]]]},"properties":{"id":8939334,"name":"İmrendere Mahallesi","district_id":1275310}},{"type":"Feature","geometry":{"type":"Polygon","coordinates":[[[29.69319,41.03026],[29.6979,41.02925],[29.69989,41.02836],[29.70046,41.02816],[29.70583,41.02861],[29.70578,41.02988],[29.70443,41.03177],[29.70442,41.03448],[29.70727,41.03197],[29.71374,41.02994],[29.71594,41.02896],[29.71815,41.02751],[29.71881,41.02801],[29.71714,41.02969],[29.7184,41.03097],[29.71844,41.03198],[29.7214,41.03116],[29.72304,41.03152],[29.72358,41.03254],[29.72682,41.03541],[29.72694,41.03668],[29.72787,41.03777],[29.72449,41.04077],[29.72376,41.04212],[29.72404,41.04304],[29.72033,41.0457],[29.71808,41.04767],[29.71609,41.04889],[29.71369,41.04972],[29.7125,41.05112],[29.71324,41.05227],[29.71207,41.0526],[29.71138,41.0543],[29.71212,41.05583],[29.71121,41.05604],[29.7089,41.05581],[29.70645,41.05526],[29.70084,41.0568],[29.7008,41.05532],[29.69951,41.05394],[29.70041,41.05196],[29.69963,41.0508],[29.70068,41.04903],[29.70013,41.04717],[29.69826,41.04534],[29.6973,41.04573],[29.69438,41.04577],[29.69256,41.04509],[29.69237,41.04387],[29.68977,41.04106],[29.68822,41.04023],[29.6876,41.03903],[29.68507,41.03757],[29.68219,41.03636],[29.68218,41.03566],[29.68335,41.03582],[29.68534,41.0347],[29.68753,41.03252],[29.69031,41.03187],[29.6915,41.03091],[29.69319,41.03026]]]},"properties":{"id":8996428,"name":"Ağaçdere Mahallesi","district_id":1275310}},{"type":"Feature","geometry":{"type":"Polygon","coordinates":[[[29.70567,41.10064],[29.70466,41.10001],[29.70283,41.09985],[29.70187,41.09903],[29.70115,41.09636],[29.7024,41.0953],[29.70223,41.0942],[29.70021,41.09299],[29.70096,41.09113],[29.70099,41.09005],[29.69987,41.08861],[29.69906,41.08653],[29.70022,41.08493],[29.70005,41.08377],[29.70151,41.08227],[29.7039,41.08129],[29.704,41.08049],[29.7054,41.07988],[29.70802,41.07992],[29.70992,41.07818],[29.71206,41.07763],[29.7131,41.07658],[29.71308,41.07512],[29.71365,41.07458],[29.71332,41.07317],[29.71351,41.07115],[29.71279,41.07013],[29.71148,41.06929],[29.71217,41.06742],[29.71039,41.06596],[29.71098,41.06296],[29.7117,41.06179],[29.7107,41.06113],[29.70828,41.06129],[29.70874,41.06028],[29.7069,41.05968],[29.70523,41.05836],[29.70473,41.05731],[29.70273,41.05745],[29.70084,41.0568],[29.70645,41.05526],[29.7089,41.05581],[29.71121,41.05604],[29.71212,41.05583],[29.71138,41.0543],[29.71207,41.0526],[29.71324,41.05227],[29.71469,41.05222],[29.71899,41.05364],[29.72001,41.05449],[29.72137,41.0548],[29.72491,41.05475],[29.7285,41.05764],[29.73144,41.06121],[29.73119,41.06206],[29.72994,41.06278],[29.73146,41.06494],[29.73126,41.06572],[29.73207,41.07042],[29.73407,41.07087],[29.73839,41.07269],[29.74317,41.07432],[29.74476,41.07372],[29.74651,41.07376],[29.74737,41.07317],[29.74965,41.07308],[29.74631,41.07565],[29.74345,41.07727],[29.74181,41.0779],[29.73786,41.08474],[29.73698,41.08541],[29.73347,41.08633],[29.73313,41.08668],[29.73112,41.09274],[29.72541,41.09296],[29.72067,41.09495],[29.71506,41.09401],[29.71412,41.09637],[29.71505,41.09801],[29.71197,41.09967],[29.70999,41.09923],[29.70747,41.09941],[29.70584,41.09989],[29.70567,41.10064]]]},"properties":{"id":8996776,"name":"Osmanköy Mahallesi","district_id":1275310}},{"type":"Feature","geometry":{"type":"Polygon","coordinates":[[[29.66558,41.13824],[29.66469,41.13785],[29.66271,41.13813],[29.66022,41.13765],[29.65792,41.13622],[29.65439,41.13636],[29.64894,41.13834],[29.64828,41.13907],[29.64492,41.14023],[29.64281,41.14013],[29.63966,41.13961],[29.63226,41.13835],[29.62835,41.13702],[29.62648,41.13429],[29.62609,41.13253],[29.62651,41.13076],[29.62635,41.12851],[29.62495,41.12622],[29.62665,41.12573],[29.62876,41.12393],[29.63154,41.12311],[29.63343,41.12128],[29.63361,41.12062],[29.63561,41.11959],[29.63675,41.11856],[29.63612,41.1145],[29.6366,41.11324],[29.63806,41.11119],[29.63866,41.10975],[29.64045,41.10908],[29.64082,41.10802],[29.63983,41.10738],[29.63617,41.10702],[29.63466,41.10761],[29.63259,41.1069],[29.63132,41.10525],[29.63195,41.10443],[29.63257,41.10204],[29.63143,41.10127],[29.63092,41.10027],[29.6326,41.09682],[29.63501,41.0939],[29.63279,41.09164],[29.63326,41.09093],[29.63148,41.08955],[29.62941,41.08933],[29.627,41.08845],[29.62324,41.08648],[29.62182,41.08626],[29.61968,41.08508],[29.6188,41.08296],[29.62217,41.08225],[29.62414,41.08249],[29.62523,41.08306],[29.62847,41.08192],[29.63032,41.07956],[29.63251,41.07914],[29.63365,41.07953],[29.63665,41.0812],[29.64116,41.08166],[29.64652,41.08107],[29.65025,41.08137],[29.65272,41.08092],[29.65429,41.08032],[29.65615,41.08155],[29.65682,41.08267],[29.65707,41.08658],[29.65938,41.08643],[29.65939,41.08769],[29.6602,41.08847],[29.66026,41.08959],[29.66183,41.09073],[29.66225,41.09181],[29.66116,41.09357],[29.66101,41.09454],[29.66258,41.09686],[29.66156,41.09827],[29.66218,41.09924],[29.66388,41.09992],[29.66763,41.10057],[29.66916,41.10178],[29.67051,41.10198],[29.67242,41.10331],[29.67338,41.10304],[29.67582,41.10155],[29.67927,41.10135],[29.68153,41.10201],[29.68209,41.1034],[29.68338,41.1037],[29.68888,41.10354],[29.69298,41.10224],[29.69428,41.10333],[29.69631,41.10337],[29.69795,41.10113],[29.70434,41.10093],[29.70503,41.10118],[29.70363,41.10264],[29.70178,41.10387],[29.70064,41.10376],[29.69992,41.1045],[29.70021,41.1074],[29.69928,41.10882],[29.69736,41.10919],[29.69625,41.10986],[29.69646,41.11092],[29.69743,41.11174],[29.70012,41.11275],[29.70049,41.11355],[29.70021,41.1143],[29.69863,41.11601],[29.69713,41.11637],[29.6961,41.11523],[29.69472,41.11509],[29.69289,41.11676],[29.69109,41.11558],[29.68577,41.1166],[29.68063,41.11427],[29.68023,41.11343],[29.67849,41.113],[29.67749,41.11164],[29.67538,41.11261],[29.67404,41.1144],[29.67435,41.11546],[29.67262,41.11796],[29.6711,41.1169],[29.66852,41.117],[29.66636,41.11762],[29.66577,41.11884],[29.66636,41.12017],[29.66757,41.12165],[29.66863,41.12499],[29.66745,41.12444],[29.66642,41.12464],[29.66644,41.12631],[29.66469,41.12759],[29.66538,41.13003],[29.66537,41.13119],[29.6667,41.13194],[29.66691,41.13311],[29.66793,41.13437],[29.66874,41.13635],[29.66857,41.13769],[29.66558,41.13824]]]},"properties":{"id":9027454,"name":"Yeniköy Mahallesi","district_id":1275310}},{"type":"Feature","geometry":{"type":"Polygon","coordinates":[[[29.68253,41.0809],[29.68357,41.08011],[29.68642,41.07915],[29.68827,41.07917],[29.68962,41.08063],[29.69262,41.08321],[29.69922,41.08319],[29.70151,41.08227],[29.70005,41.08377],[29.70022,41.08493],[29.69906,41.08653],[29.69987,41.08861],[29.70099,41.09005],[29.70096,41.09113],[29.70021,41.09299],[29.70223,41.0942],[29.7024,41.0953],[29.70115,41.09636],[29.70187,41.09903],[29.70283,41.09985],[29.70466,41.10001],[29.70567,41.10064],[29.70503,41.10118],[29.70434,41.10093],[29.69795,41.10113],[29.69631,41.10337],[29.69428,41.10333],[29.69298,41.10224],[29.68888,41.10354],[29.68338,41.1037],[29.68209,41.1034],[29.68153,41.10201],[29.67927,41.10135],[29.67582,41.10155],[29.67338,41.10304],[29.67242,41.10331],[29.67051,41.10198],[29.66916,41.10178],[29.66763,41.10057],[29.66388,41.09992],[29.66218,41.09924],[29.66156,41.09827],[29.66258,41.09686],[29.66101,41.09454],[29.66116,41.09357],[29.66225,41.09181],[29.66183,41.09073],[29.66026,41.08959],[29.6602,41.08847],[29.65939,41.08769],[29.65938,41.08643],[29.65707,41.08658],[29.65682,41.08267],[29.65884,41.08319],[29.66245,41.08247],[29.66664,41.08088],[29.66774,41.08087],[29.67259,41.08213],[29.67395,41.08207],[29.68068,41.08262],[29.68274,41.08269],[29.68317,41.0821],[29.68253,41.0809]]]},"properties":{"id":9027455,"name":"Yaylalı Mahallesi","district_id":1275310}},{"type":"Feature","geometry":{"type":"Polygon","coordinates":[[[29.63598,41.15264],[29.63569,41.15234],[29.63653,41.15037],[29.63598,41.14848],[29.63682,41.14442],[29.6396,41.14032],[29.63966,41.13961],[29.64281,41.14013],[29.64492,41.14023],[29.64828,41.13907],[29.64894,41.13834],[29.65439,41.13636],[29.65792,41.13622],[29.66022,41.13765],[29.66271,41.13813],[29.66469,41.13785],[29.66558,41.13824],[29.66415,41.14014],[29.65872,41.14675],[29.65746,41.14985],[29.65811,41.15131],[29.65737,41.15419],[29.65649,41.15622],[29.65373,41.15631],[29.6476,41.15807],[29.64201,41.15809],[29.63643,41.15735],[29.63828,41.15533],[29.63864,41.1531],[29.63598,41.15264]]]},"properties":{"id":9027503,"name":"Çayırbaşı Mahallesi","district_id":1275310}},{"type":"Feature","geometry":{"type":"Polygon","coordinates":[[[29.3057,40.86125],[29.30704,40.86131],[29.30866,40.86205],[29.31212,40.86215],[29.31518,40.86375],[29.31492,40.8659],[29.31214,40.86856],[29.31223,40.87141],[29.31265,40.87276],[29.312,40.87434],[29.30928,40.87494],[29.30895,40.87559],[29.30727,40.87555],[29.30655,40.87678],[29.30482,40.8766],[29.30265,40.87539],[29.30207,40.8747],[29.29969,40.87391],[29.30205,40.87093],[29.30225,40.86955],[29.30318,40.8674],[29.30339,40.86512],[29.30428,40.86512],[29.30569,40.86193],[29.3057,40.86125]]]},"properties":{"id":9042591,"name":"Ahmet Yesevi Mahallesi","district_id":1276011}},{"type":"Feature","geometry":{"type":"Polygon","coordinates":[[[29.29553,40.86415],[29.29811,40.86462],[29.29853,40.86389],[29.29972,40.86408],[29.30391,40.86384],[29.3057,40.86125],[29.30569,40.86193],[29.30428,40.86512],[29.30339,40.86512],[29.30318,40.8674],[29.30225,40.86955],[29.30205,40.87093],[29.29969,40.87391],[29.29718,40.87392],[29.29584,40.87342],[29.29555,40.87151],[29.29556,40.86805],[29.29532,40.86537],[29.29553,40.86415]]]},"properties":{"id":9042592,"name":"Fatih Mahallesi","district_id":1276011}},{"type":"Feature","geometry":{"type":"Polygon","coordinates":[[[29.57811,41.16105],[29.58104,41.16016],[29.58289,41.16168],[29.5838,41.16149],[29.58506,41.16238],[29.58764,41.16216],[29.58825,41.16246],[29.59093,41.16198],[29.59165,41.16297],[29.59096,41.16382],[29.59154,41.16549],[29.59194,41.17076],[29.59102,41.17073],[29.58464,41.17133],[29.58254,41.17134],[29.58057,41.17168],[29.57786,41.17174],[29.575,41.17212],[29.57504,41.1685],[29.57414,41.16868],[29.57031,41.16697],[29.57033,41.16488],[29.56866,41.16272],[29.57321,41.16112],[29.57811,41.16105]]]},"properties":{"id":9064755,"name":"Kumbaba Mahallesi","district_id":1275310}},{"type":"Feature","geometry":{"type":"Polygon","coordinates":[[[29.55022,41.14363],[29.55212,41.1433],[29.55626,41.14311],[29.56219,41.13998],[29.5643,41.13907],[29.56252,41.13811],[29.56297,41.13576],[29.56523,41.13388],[29.567,41.13181],[29.56609,41.12954],[29.56618,41.12876],[29.56777,41.1285],[29.56719,41.12701],[29.56986,41.12544],[29.57039,41.12575],[29.57153,41.12781],[29.57265,41.1307],[29.57177,41.13193],[29.57165,41.13509],[29.57525,41.13635],[29.57603,41.13692],[29.57944,41.13761],[29.57925,41.14082],[29.57815,41.14145],[29.5772,41.14281],[29.57759,41.14472],[29.57882,41.14469],[29.57993,41.14356],[29.58206,41.14454],[29.58703,41.14408],[29.58854,41.14419],[29.59155,41.14581],[29.59264,41.14594],[29.59404,41.14717],[29.59487,41.14963],[29.59357,41.15031],[29.59172,41.15048],[29.59119,41.15096],[29.59167,41.15289],[29.59277,41.15388],[29.59523,41.1541],[29.59579,41.15545],[29.59473,41.15553],[29.59412,41.15658],[29.59535,41.15752],[29.59549,41.15825],[29.59407,41.15951],[29.59232,41.15994],[29.59178,41.16055],[29.5932,41.16214],[29.59165,41.16297],[29.59093,41.16198],[29.58825,41.16246],[29.58764,41.16216],[29.58506,41.16238],[29.5838,41.16149],[29.58289,41.16168],[29.58104,41.16016],[29.57811,41.16105],[29.57455,41.15921],[29.57358,41.15587],[29.57517,41.15447],[29.57471,41.15355],[29.57141,41.15395],[29.56925,41.15268],[29.56928,41.15155],[29.56465,41.14976],[29.56322,41.14888],[29.56073,41.15006],[29.56068,41.14932],[29.55831,41.14954],[29.55771,41.14917],[29.55446,41.14992],[29.5506,41.15024],[29.55144,41.14919],[29.55029,41.1468],[29.55022,41.14363]]]},"properties":{"id":9064777,"name":"Ahmetli Mahallesi","district_id":1275310}},{"type":"Feature","geometry":{"type":"Polygon","coordinates":[[[29.57811,41.16105],[29.57321,41.16112],[29.56866,41.16272],[29.57033,41.16488],[29.57031,41.16697],[29.57414,41.16868],[29.57504,41.1685],[29.575,41.17212],[29.57009,41.17294],[29.56873,41.17297],[29.56672,41.17353],[29.564,41.17359],[29.56124,41.17427],[29.56113,41.1726],[29.55963,41.17124],[29.56073,41.17023],[29.55931,41.16889],[29.56011,41.16811],[29.56255,41.16667],[29.56301,41.16534],[29.5603,41.1619],[29.55656,41.16027],[29.55554,41.16037],[29.5554,41.15864],[29.55411,41.15492],[29.55255,41.15447],[29.55026,41.15169],[29.5506,41.15024],[29.55446,41.14992],[29.55771,41.14917],[29.55831,41.14954],[29.56068,41.14932],[29.56073,41.15006],[29.56322,41.14888],[29.56465,41.14976],[29.56928,41.15155],[29.56925,41.15268],[29.57141,41.15395],[29.57471,41.15355],[29.57517,41.15447],[29.57358,41.15587],[29.57455,41.15921],[29.57811,41.16105]]]},"properties":{"id":9064778,"name":"Meşrutiyet Mahallesi","district_id":1275310}},{"type":"Feature","geometry":{"type":"Polygon","coordinates":[[[29.69201,40.98878],[29.70083,40.99005],[29.70204,40.99203],[29.70231,40.99345],[29.70313,40.99466],[29.70626,40.99613],[29.70917,40.99836],[29.71064,41.00003],[29.71205,41.00113],[29.71169,41.00211],[29.71806,41.0029],[29.71821,41.00527],[29.71948,41.00774],[29.71743,41.00971],[29.71424,41.01117],[29.71348,41.01276],[29.71156,41.01184],[29.7091,41.01167],[29.70707,41.01261],[29.70632,41.01408],[29.70459,41.01613],[29.70222,41.0163],[29.69795,41.02069],[29.69716,41.02102],[29.69641,41.02262],[29.69615,41.02441],[29.69755,41.02569],[29.69903,41.02608],[29.69989,41.02836],[29.6979,41.02925],[29.69319,41.03026],[29.69218,41.02861],[29.69098,41.02745],[29.68925,41.02676],[29.68808,41.02561],[29.68509,41.02542],[29.68222,41.02775],[29.68006,41.0246],[29.68018,41.02329],[29.68108,41.02115],[29.68101,41.02015],[29.67946,41.01708],[29.67914,41.01464],[29.67849,41.01357],[29.67585,41.01149],[29.67058,41.00951],[29.66762,41.00909],[29.66596,41.00861],[29.66296,41.00898],[29.66082,41.0097],[29.65904,41.01108],[29.65894,41.01178],[29.65771,41.01187],[29.65693,41.01057],[29.65777,41.00929],[29.65993,41.00899],[29.66055,41.00785],[29.65854,41.00646],[29.65959,41.00344],[29.65959,41.00244],[29.66095,41.00036],[29.66125,40.9991],[29.66296,40.99842],[29.66326,40.99611],[29.66429,40.99282],[29.66462,40.99045],[29.66563,40.9893],[29.66571,40.98825],[29.66666,40.98708],[29.66766,40.98843],[29.67101,40.98959],[29.67515,40.99308],[29.67852,40.99486],[29.68,40.99332],[29.68322,40.99196],[29.68408,40.99112],[29.68663,40.98955],[29.68883,40.98907],[29.69011,40.98844],[29.69201,40.98878]]]},"properties":{"id":9064892,"name":"Çengilli Mahallesi","district_id":1275310}},{"type":"Feature","geometry":{"type":"Polygon","coordinates":[[[29.65894,41.01178],[29.65904,41.01108],[29.66082,41.0097],[29.66296,41.00898],[29.66596,41.00861],[29.66762,41.00909],[29.67058,41.00951],[29.67585,41.01149],[29.67849,41.01357],[29.67914,41.01464],[29.67946,41.01708],[29.68101,41.02015],[29.68108,41.02115],[29.68018,41.02329],[29.68006,41.0246],[29.68222,41.02775],[29.68509,41.02542],[29.68808,41.02561],[29.68925,41.02676],[29.69098,41.02745],[29.69218,41.02861],[29.69319,41.03026],[29.6915,41.03091],[29.69031,41.03187],[29.68753,41.03252],[29.68534,41.0347],[29.68335,41.03582],[29.68218,41.03566],[29.68141,41.0356],[29.67706,41.03664],[29.67524,41.03664],[29.67272,41.03622],[29.66958,41.03611],[29.6674,41.03549],[29.66618,41.03277],[29.66482,41.03481],[29.66226,41.03326],[29.6615,41.03411],[29.65886,41.04071],[29.65726,41.04188],[29.65318,41.04684],[29.65066,41.04842],[29.6436,41.04845],[29.64015,41.04947],[29.63643,41.04942],[29.62958,41.04587],[29.6274,41.04499],[29.62929,41.04453],[29.62982,41.0429],[29.63119,41.04081],[29.63372,41.0396],[29.63496,41.03758],[29.63754,41.03618],[29.63747,41.03519],[29.63538,41.03202],[29.63678,41.03115],[29.64047,41.03051],[29.64113,41.02735],[29.64007,41.026],[29.63969,41.024],[29.64057,41.02236],[29.64393,41.02221],[29.64892,41.0211],[29.65162,41.01899],[29.65132,41.01731],[29.64934,41.01672],[29.65,41.01556],[29.65291,41.01655],[29.65748,41.01582],[29.65748,41.01433],[29.65825,41.01319],[29.66005,41.01288],[29.66028,41.01214],[29.65894,41.01178]]]},"properties":{"id":9064925,"name":"Hasanlı Mahallesi","district_id":1275310}},{"type":"Feature","geometry":{"type":"Polygon","coordinates":[[[29.70151,41.08227],[29.69922,41.08319],[29.69262,41.08321],[29.68962,41.08063],[29.68827,41.07917],[29.68642,41.07915],[29.68357,41.08011],[29.68253,41.0809],[29.68168,41.0795],[29.68204,41.07589],[29.68107,41.07483],[29.68106,41.0739],[29.68019,41.07293],[29.68039,41.071],[29.6791,41.07017],[29.67805,41.06811],[29.677,41.06537],[29.67396,41.06288],[29.67138,41.05961],[29.6693,41.0565],[29.66905,41.05508],[29.66816,41.05338],[29.66707,41.05268],[29.66688,41.05068],[29.66786,41.0486],[29.67055,41.04548],[29.66839,41.04422],[29.66539,41.04321],[29.66489,41.04273],[29.66145,41.04132],[29.65929,41.04119],[29.65886,41.04071],[29.6615,41.03411],[29.66226,41.03326],[29.66482,41.03481],[29.66618,41.03277],[29.6674,41.03549],[29.66958,41.03611],[29.67272,41.03622],[29.67524,41.03664],[29.67706,41.03664],[29.68141,41.0356],[29.68218,41.03566],[29.68219,41.03636],[29.68507,41.03757],[29.6876,41.03903],[29.68822,41.04023],[29.68977,41.04106],[29.69237,41.04387],[29.69256,41.04509],[29.69438,41.04577],[29.6973,41.04573],[29.69826,41.04534],[29.70013,41.04717],[29.70068,41.04903],[29.69963,41.0508],[29.70041,41.05196],[29.69951,41.05394],[29.7008,41.05532],[29.70084,41.0568],[29.70273,41.05745],[29.70473,41.05731],[29.70523,41.05836],[29.7069,41.05968],[29.70874,41.06028],[29.70828,41.06129],[29.7107,41.06113],[29.7117,41.06179],[29.71098,41.06296],[29.71039,41.06596],[29.71217,41.06742],[29.71148,41.06929],[29.71279,41.07013],[29.71351,41.07115],[29.71332,41.07317],[29.71365,41.07458],[29.71308,41.07512],[29.7131,41.07658],[29.71206,41.07763],[29.70992,41.07818],[29.70802,41.07992],[29.7054,41.07988],[29.704,41.08049],[29.7039,41.08129],[29.70151,41.08227]]]},"properties":{"id":9064926,"name":"Yazımanayır Mahallesi","district_id":1275310}},{"type":"Feature","geometry":{"type":"Polygon","coordinates":[[[29.65682,41.08267],[29.65615,41.08155],[29.65429,41.08032],[29.65272,41.08092],[29.65025,41.08137],[29.64652,41.08107],[29.64116,41.08166],[29.63665,41.0812],[29.63365,41.07953],[29.63251,41.07914],[29.63032,41.07956],[29.62847,41.08192],[29.62523,41.08306],[29.62414,41.08249],[29.62217,41.08225],[29.6188,41.08296],[29.61233,41.08429],[29.61093,41.08511],[29.60917,41.08541],[29.60739,41.087],[29.60282,41.08755],[29.60023,41.08849],[29.5999,41.08995],[29.59892,41.09039],[29.59838,41.09148],[29.59588,41.09136],[29.59504,41.09048],[29.59293,41.08982],[29.59298,41.08879],[29.59236,41.08731],[29.59232,41.08464],[29.5937,41.08388],[29.59464,41.08464],[29.59646,41.08517],[29.60015,41.08458],[29.60225,41.0846],[29.60371,41.08424],[29.60501,41.08279],[29.60632,41.08054],[29.6086,41.07767],[29.61146,41.07689],[29.61377,41.07582],[29.61412,41.07424],[29.61729,41.07162],[29.61661,41.07132],[29.61482,41.07199],[29.61175,41.07512],[29.61045,41.07576],[29.60804,41.07637],[29.60615,41.07572],[29.60682,41.0774],[29.60456,41.08003],[29.60289,41.07851],[29.60125,41.07773],[29.59664,41.0769],[29.59649,41.07642],[29.59731,41.07375],[29.59722,41.07247],[29.59614,41.07067],[29.59338,41.06981],[29.59133,41.06979],[29.58783,41.06801],[29.58688,41.0658],[29.58767,41.06459],[29.59073,41.06443],[29.59206,41.06592],[29.59349,41.06573],[29.5944,41.06497],[29.59481,41.06331],[29.59397,41.06163],[29.59382,41.05925],[29.59439,41.05862],[29.59625,41.05996],[29.59779,41.06021],[29.59931,41.05906],[29.59951,41.0564],[29.60281,41.05616],[29.6047,41.05505],[29.60502,41.0535],[29.60947,41.05443],[29.61109,41.05535],[29.61231,41.05692],[29.61447,41.05724],[29.61569,41.05673],[29.61628,41.05531],[29.61628,41.05279],[29.61698,41.04907],[29.61436,41.05254],[29.61494,41.05489],[29.61444,41.05612],[29.6134,41.05572],[29.61198,41.05399],[29.60979,41.05272],[29.60768,41.05254],[29.60589,41.05173],[29.60673,41.05001],[29.60594,41.04742],[29.6037,41.04505],[29.60169,41.0452],[29.60065,41.04481],[29.6004,41.04388],[29.60098,41.04158],[29.60015,41.03946],[29.59958,41.03645],[29.59829,41.03541],[29.59799,41.03354],[29.59999,41.03193],[29.60022,41.02973],[29.60155,41.02863],[29.60188,41.02781],[29.60497,41.02653],[29.60582,41.02484],[29.60026,41.02657],[29.59881,41.02526],[29.5988,41.02401],[29.59818,41.02195],[29.59719,41.02051],[29.59758,41.01956],[29.59899,41.01888],[29.60019,41.01694],[29.60112,41.0139],[29.60186,41.01247],[29.60028,41.01086],[29.60024,41.00889],[29.60102,41.00763],[29.60011,41.00463],[29.60202,41.0051],[29.60342,41.00701],[29.60538,41.00549],[29.60909,41.0074],[29.60994,41.01084],[29.61222,41.0111],[29.61307,41.01235],[29.6172,41.01199],[29.61789,41.01245],[29.62256,41.0109],[29.62443,41.01194],[29.6249,41.013],[29.62614,41.01352],[29.62621,41.01604],[29.62663,41.01751],[29.62654,41.01943],[29.62738,41.02155],[29.63098,41.02396],[29.63163,41.02503],[29.63366,41.0259],[29.63381,41.02656],[29.63314,41.02961],[29.63343,41.03059],[29.63538,41.03202],[29.63747,41.03519],[29.63754,41.03618],[29.63496,41.03758],[29.63372,41.0396],[29.63119,41.04081],[29.62982,41.0429],[29.62929,41.04453],[29.6274,41.04499],[29.62958,41.04587],[29.63643,41.04942],[29.64015,41.04947],[29.6436,41.04845],[29.65066,41.04842],[29.65318,41.04684],[29.65726,41.04188],[29.65886,41.04071],[29.65929,41.04119],[29.66145,41.04132],[29.66489,41.04273],[29.66539,41.04321],[29.66839,41.04422],[29.67055,41.04548],[29.66786,41.0486],[29.66688,41.05068],[29.66707,41.05268],[29.66816,41.05338],[29.66905,41.05508],[29.6693,41.0565],[29.67138,41.05961],[29.67396,41.06288],[29.677,41.06537],[29.67805,41.06811],[29.6791,41.07017],[29.68039,41.071],[29.68019,41.07293],[29.68106,41.0739],[29.68107,41.07483],[29.68204,41.07589],[29.68168,41.0795],[29.68253,41.0809],[29.68317,41.0821],[29.68274,41.08269],[29.68068,41.08262],[29.67395,41.08207],[29.67259,41.08213],[29.66774,41.08087],[29.66664,41.08088],[29.66245,41.08247],[29.65884,41.08319],[29.65682,41.08267]]]},"properties":{"id":9064974,"name":"Teke Mahallesi","district_id":1275310}},{"type":"Feature","geometry":{"type":"Polygon","coordinates":[[[29.62455,40.97454],[29.63759,40.97555],[29.64375,40.97561],[29.64984,40.98049],[29.65306,40.98149],[29.65609,40.98336],[29.65885,40.98538],[29.65916,40.98842],[29.66192,40.99102],[29.66263,40.99121],[29.66429,40.99282],[29.66326,40.99611],[29.66296,40.99842],[29.66125,40.9991],[29.66095,41.00036],[29.65959,41.00244],[29.65959,41.00344],[29.65854,41.00646],[29.66055,41.00785],[29.65993,41.00899],[29.65777,41.00929],[29.65693,41.01057],[29.65771,41.01187],[29.65894,41.01178],[29.66028,41.01214],[29.66005,41.01288],[29.65825,41.01319],[29.65748,41.01433],[29.65748,41.01582],[29.65291,41.01655],[29.65,41.01556],[29.64934,41.01672],[29.65132,41.01731],[29.65162,41.01899],[29.64892,41.0211],[29.64393,41.02221],[29.64057,41.02236],[29.63969,41.024],[29.64007,41.026],[29.64113,41.02735],[29.64047,41.03051],[29.63678,41.03115],[29.63538,41.03202],[29.63343,41.03059],[29.63314,41.02961],[29.63381,41.02656],[29.63366,41.0259],[29.63163,41.02503],[29.63098,41.02396],[29.62738,41.02155],[29.62654,41.01943],[29.62663,41.01751],[29.62621,41.01604],[29.62614,41.01352],[29.6249,41.013],[29.62443,41.01194],[29.62256,41.0109],[29.61789,41.01245],[29.6172,41.01199],[29.61307,41.01235],[29.61222,41.0111],[29.60994,41.01084],[29.60909,41.0074],[29.61018,41.00638],[29.61124,41.00037],[29.6103,40.99415],[29.61039,40.99247],[29.60687,40.99078],[29.60487,40.98615],[29.605,40.98395],[29.60693,40.98126],[29.60779,40.98077],[29.61092,40.97998],[29.61365,40.98123],[29.61432,40.97999],[29.61735,40.97917],[29.62019,40.97777],[29.62102,40.97622],[29.62354,40.97549],[29.62455,40.97454]]]},"properties":{"id":9064975,"name":"Yaka Mahallesi","district_id":1275310}},{"type":"Feature","geometry":{"type":"Polygon","coordinates":[[[29.62455,40.97454],[29.62571,40.97429],[29.63197,40.97153],[29.63365,40.97097],[29.64197,40.97087],[29.64656,40.97016],[29.64835,40.96871],[29.6495,40.96856],[29.65142,40.96944],[29.65212,40.96867],[29.65464,40.96809],[29.65559,40.96684],[29.65563,40.96406],[29.65742,40.96391],[29.6589,40.96334],[29.66233,40.96336],[29.66308,40.96192],[29.66386,40.96178],[29.66517,40.96343],[29.66709,40.96341],[29.66866,40.96403],[29.66879,40.96496],[29.6717,40.96643],[29.67186,40.9648],[29.6732,40.96449],[29.67391,40.96503],[29.67508,40.96441],[29.67669,40.96441],[29.67914,40.96602],[29.68145,40.96845],[29.6835,40.96996],[29.68331,40.97445],[29.68381,40.97709],[29.68601,40.9796],[29.68864,40.97985],[29.68963,40.97963],[29.69079,40.98094],[29.69105,40.982],[29.68838,40.98391],[29.6894,40.98474],[29.69102,40.98453],[29.69201,40.98878],[29.69011,40.98844],[29.68883,40.98907],[29.68663,40.98955],[29.68408,40.99112],[29.68322,40.99196],[29.68,40.99332],[29.67852,40.99486],[29.67515,40.99308],[29.67101,40.98959],[29.66766,40.98843],[29.66666,40.98708],[29.66571,40.98825],[29.66563,40.9893],[29.66462,40.99045],[29.66429,40.99282],[29.66263,40.99121],[29.66192,40.99102],[29.65916,40.98842],[29.65885,40.98538],[29.65609,40.98336],[29.65306,40.98149],[29.64984,40.98049],[29.64375,40.97561],[29.63759,40.97555],[29.62455,40.97454]]]},"properties":{"id":9064976,"name":"Değirmen Çayırı Mahallesi","district_id":1275310}},{"type":"Feature","geometry":{"type":"Polygon","coordinates":[[[29.58866,41.08829],[29.58696,41.08794],[29.58251,41.08793],[29.58305,41.08594],[29.58194,41.08433],[29.57551,41.08077],[29.57175,41.07839],[29.57072,41.07666],[29.57071,41.0751],[29.57193,41.07363],[29.5718,41.07247],[29.57025,41.07131],[29.56969,41.06973],[29.56791,41.06929],[29.56614,41.06927],[29.56414,41.06835],[29.5621,41.06877],[29.56015,41.06823],[29.55864,41.0691],[29.55553,41.06968],[29.55172,41.06878],[29.54965,41.06992],[29.54808,41.0701],[29.54683,41.06933],[29.54639,41.06811],[29.54684,41.06753],[29.54743,41.06312],[29.54581,41.05968],[29.54596,41.05758],[29.54694,41.05652],[29.55003,41.0562],[29.55216,41.05497],[29.55302,41.05143],[29.55299,41.04966],[29.55366,41.04882],[29.56108,41.04424],[29.56241,41.04012],[29.55919,41.03877],[29.56141,41.03786],[29.5636,41.03623],[29.56658,41.03458],[29.57051,41.03319],[29.57164,41.03352],[29.5735,41.03275],[29.57485,41.03443],[29.57628,41.03437],[29.578,41.03256],[29.57994,41.0321],[29.58669,41.0317],[29.58884,41.03137],[29.58979,41.03078],[29.59235,41.0303],[29.5936,41.02882],[29.59473,41.02912],[29.59733,41.0289],[29.59866,41.02753],[29.60026,41.02657],[29.60582,41.02484],[29.60497,41.02653],[29.60188,41.02781],[29.60155,41.02863],[29.60022,41.02973],[29.59999,41.03193],[29.59799,41.03354],[29.59829,41.03541],[29.59958,41.03645],[29.60015,41.03946],[29.60098,41.04158],[29.6004,41.04388],[29.60065,41.04481],[29.60169,41.0452],[29.6037,41.04505],[29.60594,41.04742],[29.60673,41.05001],[29.60589,41.05173],[29.6045,41.05239],[29.60408,41.05384],[29.60255,41.05516],[29.59974,41.05509],[29.59855,41.05565],[29.59807,41.0581],[29.59689,41.05896],[29.59606,41.05851],[29.59532,41.05722],[29.5935,41.05726],[29.59109,41.0579],[29.59254,41.05914],[29.59248,41.06064],[29.59326,41.06404],[29.59247,41.06416],[29.59126,41.06328],[29.58963,41.06302],[29.58612,41.06368],[29.58456,41.06294],[29.58368,41.06315],[29.58267,41.06456],[29.58081,41.06541],[29.58207,41.06589],[29.58357,41.06492],[29.58288,41.06744],[29.58531,41.0708],[29.58857,41.07256],[29.59028,41.07255],[29.59274,41.07211],[29.59374,41.07278],[29.59284,41.07644],[29.59313,41.07829],[29.59406,41.0795],[29.59568,41.08052],[29.59993,41.08046],[29.60031,41.08171],[29.59895,41.08233],[29.5953,41.08116],[29.59175,41.08216],[29.59137,41.08278],[29.58977,41.08301],[29.58681,41.08124],[29.58254,41.07979],[29.58392,41.08127],[29.58619,41.08184],[29.58793,41.08376],[29.58805,41.08609],[29.58866,41.08829]]]},"properties":{"id":9065274,"name":"Darlık Mahallesi","district_id":1275310}},{"type":"Feature","geometry":{"type":"Polygon","coordinates":[[[29.47463,41.0503],[29.4759,41.04901],[29.47523,41.04592],[29.47623,41.04483],[29.4772,41.04487],[29.47788,41.04601],[29.47923,41.04638],[29.48175,41.0453],[29.48185,41.04237],[29.4837,41.04226],[29.48462,41.04356],[29.48567,41.04402],[29.48667,41.04319],[29.4866,41.0423],[29.48529,41.04148],[29.48565,41.04056],[29.48837,41.03913],[29.48888,41.0378],[29.48815,41.0368],[29.48952,41.03589],[29.49166,41.03662],[29.49229,41.03621],[29.49343,41.03392],[29.49607,41.03548],[29.49749,41.03578],[29.4989,41.03542],[29.49959,41.03471],[29.49951,41.0334],[29.50059,41.03242],[29.50185,41.03199],[29.50285,41.03206],[29.50533,41.03366],[29.50793,41.03623],[29.50797,41.04015],[29.50864,41.04166],[29.50987,41.04169],[29.51153,41.04006],[29.5127,41.0423],[29.51754,41.04405],[29.5209,41.04158],[29.52246,41.04213],[29.52355,41.04077],[29.52312,41.03998],[29.52483,41.03756],[29.52722,41.03623],[29.52574,41.03426],[29.52709,41.03379],[29.52707,41.03223],[29.5282,41.03166],[29.53049,41.03192],[29.53031,41.03341],[29.532,41.03411],[29.53516,41.03382],[29.53731,41.03314],[29.53677,41.03546],[29.53861,41.03682],[29.54248,41.03703],[29.54357,41.03554],[29.54445,41.03544],[29.54548,41.03708],[29.54678,41.03703],[29.55079,41.0354],[29.55182,41.03592],[29.55285,41.03831],[29.55349,41.03889],[29.55679,41.03824],[29.55806,41.03923],[29.55919,41.03877],[29.56241,41.04012],[29.56108,41.04424],[29.55366,41.04882],[29.55299,41.04966],[29.55302,41.05143],[29.55216,41.05497],[29.55003,41.0562],[29.54694,41.05652],[29.54596,41.05758],[29.54581,41.05968],[29.54743,41.06312],[29.54684,41.06753],[29.54639,41.06811],[29.54683,41.06933],[29.54339,41.07203],[29.54116,41.07287],[29.54069,41.07345],[29.5368,41.07104],[29.53215,41.07082],[29.52822,41.07098],[29.52708,41.07187],[29.52582,41.07184],[29.52432,41.07085],[29.52401,41.0663],[29.51914,41.0659],[29.51753,41.06425],[29.51648,41.06697],[29.51655,41.06977],[29.51569,41.07281],[29.51286,41.07394],[29.51027,41.07419],[29.5088,41.07336],[29.50836,41.07237],[29.50831,41.06989],[29.5072,41.06885],[29.50535,41.06803],[29.50299,41.06788],[29.49988,41.06813],[29.49675,41.06769],[29.49215,41.06796],[29.48937,41.06775],[29.4864,41.06864],[29.48544,41.06863],[29.48368,41.06657],[29.48153,41.06497],[29.4801,41.06248],[29.47771,41.06243],[29.47531,41.05963],[29.47533,41.059],[29.47819,41.05801],[29.47941,41.0579],[29.47907,41.05549],[29.47937,41.05444],[29.47889,41.053],[29.4793,41.0513],[29.47686,41.05094],[29.47463,41.0503]]]},"properties":{"id":9065275,"name":"Oruçoğlu Mahallesi","district_id":1275310}},{"type":"Feature","geometry":{"type":"Polygon","coordinates":[[[29.52131,41.10766],[29.51988,41.10731],[29.51924,41.10591],[29.51804,41.10496],[29.5158,41.10485],[29.51235,41.10221],[29.51036,41.10347],[29.50795,41.10272],[29.5062,41.1025],[29.50526,41.10192],[29.50288,41.10337],[29.49818,41.10302],[29.4968,41.1022],[29.49493,41.10259],[29.49129,41.10468],[29.49033,41.10245],[29.49,41.09957],[29.48938,41.09935],[29.48975,41.09741],[29.49061,41.09733],[29.49271,41.09802],[29.49698,41.09691],[29.50054,41.09552],[29.50292,41.09522],[29.50168,41.09367],[29.50043,41.09134],[29.49972,41.0891],[29.49726,41.08793],[29.495,41.08756],[29.49479,41.08627],[29.49854,41.08353],[29.5011,41.07929],[29.50269,41.07853],[29.5055,41.07926],[29.50811,41.07585],[29.5085,41.0747],[29.51027,41.07419],[29.51286,41.07394],[29.51569,41.07281],[29.51655,41.06977],[29.51648,41.06697],[29.51753,41.06425],[29.51914,41.0659],[29.52401,41.0663],[29.52432,41.07085],[29.52582,41.07184],[29.52708,41.07187],[29.52822,41.07098],[29.53215,41.07082],[29.5368,41.07104],[29.54069,41.07345],[29.54116,41.07287],[29.54339,41.07203],[29.54683,41.06933],[29.54808,41.0701],[29.54965,41.06992],[29.55172,41.06878],[29.55553,41.06968],[29.55672,41.07191],[29.55962,41.07527],[29.5603,41.07695],[29.55851,41.08088],[29.55869,41.08174],[29.55729,41.08228],[29.55262,41.08471],[29.54978,41.08448],[29.54922,41.08555],[29.54806,41.08568],[29.54552,41.08481],[29.54175,41.08249],[29.54053,41.0836],[29.54101,41.08576],[29.54266,41.08785],[29.54189,41.0888],[29.54348,41.09086],[29.54256,41.09253],[29.54394,41.09326],[29.5421,41.09534],[29.53742,41.09721],[29.53622,41.09647],[29.53362,41.09658],[29.53243,41.0972],[29.5299,41.09687],[29.52818,41.09613],[29.52567,41.09574],[29.52443,41.09645],[29.52473,41.09887],[29.52643,41.10172],[29.52768,41.10265],[29.52757,41.10347],[29.52821,41.10602],[29.52474,41.10707],[29.52331,41.10688],[29.52131,41.10766]]]},"properties":{"id":9065276,"name":"Ulupelit Mahallesi","district_id":1275310}},{"type":"Feature","geometry":{"type":"Polygon","coordinates":[[[29.6188,41.08296],[29.61968,41.08508],[29.62182,41.08626],[29.62324,41.08648],[29.627,41.08845],[29.62622,41.0894],[29.62255,41.09088],[29.61951,41.09112],[29.61845,41.09265],[29.61732,41.09503],[29.616,41.09637],[29.61505,41.09786],[29.61286,41.09904],[29.61109,41.09966],[29.61041,41.10151],[29.6075,41.10335],[29.60858,41.10432],[29.61097,41.10791],[29.60957,41.11044],[29.60726,41.11195],[29.60789,41.11706],[29.60533,41.11816],[29.60566,41.1199],[29.6027,41.12336],[29.60199,41.12363],[29.59933,41.12349],[29.59794,41.12397],[29.59697,41.12586],[29.59472,41.12892],[29.59564,41.13044],[29.59579,41.13217],[29.59491,41.13632],[29.59557,41.14],[29.59538,41.14333],[29.59612,41.14581],[29.59552,41.14679],[29.59404,41.14717],[29.59264,41.14594],[29.59155,41.14581],[29.58854,41.14419],[29.58703,41.14408],[29.58206,41.14454],[29.57993,41.14356],[29.57882,41.14469],[29.57759,41.14472],[29.5772,41.14281],[29.57815,41.14145],[29.57925,41.14082],[29.58024,41.14114],[29.58326,41.13998],[29.58397,41.13923],[29.58508,41.13623],[29.58381,41.1344],[29.58062,41.1323],[29.5787,41.12875],[29.57865,41.12803],[29.58178,41.12319],[29.58053,41.12059],[29.57987,41.11791],[29.57978,41.11473],[29.58068,41.11325],[29.58129,41.11141],[29.58087,41.10978],[29.5824,41.10789],[29.58457,41.1037],[29.58501,41.10241],[29.58747,41.10143],[29.58896,41.10157],[29.58984,41.10045],[29.58984,41.09795],[29.59046,41.09685],[29.59003,41.09529],[29.59176,41.09276],[29.59219,41.09451],[29.59332,41.09493],[29.59363,41.09289],[29.59679,41.09343],[29.59732,41.09536],[29.59856,41.09338],[29.6001,41.09279],[29.60358,41.09464],[29.60515,41.09491],[29.60641,41.09403],[29.60162,41.09232],[29.60141,41.09058],[29.60183,41.08982],[29.60339,41.08871],[29.60772,41.08787],[29.61024,41.08581],[29.61144,41.08531],[29.61233,41.08429],[29.6188,41.08296]]]},"properties":{"id":9066780,"name":"Karamandere Mahallesi","district_id":1275310}},{"type":"Feature","geometry":{"type":"Polygon","coordinates":[[[29.6027,41.12336],[29.60566,41.1199],[29.60533,41.11816],[29.60789,41.11706],[29.60726,41.11195],[29.60957,41.11044],[29.61097,41.10791],[29.60858,41.10432],[29.6075,41.10335],[29.61041,41.10151],[29.61109,41.09966],[29.61286,41.09904],[29.61505,41.09786],[29.616,41.09637],[29.61732,41.09503],[29.61845,41.09265],[29.61951,41.09112],[29.62255,41.09088],[29.62622,41.0894],[29.627,41.08845],[29.62941,41.08933],[29.63148,41.08955],[29.63326,41.09093],[29.63279,41.09164],[29.63501,41.0939],[29.6326,41.09682],[29.63092,41.10027],[29.63143,41.10127],[29.63257,41.10204],[29.63195,41.10443],[29.63132,41.10525],[29.63259,41.1069],[29.63466,41.10761],[29.63617,41.10702],[29.63983,41.10738],[29.64082,41.10802],[29.64045,41.10908],[29.63866,41.10975],[29.63806,41.11119],[29.6366,41.11324],[29.63612,41.1145],[29.63675,41.11856],[29.63561,41.11959],[29.63361,41.12062],[29.63343,41.12128],[29.63154,41.12311],[29.62876,41.12393],[29.62665,41.12573],[29.62495,41.12622],[29.62356,41.12647],[29.62205,41.12805],[29.62045,41.12743],[29.61384,41.12415],[29.61304,41.12439],[29.61066,41.12632],[29.6098,41.12662],[29.60684,41.12525],[29.60652,41.12596],[29.60521,41.12644],[29.6027,41.12336]]]},"properties":{"id":9066781,"name":"Ovacık Mahallesi","district_id":1275310}},{"type":"Feature","geometry":{"type":"Polygon","coordinates":[[[29.56792,41.11537],[29.57351,41.11229],[29.57372,41.11138],[29.57691,41.1112],[29.57762,41.11051],[29.57616,41.10985],[29.5767,41.10867],[29.57524,41.10729],[29.57675,41.10612],[29.57471,41.10495],[29.57577,41.10366],[29.57658,41.10371],[29.57769,41.10126],[29.57864,41.10032],[29.57739,41.09984],[29.57633,41.09821],[29.57662,41.09703],[29.57876,41.0965],[29.58056,41.09791],[29.58034,41.09594],[29.58188,41.09528],[29.58424,41.09482],[29.58686,41.09297],[29.58694,41.09183],[29.58893,41.09194],[29.59114,41.09163],[29.59176,41.09276],[29.59003,41.09529],[29.59046,41.09685],[29.58984,41.09795],[29.58984,41.10045],[29.58896,41.10157],[29.58747,41.10143],[29.58501,41.10241],[29.58457,41.1037],[29.5824,41.10789],[29.58087,41.10978],[29.58129,41.11141],[29.58068,41.11325],[29.57978,41.11473],[29.57987,41.11791],[29.58053,41.12059],[29.58178,41.12319],[29.57865,41.12803],[29.5787,41.12875],[29.58062,41.1323],[29.58381,41.1344],[29.58508,41.13623],[29.58397,41.13923],[29.58326,41.13998],[29.58024,41.14114],[29.57925,41.14082],[29.57944,41.13761],[29.57603,41.13692],[29.57525,41.13635],[29.57165,41.13509],[29.57177,41.13193],[29.57265,41.1307],[29.57153,41.12781],[29.57039,41.12575],[29.56986,41.12544],[29.56734,41.12407],[29.56659,41.12313],[29.5667,41.12198],[29.56617,41.12052],[29.56717,41.12015],[29.56792,41.11908],[29.56911,41.11839],[29.56941,41.11663],[29.56792,41.11537]]]},"properties":{"id":9066783,"name":"Korucu Mahallesi","district_id":1275310}},{"type":"Feature","geometry":{"type":"Polygon","coordinates":[[[29.5149,41.12444],[29.51604,41.12363],[29.51606,41.12232],[29.51499,41.12066],[29.51701,41.11905],[29.51806,41.11915],[29.5197,41.12046],[29.51978,41.12155],[29.51849,41.12268],[29.5181,41.12414],[29.51863,41.12491],[29.52168,41.12494],[29.52293,41.12337],[29.52448,41.12279],[29.52691,41.12006],[29.53209,41.12102],[29.53524,41.12006],[29.53708,41.12036],[29.54111,41.12023],[29.54294,41.11975],[29.54354,41.11901],[29.54559,41.11798],[29.54713,41.11574],[29.54985,41.11481],[29.55325,41.11774],[29.55553,41.11872],[29.55789,41.11768],[29.56067,41.11704],[29.56354,41.11875],[29.56529,41.11892],[29.56617,41.12052],[29.5667,41.12198],[29.56659,41.12313],[29.56734,41.12407],[29.56986,41.12544],[29.56719,41.12701],[29.56777,41.1285],[29.56618,41.12876],[29.56609,41.12954],[29.567,41.13181],[29.56523,41.13388],[29.56297,41.13576],[29.56252,41.13811],[29.5643,41.13907],[29.56219,41.13998],[29.55626,41.14311],[29.55212,41.1433],[29.55022,41.14363],[29.54713,41.14293],[29.54619,41.1414],[29.54416,41.13953],[29.5415,41.13811],[29.53744,41.13783],[29.53575,41.13735],[29.53208,41.13735],[29.52798,41.13589],[29.52549,41.13216],[29.52409,41.13059],[29.52261,41.12983],[29.51995,41.12783],[29.5149,41.12444]]]},"properties":{"id":9066788,"name":"Satmazlı Mahallesi","district_id":1275310}},{"type":"Feature","geometry":{"type":"Polygon","coordinates":[[[29.55553,41.06968],[29.55864,41.0691],[29.56015,41.06823],[29.5621,41.06877],[29.56414,41.06835],[29.56614,41.06927],[29.56791,41.06929],[29.56969,41.06973],[29.57025,41.07131],[29.5718,41.07247],[29.57193,41.07363],[29.57071,41.0751],[29.57072,41.07666],[29.57175,41.07839],[29.57551,41.08077],[29.58194,41.08433],[29.58305,41.08594],[29.58251,41.08793],[29.58696,41.08794],[29.58866,41.08829],[29.5855,41.08913],[29.58403,41.08985],[29.58252,41.09282],[29.58039,41.09204],[29.57916,41.09194],[29.57646,41.09241],[29.57639,41.09131],[29.57539,41.09008],[29.57587,41.08913],[29.5745,41.08773],[29.57524,41.08612],[29.57345,41.08645],[29.57218,41.08579],[29.57122,41.08475],[29.56986,41.08474],[29.56666,41.08317],[29.5679,41.08483],[29.57066,41.08586],[29.57131,41.08756],[29.57249,41.08942],[29.57452,41.09321],[29.57336,41.09387],[29.57284,41.09543],[29.5721,41.09565],[29.57214,41.09797],[29.57147,41.09959],[29.56978,41.09927],[29.56808,41.10011],[29.56692,41.10001],[29.56628,41.09904],[29.5643,41.09851],[29.56466,41.09725],[29.5637,41.09609],[29.56188,41.09479],[29.56266,41.09166],[29.56177,41.0917],[29.56147,41.09368],[29.55969,41.09538],[29.56271,41.09673],[29.56331,41.09747],[29.56308,41.09963],[29.56596,41.10166],[29.5705,41.10188],[29.57128,41.10455],[29.57057,41.10932],[29.57026,41.11025],[29.56886,41.11165],[29.56757,41.11234],[29.56661,41.11101],[29.56513,41.11076],[29.56478,41.10984],[29.56583,41.10835],[29.56589,41.10647],[29.5641,41.10651],[29.56272,41.1055],[29.56197,41.10375],[29.56099,41.10267],[29.55928,41.10199],[29.55627,41.10153],[29.55396,41.09959],[29.55348,41.1004],[29.55161,41.10069],[29.55002,41.10032],[29.54925,41.10075],[29.54762,41.09976],[29.54716,41.10033],[29.54791,41.10173],[29.5492,41.10244],[29.55141,41.10208],[29.55363,41.10119],[29.55664,41.10377],[29.55817,41.10317],[29.5601,41.10398],[29.56109,41.10622],[29.56233,41.10714],[29.56285,41.1085],[29.56193,41.10904],[29.56159,41.11046],[29.55953,41.1111],[29.56083,41.11198],[29.56325,41.11182],[29.56391,41.11225],[29.56412,41.1142],[29.56553,41.11482],[29.56616,41.11582],[29.56792,41.11537],[29.56941,41.11663],[29.56911,41.11839],[29.56792,41.11908],[29.56717,41.12015],[29.56617,41.12052],[29.56529,41.11892],[29.56354,41.11875],[29.56067,41.11704],[29.55789,41.11768],[29.55553,41.11872],[29.55325,41.11774],[29.54985,41.11481],[29.54713,41.11574],[29.54559,41.11798],[29.54354,41.11901],[29.54294,41.11975],[29.54111,41.12023],[29.53708,41.12036],[29.53524,41.12006],[29.53209,41.12102],[29.52691,41.12006],[29.52448,41.12279],[29.52293,41.12337],[29.52168,41.12494],[29.51863,41.12491],[29.5181,41.12414],[29.51849,41.12268],[29.51978,41.12155],[29.5197,41.12046],[29.52085,41.11935],[29.52162,41.11678],[29.52256,41.11608],[29.52229,41.11411],[29.52177,41.11342],[29.52128,41.11098],[29.52131,41.10766],[29.52331,41.10688],[29.52474,41.10707],[29.52821,41.10602],[29.52757,41.10347],[29.52768,41.10265],[29.52643,41.10172],[29.52473,41.09887],[29.52443,41.09645],[29.52567,41.09574],[29.52818,41.09613],[29.5299,41.09687],[29.53243,41.0972],[29.53362,41.09658],[29.53622,41.09647],[29.53742,41.09721],[29.5421,41.09534],[29.54394,41.09326],[29.54256,41.09253],[29.54348,41.09086],[29.54189,41.0888],[29.54266,41.08785],[29.54101,41.08576],[29.54053,41.0836],[29.54175,41.08249],[29.54552,41.08481],[29.54806,41.08568],[29.54922,41.08555],[29.54978,41.08448],[29.55262,41.08471],[29.55729,41.08228],[29.55869,41.08174],[29.55851,41.08088],[29.5603,41.07695],[29.55962,41.07527],[29.55672,41.07191],[29.55553,41.06968]]]},"properties":{"id":9066804,"name":"Erenler Mahallesi","district_id":1275310}},{"type":"Feature","geometry":{"type":"Polygon","coordinates":[[[29.29553,40.86415],[29.29232,40.86407],[29.28898,40.86372],[29.28913,40.86252],[29.29034,40.862],[29.29064,40.86045],[29.28921,40.85965],[29.2877,40.85739],[29.28927,40.85675],[29.2912,40.8555],[29.29474,40.85944],[29.29633,40.85924],[29.29636,40.86029],[29.29726,40.8609],[29.29764,40.86329],[29.29853,40.86389],[29.29811,40.86462],[29.29553,40.86415]]]},"properties":{"id":9078093,"name":"Esenyalı Mahallesi","district_id":1276011}},{"type":"Feature","geometry":{"type":"Polygon","coordinates":[[[29.29584,40.87342],[29.29538,40.8733],[29.29327,40.87227],[29.29025,40.87158],[29.28868,40.87163],[29.2847,40.86944],[29.28278,40.86907],[29.28218,40.86842],[29.28292,40.8669],[29.28574,40.86612],[29.28571,40.86393],[29.28653,40.8633],[29.28898,40.86372],[29.29232,40.86407],[29.29553,40.86415],[29.29532,40.86537],[29.29556,40.86805],[29.29555,40.87151],[29.29584,40.87342]]]},"properties":{"id":9078094,"name":"Orhangazi Mahallesi","district_id":1276011}},{"type":"Feature","geometry":{"type":"Polygon","coordinates":[[[29.27642,40.86325],[29.2746,40.8633],[29.27064,40.86125],[29.2686,40.86071],[29.26802,40.86013],[29.26862,40.85911],[29.26637,40.85421],[29.2676,40.854],[29.26773,40.85584],[29.26908,40.85672],[29.27147,40.8569],[29.27219,40.85728],[29.27437,40.85578],[29.27674,40.85565],[29.27808,40.8561],[29.27905,40.85543],[29.28217,40.85504],[29.28408,40.85412],[29.28726,40.85443],[29.28799,40.85573],[29.2877,40.85739],[29.28921,40.85965],[29.29064,40.86045],[29.29034,40.862],[29.28913,40.86252],[29.28898,40.86372],[29.28653,40.8633],[29.28571,40.86393],[29.28574,40.86612],[29.28292,40.8669],[29.28218,40.86842],[29.27942,40.86708],[29.27885,40.86537],[29.27757,40.86501],[29.27642,40.86325]]]},"properties":{"id":9078111,"name":"Güzelyalı Mahallesi","district_id":1276011}},{"type":"Feature","geometry":{"type":"Polygon","coordinates":[[[29.27642,40.86325],[29.26877,40.8702],[29.26644,40.87263],[29.26267,40.87706],[29.26004,40.87895],[29.25806,40.87974],[29.25241,40.8808],[29.25028,40.88128],[29.24902,40.87851],[29.2482,40.87495],[29.24656,40.87182],[29.2505,40.87027],[29.25629,40.86737],[29.25741,40.86704],[29.25706,40.86552],[29.25551,40.86304],[29.25473,40.86268],[29.25515,40.86059],[29.25597,40.85953],[29.25684,40.86013],[29.25613,40.86092],[29.25695,40.86191],[29.25573,40.86282],[29.2567,40.86445],[29.25891,40.86451],[29.25947,40.86358],[29.26506,40.85998],[29.26359,40.85943],[29.25924,40.85706],[29.25894,40.85598],[29.26064,40.85502],[29.26399,40.85447],[29.26503,40.85391],[29.26637,40.85421],[29.26862,40.85911],[29.26802,40.86013],[29.2686,40.86071],[29.27064,40.86125],[29.2746,40.8633],[29.27642,40.86325]]]},"properties":{"id":9218021,"name":"Kaynarca Mahallesi","district_id":1276011}},{"type":"Feature","geometry":{"type":"Polygon","coordinates":[[[29.23493,40.88031],[29.2317,40.88007],[29.23498,40.87683],[29.23618,40.87458],[29.23719,40.87507],[29.24015,40.8744],[29.24656,40.87182],[29.2482,40.87495],[29.24902,40.87851],[29.25028,40.88128],[29.24745,40.8825],[29.243,40.88534],[29.24107,40.8826],[29.24002,40.88197],[29.23847,40.87999],[29.23663,40.88036],[29.23493,40.88031]]]},"properties":{"id":9218075,"name":"Doğu Mahallesi","district_id":1276011}},{"type":"Feature","geometry":{"type":"Polygon","coordinates":[[[29.23618,40.87458],[29.23498,40.87683],[29.2317,40.88007],[29.22658,40.87982],[29.21808,40.88165],[29.21699,40.87928],[29.21544,40.87815],[29.21787,40.87694],[29.22151,40.87606],[29.22329,40.87486],[29.22545,40.8722],[29.22634,40.87144],[29.22851,40.87064],[29.23365,40.87023],[29.2337,40.87097],[29.2357,40.87202],[29.23522,40.87266],[29.23519,40.87469],[29.23618,40.87458]]]},"properties":{"id":9218100,"name":"Batı Mahallesi","district_id":1276011}},{"type":"Feature","geometry":{"type":"Polygon","coordinates":[[[29.22322,40.88962],[29.22336,40.88961],[29.22525,40.89055],[29.22974,40.89112],[29.23229,40.89236],[29.22792,40.89518],[29.22455,40.89738],[29.22313,40.89401],[29.22322,40.88962]]]},"properties":{"id":9218225,"name":"Yeşilbağlar Mahallesi","district_id":1276011}},{"type":"Feature","geometry":{"type":"Polygon","coordinates":[[[29.22322,40.88962],[29.22085,40.88965],[29.21875,40.89004],[29.21887,40.88719],[29.21741,40.88666],[29.21891,40.88473],[29.21808,40.88165],[29.22658,40.87982],[29.22506,40.88218],[29.22456,40.88501],[29.22409,40.88507],[29.22441,40.88756],[29.22296,40.88829],[29.22336,40.88961],[29.22322,40.88962]]]},"properties":{"id":9218298,"name":"Sapan Bağları Mahallesi","district_id":1276011}},{"type":"Feature","geometry":{"type":"Polygon","coordinates":[[[29.22658,40.87982],[29.2317,40.88007],[29.23493,40.88031],[29.23375,40.88117],[29.2337,40.8834],[29.23209,40.8856],[29.23082,40.88874],[29.23014,40.88938],[29.22974,40.89112],[29.22525,40.89055],[29.22336,40.88961],[29.22296,40.88829],[29.22441,40.88756],[29.22409,40.88507],[29.22456,40.88501],[29.22506,40.88218],[29.22658,40.87982]]]},"properties":{"id":9218331,"name":"Yeni Mahallesi","district_id":1276011}},{"type":"Feature","geometry":{"type":"Polygon","coordinates":[[[29.22974,40.89112],[29.23014,40.88938],[29.23082,40.88874],[29.23209,40.8856],[29.2337,40.8834],[29.23375,40.88117],[29.23493,40.88031],[29.23663,40.88036],[29.23847,40.87999],[29.24002,40.88197],[29.24107,40.8826],[29.243,40.88534],[29.23829,40.88844],[29.23229,40.89236],[29.22974,40.89112]]]},"properties":{"id":9218332,"name":"Bahçelievler Mahallesi","district_id":1276011}},{"type":"Feature","geometry":{"type":"Polygon","coordinates":[[[29.27642,40.86325],[29.27757,40.86501],[29.27885,40.86537],[29.27942,40.86708],[29.27841,40.86898],[29.27846,40.86973],[29.27774,40.87305],[29.27815,40.87491],[29.27762,40.87706],[29.27662,40.87782],[29.2766,40.88026],[29.27544,40.87943],[29.27357,40.87892],[29.27082,40.87863],[29.2692,40.87848],[29.26871,40.87537],[29.26644,40.87263],[29.26877,40.8702],[29.27642,40.86325]]]},"properties":{"id":9219444,"name":"Çamçeşme Mahallesi","district_id":1276011}},{"type":"Feature","geometry":{"type":"Polygon","coordinates":[[[29.2748,40.89014],[29.27484,40.88854],[29.27576,40.88678],[29.27653,40.88609],[29.27811,40.88246],[29.27796,40.88177],[29.2766,40.88026],[29.27662,40.87782],[29.27762,40.87706],[29.27815,40.87491],[29.27774,40.87305],[29.27846,40.86973],[29.27841,40.86898],[29.27942,40.86708],[29.28218,40.86842],[29.28278,40.86907],[29.2847,40.86944],[29.28868,40.87163],[29.29025,40.87158],[29.29327,40.87227],[29.29538,40.8733],[29.29501,40.87584],[29.29365,40.87824],[29.29328,40.87957],[29.29165,40.88144],[29.29079,40.88317],[29.29008,40.88364],[29.29028,40.88471],[29.28769,40.88745],[29.28785,40.88815],[29.28649,40.88997],[29.28502,40.89097],[29.28294,40.89182],[29.2781,40.89052],[29.2748,40.89014]]]},"properties":{"id":9219465,"name":"Kavakpınar Mahallesi","district_id":1276011}},{"type":"Feature","geometry":{"type":"Polygon","coordinates":[[[29.26493,40.89558],[29.26629,40.89462],[29.26521,40.89294],[29.26282,40.89155],[29.26454,40.89125],[29.26568,40.89029],[29.26718,40.88963],[29.26893,40.88973],[29.26841,40.88794],[29.26969,40.88725],[29.26917,40.88594],[29.27008,40.88504],[29.26943,40.88438],[29.26971,40.88216],[29.26936,40.88129],[29.27126,40.8802],[29.27082,40.87863],[29.27357,40.87892],[29.27544,40.87943],[29.2766,40.88026],[29.27796,40.88177],[29.27811,40.88246],[29.27653,40.88609],[29.27576,40.88678],[29.27484,40.88854],[29.2748,40.89014],[29.27389,40.8919],[29.2716,40.89316],[29.26912,40.89381],[29.26656,40.89514],[29.26493,40.89558]]]},"properties":{"id":9219466,"name":"Esenler Mahallesi","district_id":1276011}},{"type":"Feature","geometry":{"type":"Polygon","coordinates":[[[29.26644,40.87263],[29.26871,40.87537],[29.2692,40.87848],[29.27082,40.87863],[29.27126,40.8802],[29.26936,40.88129],[29.26971,40.88216],[29.26943,40.88438],[29.27008,40.88504],[29.26917,40.88594],[29.26969,40.88725],[29.26841,40.88794],[29.26893,40.88973],[29.26718,40.88963],[29.26568,40.89029],[29.26454,40.89125],[29.26282,40.89155],[29.26141,40.89059],[29.25851,40.89103],[29.25807,40.88869],[29.25622,40.88726],[29.25421,40.88615],[29.25241,40.8808],[29.25806,40.87974],[29.26004,40.87895],[29.26267,40.87706],[29.26644,40.87263]]]},"properties":{"id":9219471,"name":"Fevzi Çakmak Mahallesi","district_id":1276011}},{"type":"Feature","geometry":{"type":"Polygon","coordinates":[[[29.25168,40.89626],[29.24776,40.895],[29.24658,40.89384],[29.24576,40.89312],[29.24654,40.89186],[29.24347,40.88807],[29.243,40.88534],[29.24745,40.8825],[29.25028,40.88128],[29.25241,40.8808],[29.25421,40.88615],[29.25622,40.88726],[29.25807,40.88869],[29.25851,40.89103],[29.25828,40.89226],[29.25727,40.8939],[29.25492,40.89604],[29.25247,40.89544],[29.25168,40.89626]]]},"properties":{"id":9220784,"name":"Dumlupınar Mahallesi","district_id":1276011}},{"type":"Feature","geometry":{"type":"Polygon","coordinates":[[[29.29584,40.87342],[29.29718,40.87392],[29.29969,40.87391],[29.30207,40.8747],[29.30265,40.87539],[29.30482,40.8766],[29.30655,40.87678],[29.31003,40.87682],[29.31361,40.87823],[29.31547,40.87952],[29.31775,40.88164],[29.31931,40.88199],[29.32124,40.88398],[29.32539,40.88689],[29.32653,40.88891],[29.32793,40.89032],[29.3283,40.89171],[29.32827,40.89354],[29.32915,40.89613],[29.32664,40.89822],[29.3266,40.89997],[29.32933,40.9016],[29.32794,40.90898],[29.3281,40.90903],[29.32973,40.90953],[29.33039,40.91045],[29.33279,40.91058],[29.33482,40.9118],[29.33582,40.91386],[29.33512,40.91608],[29.33667,40.91922],[29.33725,40.92385],[29.33858,40.92634],[29.33749,40.92802],[29.33746,40.93008],[29.33662,40.93109],[29.33514,40.93046],[29.33194,40.92959],[29.33025,40.9289],[29.32797,40.92755],[29.32857,40.92632],[29.32974,40.92542],[29.32518,40.92385],[29.32518,40.92528],[29.32299,40.92284],[29.32141,40.92464],[29.32091,40.92688],[29.31586,40.92631],[29.31233,40.92498],[29.30943,40.92319],[29.30875,40.92223],[29.30831,40.91912],[29.30684,40.9175],[29.30847,40.91658],[29.31044,40.91729],[29.31092,40.91575],[29.30975,40.91497],[29.31005,40.91253],[29.31092,40.912],[29.3102,40.91064],[29.30575,40.91084],[29.3053,40.91035],[29.30178,40.90909],[29.29785,40.90871],[29.29708,40.90886],[29.29714,40.9079],[29.29725,40.9044],[29.29616,40.90339],[29.2953,40.90186],[29.29892,40.90143],[29.30198,40.90152],[29.30234,40.90036],[29.3011,40.89961],[29.29862,40.8987],[29.29834,40.89753],[29.29521,40.89644],[29.29329,40.89689],[29.28922,40.89539],[29.28888,40.89426],[29.29133,40.88952],[29.29247,40.88912],[29.29404,40.88513],[29.29395,40.88431],[29.29535,40.88047],[29.29556,40.87802],[29.29328,40.87957],[29.29365,40.87824],[29.29501,40.87584],[29.29538,40.8733],[29.29584,40.87342]]]},"properties":{"id":9268730,"name":"Sanayi Mahallesi","district_id":1276011}},{"type":"Feature","geometry":{"type":"Polygon","coordinates":[[[29.27722,40.90422],[29.27445,40.90307],[29.27198,40.89983],[29.27106,40.89923],[29.26597,40.89829],[29.26493,40.89558],[29.26656,40.89514],[29.26912,40.89381],[29.2716,40.89316],[29.27389,40.8919],[29.2748,40.89014],[29.2781,40.89052],[29.28294,40.89182],[29.28116,40.89235],[29.28112,40.89424],[29.28162,40.89528],[29.28139,40.89636],[29.28003,40.89725],[29.2805,40.89863],[29.27884,40.90356],[29.27722,40.90422]]]},"properties":{"id":9268783,"name":"Güllü Bağlar Mahallesi","district_id":1276011}},{"type":"Feature","geometry":{"type":"Polygon","coordinates":[[[29.28456,40.9148],[29.2828,40.91329],[29.28229,40.91044],[29.27863,40.90848],[29.27847,40.90649],[29.27928,40.90567],[29.27536,40.90562],[29.27787,40.90447],[29.28266,40.90256],[29.28474,40.90289],[29.28613,40.90224],[29.28995,40.90255],[29.29714,40.9079],[29.29708,40.90886],[29.29328,40.90872],[29.29132,40.91166],[29.28823,40.91325],[29.28702,40.91452],[29.28481,40.9144],[29.28456,40.9148]]]},"properties":{"id":9268801,"name":"Şeyhli Mahallesi","district_id":1276011}},{"type":"Feature","geometry":{"type":"Polygon","coordinates":[[[29.243,40.88534],[29.24347,40.88807],[29.24654,40.89186],[29.24576,40.89312],[29.24658,40.89384],[29.24323,40.89315],[29.24197,40.8924],[29.23902,40.89002],[29.23829,40.88844],[29.243,40.88534]]]},"properties":{"id":9268907,"name":"Orta Mahallesi","district_id":1276011}},{"type":"Feature","geometry":{"type":"Polygon","coordinates":[[[29.2469,40.90463],[29.24978,40.90453],[29.24903,40.90256],[29.25033,40.89992],[29.25279,40.89749],[29.25386,40.89689],[29.25168,40.89626],[29.25247,40.89544],[29.25492,40.89604],[29.25727,40.8939],[29.25828,40.89226],[29.25851,40.89103],[29.26141,40.89059],[29.26282,40.89155],[29.26521,40.89294],[29.26629,40.89462],[29.26493,40.89558],[29.26597,40.89829],[29.26113,40.89849],[29.25967,40.89914],[29.26366,40.90103],[29.26188,40.90342],[29.26083,40.90347],[29.26208,40.90654],[29.25991,40.90754],[29.25925,40.90978],[29.25837,40.91412],[29.25541,40.91527],[29.25395,40.91542],[29.25369,40.91728],[29.25449,40.91844],[29.25448,40.91955],[29.25361,40.92203],[29.24981,40.92282],[29.24904,40.92175],[29.2478,40.92117],[29.24482,40.92081],[29.24305,40.91957],[29.24309,40.91796],[29.24368,40.9164],[29.24507,40.91508],[29.24359,40.91399],[29.24487,40.9131],[29.24588,40.9116],[29.24537,40.90739],[29.24553,40.90603],[29.2469,40.90463]]]},"properties":{"id":9268910,"name":"Velibaba Mahallesi","district_id":1276011}},{"type":"Feature","geometry":{"type":"Polygon","coordinates":[[[29.25059,40.92529],[29.24981,40.92282],[29.25361,40.92203],[29.25448,40.91955],[29.25449,40.91844],[29.25369,40.91728],[29.25395,40.91542],[29.25541,40.91527],[29.25837,40.91412],[29.25925,40.90978],[29.26207,40.90947],[29.26617,40.90987],[29.26733,40.90939],[29.26842,40.90969],[29.27075,40.91135],[29.26985,40.91212],[29.26852,40.91222],[29.26794,40.9132],[29.26866,40.91486],[29.26791,40.91524],[29.26751,40.9174],[29.2677,40.92045],[29.26884,40.9216],[29.26506,40.92408],[29.25767,40.93214],[29.25517,40.93209],[29.25515,40.93065],[29.25292,40.929],[29.25059,40.92529]]]},"properties":{"id":9268920,"name":"Ertuğrul Gazi Mahallesi","district_id":1276011}},{"type":"Feature","geometry":{"type":"Polygon","coordinates":[[[29.27722,40.90422],[29.27787,40.90447],[29.27536,40.90562],[29.27549,40.90881],[29.27597,40.91053],[29.2746,40.91149],[29.2729,40.91211],[29.27268,40.91094],[29.27075,40.91135],[29.26842,40.90969],[29.26733,40.90939],[29.26617,40.90987],[29.26207,40.90947],[29.25925,40.90978],[29.25991,40.90754],[29.26208,40.90654],[29.26083,40.90347],[29.26188,40.90342],[29.26366,40.90103],[29.25967,40.89914],[29.26113,40.89849],[29.26597,40.89829],[29.27106,40.89923],[29.27198,40.89983],[29.27445,40.90307],[29.27722,40.90422]]]},"properties":{"id":9268921,"name":"Yayalar Mahallesi","district_id":1276011}},{"type":"Feature","geometry":{"type":"Polygon","coordinates":[[[29.28456,40.9148],[29.28632,40.91795],[29.28241,40.91777],[29.28072,40.91741],[29.27886,40.91891],[29.27786,40.91917],[29.27459,40.9191],[29.27145,40.91995],[29.26884,40.9216],[29.2677,40.92045],[29.26751,40.9174],[29.26791,40.91524],[29.26866,40.91486],[29.26794,40.9132],[29.26852,40.91222],[29.26985,40.91212],[29.27075,40.91135],[29.27268,40.91094],[29.2729,40.91211],[29.2746,40.91149],[29.27597,40.91053],[29.27549,40.90881],[29.27536,40.90562],[29.27928,40.90567],[29.27847,40.90649],[29.27863,40.90848],[29.28229,40.91044],[29.2828,40.91329],[29.28456,40.9148]]]},"properties":{"id":9269124,"name":"Sülüntepe Mahallesi","district_id":1276011}},{"type":"Feature","geometry":{"type":"Polygon","coordinates":[[[29.16438,40.90341],[29.16734,40.90792],[29.1712,40.90964],[29.17192,40.91053],[29.16894,40.91102],[29.16656,40.91093],[29.16422,40.91126],[29.15935,40.9132],[29.15845,40.91252],[29.15479,40.91129],[29.15105,40.90968],[29.1494,40.91292],[29.14747,40.91412],[29.14285,40.91355],[29.14065,40.91253],[29.13949,40.91163],[29.13886,40.91042],[29.13975,40.90899],[29.13958,40.90739],[29.13828,40.90667],[29.14078,40.9041],[29.1425,40.9026],[29.14416,40.90165],[29.14716,40.90062],[29.14802,40.90153],[29.15038,40.90165],[29.1547,40.90066],[29.16233,40.89706],[29.16417,40.899],[29.16177,40.90031],[29.16438,40.90341]]]},"properties":{"id":9285741,"name":"Orhantepe Mahallesi","district_id":1276013}},{"type":"Feature","geometry":{"type":"Polygon","coordinates":[[[29.16233,40.89706],[29.16696,40.8947],[29.17038,40.89241],[29.17313,40.89104],[29.17498,40.88965],[29.17741,40.88688],[29.1784,40.88615],[29.18033,40.88549],[29.18365,40.88522],[29.18586,40.88592],[29.18718,40.88683],[29.18832,40.887],[29.19238,40.88596],[29.19265,40.8854],[29.19712,40.88366],[29.20204,40.88269],[29.20334,40.8833],[29.2057,40.88252],[29.20606,40.88203],[29.21122,40.88011],[29.21544,40.87815],[29.21699,40.87928],[29.21808,40.88165],[29.21507,40.8824],[29.21261,40.88339],[29.20873,40.88541],[29.20643,40.88562],[29.20303,40.88499],[29.19954,40.88585],[29.19733,40.88685],[29.19281,40.88775],[29.19089,40.88895],[29.18863,40.88981],[29.18701,40.88973],[29.18301,40.88776],[29.18122,40.88758],[29.17979,40.88792],[29.17815,40.88939],[29.17545,40.89385],[29.17282,40.89623],[29.17141,40.89712],[29.168,40.89992],[29.16438,40.90341],[29.16177,40.90031],[29.16417,40.899],[29.16233,40.89706]]]},"properties":{"id":9285742,"name":"Kordonboyu Mahallesi","district_id":1276013}},{"type":"Feature","geometry":{"type":"Polygon","coordinates":[[[29.18034,40.90388],[29.17733,40.90716],[29.17703,40.90912],[29.17576,40.9092],[29.17192,40.91053],[29.1712,40.90964],[29.16734,40.90792],[29.16438,40.90341],[29.168,40.89992],[29.17141,40.89712],[29.17257,40.89846],[29.1736,40.89869],[29.17584,40.90125],[29.1769,40.90176],[29.17821,40.90119],[29.17897,40.9034],[29.18034,40.90388]]]},"properties":{"id":9285966,"name":"Atalar Mahallesi","district_id":1276013}},{"type":"Feature","geometry":{"type":"Polygon","coordinates":[[[29.15935,40.9132],[29.16422,40.91126],[29.16656,40.91093],[29.16894,40.91102],[29.17192,40.91053],[29.17576,40.9092],[29.17703,40.90912],[29.17733,40.90716],[29.17907,40.90817],[29.18376,40.9105],[29.18677,40.91122],[29.18834,40.91195],[29.1895,40.91336],[29.17136,40.91895],[29.17022,40.91834],[29.16693,40.91784],[29.16463,40.91696],[29.16345,40.91598],[29.16012,40.91512],[29.15769,40.91389],[29.15935,40.9132]]]},"properties":{"id":9285980,"name":"Cevizli Mahallesi","district_id":1276013}},{"type":"Feature","geometry":{"type":"Polygon","coordinates":[[[29.22279,40.9147],[29.22478,40.91407],[29.229,40.91228],[29.23203,40.9119],[29.23338,40.91135],[29.23502,40.90939],[29.23592,40.90933],[29.23763,40.90823],[29.24035,40.90803],[29.2428,40.90738],[29.2438,40.90784],[29.24537,40.90739],[29.24588,40.9116],[29.24487,40.9131],[29.24359,40.91399],[29.24507,40.91508],[29.24368,40.9164],[29.24309,40.91796],[29.24305,40.91957],[29.24482,40.92081],[29.2478,40.92117],[29.24904,40.92175],[29.24981,40.92282],[29.25059,40.92529],[29.24925,40.92703],[29.24788,40.92699],[29.24565,40.92796],[29.24473,40.928],[29.2457,40.92991],[29.24397,40.93169],[29.24306,40.93343],[29.24291,40.93459],[29.24178,40.93553],[29.24143,40.9368],[29.23975,40.93628],[29.23846,40.93672],[29.23727,40.93424],[29.23692,40.93273],[29.2361,40.93196],[29.23794,40.93104],[29.23632,40.92953],[29.23715,40.92882],[29.24007,40.92785],[29.24113,40.92654],[29.24054,40.9244],[29.23586,40.92426],[29.23421,40.923],[29.2308,40.92223],[29.23,40.92283],[29.2279,40.92298],[29.22693,40.92206],[29.22644,40.92068],[29.22674,40.92003],[29.22568,40.91909],[29.22313,40.91922],[29.21768,40.91874],[29.21301,40.91793],[29.21301,40.91475],[29.21365,40.91186],[29.21325,40.90883],[29.21522,40.90942],[29.21625,40.91111],[29.21938,40.91475],[29.22132,40.91574],[29.22279,40.9147]]]},"properties":{"id":9286009,"name":"Yakacık Çarşı Mahallesi","district_id":1276013}},{"type":"Feature","geometry":{"type":"Polygon","coordinates":[[[29.18034,40.90388],[29.17897,40.9034],[29.17821,40.90119],[29.1769,40.90176],[29.17584,40.90125],[29.1736,40.89869],[29.17257,40.89846],[29.17141,40.89712],[29.17282,40.89623],[29.17545,40.89385],[29.17815,40.88939],[29.17979,40.88792],[29.18105,40.88964],[29.18212,40.89253],[29.18313,40.89449],[29.18587,40.89629],[29.18605,40.89781],[29.18483,40.89995],[29.18293,40.90134],[29.18034,40.90388]]]},"properties":{"id":9286043,"name":"Petrol İş Mahallesi","district_id":1276013}},{"type":"Feature","geometry":{"type":"Polygon","coordinates":[[[29.21107,40.90609],[29.20627,40.90815],[29.2008,40.90986],[29.1895,40.91336],[29.18834,40.91195],[29.18677,40.91122],[29.18376,40.9105],[29.17907,40.90817],[29.17733,40.90716],[29.18034,40.90388],[29.18293,40.90134],[29.18287,40.90263],[29.18849,40.90186],[29.19081,40.90118],[29.19189,40.9013],[29.19609,40.90319],[29.19554,40.90048],[29.19781,40.89992],[29.19982,40.9005],[29.20117,40.89997],[29.20207,40.89874],[29.20506,40.90004],[29.20735,40.90167],[29.20869,40.90358],[29.21107,40.90609]]]},"properties":{"id":9286068,"name":"Esentepe Mahallesi","district_id":1276013}},{"type":"Feature","geometry":{"type":"Polygon","coordinates":[[[29.18587,40.89629],[29.18313,40.89449],[29.18212,40.89253],[29.18105,40.88964],[29.17979,40.88792],[29.18122,40.88758],[29.18301,40.88776],[29.18701,40.88973],[29.18647,40.8922],[29.18624,40.89498],[29.18587,40.89629]]]},"properties":{"id":9286088,"name":"Yukarı Mahallesi","district_id":1276013}},{"type":"Feature","geometry":{"type":"Polygon","coordinates":[[[29.19089,40.88895],[29.19205,40.8907],[29.19475,40.89267],[29.19684,40.89365],[29.20047,40.89656],[29.20207,40.89874],[29.20117,40.89997],[29.19982,40.9005],[29.19781,40.89992],[29.19554,40.90048],[29.19609,40.90319],[29.19189,40.9013],[29.19081,40.90118],[29.18849,40.90186],[29.18287,40.90263],[29.18293,40.90134],[29.18483,40.89995],[29.18605,40.89781],[29.18587,40.89629],[29.18624,40.89498],[29.18647,40.8922],[29.18701,40.88973],[29.18863,40.88981],[29.19089,40.88895]]]},"properties":{"id":9286104,"name":"Karlıktepe Mahallesi","district_id":1276013}},{"type":"Feature","geometry":{"type":"Polygon","coordinates":[[[29.19089,40.88895],[29.19281,40.88775],[29.19733,40.88685],[29.19954,40.88585],[29.20303,40.88499],[29.20643,40.88562],[29.20721,40.88767],[29.20717,40.89135],[29.20648,40.89877],[29.20646,40.90011],[29.20735,40.90167],[29.20506,40.90004],[29.20207,40.89874],[29.20047,40.89656],[29.19684,40.89365],[29.19475,40.89267],[29.19205,40.8907],[29.19089,40.88895]]]},"properties":{"id":9286195,"name":"Çavuşoğlu Mahallesi","district_id":1276013}},{"type":"Feature","geometry":{"type":"Polygon","coordinates":[[[29.21815,40.8904],[29.21591,40.89077],[29.2153,40.89233],[29.21442,40.89344],[29.21401,40.89647],[29.21197,40.89643],[29.21137,40.89692],[29.20953,40.89708],[29.2103,40.90037],[29.21006,40.90107],[29.20735,40.90167],[29.20646,40.90011],[29.20648,40.89877],[29.20717,40.89135],[29.20721,40.88767],[29.20643,40.88562],[29.20873,40.88541],[29.21261,40.88339],[29.21507,40.8824],[29.21808,40.88165],[29.21891,40.88473],[29.21741,40.88666],[29.21887,40.88719],[29.21875,40.89004],[29.21815,40.8904]]]},"properties":{"id":9286238,"name":"Yunus Mahallesi","district_id":1276013}},{"type":"Feature","geometry":{"type":"Polygon","coordinates":[[[29.21876,40.90124],[29.21107,40.90609],[29.20869,40.90358],[29.20735,40.90167],[29.21006,40.90107],[29.2103,40.90037],[29.20953,40.89708],[29.21137,40.89692],[29.21197,40.89643],[29.21401,40.89647],[29.21442,40.89344],[29.2153,40.89233],[29.21591,40.89077],[29.21815,40.8904],[29.21819,40.89165],[29.21754,40.89269],[29.2174,40.89713],[29.21854,40.89981],[29.21876,40.90124]]]},"properties":{"id":9286262,"name":"Topselvi Mahalesi","district_id":1276013}},{"type":"Feature","geometry":{"type":"Polygon","coordinates":[[[29.22455,40.89738],[29.21876,40.90124],[29.21854,40.89981],[29.2174,40.89713],[29.21754,40.89269],[29.21819,40.89165],[29.21815,40.8904],[29.21875,40.89004],[29.22085,40.88965],[29.22322,40.88962],[29.22313,40.89401],[29.22455,40.89738]]]},"properties":{"id":9286269,"name":"Yalı Mahallesi","district_id":1276013}},{"type":"Feature","geometry":{"type":"Polygon","coordinates":[[[29.22279,40.9147],[29.22132,40.91574],[29.21938,40.91475],[29.21625,40.91111],[29.21522,40.90942],[29.21325,40.90883],[29.21107,40.90609],[29.21876,40.90124],[29.22455,40.89738],[29.22792,40.89518],[29.22735,40.8963],[29.2265,40.90608],[29.2249,40.90938],[29.22301,40.9113],[29.22255,40.91224],[29.22279,40.9147]]]},"properties":{"id":9286337,"name":"Cumhuriyet Mahallesi","district_id":1276013}},{"type":"Feature","geometry":{"type":"Polygon","coordinates":[[[29.21325,40.90883],[29.21365,40.91186],[29.21301,40.91475],[29.21301,40.91793],[29.20786,40.91774],[29.2058,40.91725],[29.20497,40.91577],[29.20347,40.91498],[29.20244,40.91504],[29.19962,40.91641],[29.19957,40.91509],[29.20021,40.91256],[29.20137,40.91163],[29.2008,40.90986],[29.20627,40.90815],[29.21107,40.90609],[29.21325,40.90883]]]},"properties":{"id":9286355,"name":"Orta Mahallesi","district_id":1276013}},{"type":"Feature","geometry":{"type":"Polygon","coordinates":[[[29.19962,40.91641],[29.20029,40.91845],[29.19984,40.92132],[29.19836,40.92239],[29.19551,40.92196],[29.19403,40.92117],[29.19121,40.92168],[29.18772,40.92172],[29.18654,40.92115],[29.18353,40.92169],[29.17957,40.92068],[29.17802,40.91993],[29.17136,40.91895],[29.1895,40.91336],[29.2008,40.90986],[29.20137,40.91163],[29.20021,40.91256],[29.19957,40.91509],[29.19962,40.91641]]]},"properties":{"id":9286388,"name":"Soğanlık Yeni Mahallesi","district_id":1276013}},{"type":"Feature","geometry":{"type":"Polygon","coordinates":[[[29.20633,40.92776],[29.20561,40.92557],[29.20569,40.9239],[29.20471,40.92396],[29.20324,40.92315],[29.20378,40.9225],[29.19984,40.92132],[29.20029,40.91845],[29.19962,40.91641],[29.20244,40.91504],[29.20347,40.91498],[29.20497,40.91577],[29.2058,40.91725],[29.20786,40.91774],[29.21301,40.91793],[29.21768,40.91874],[29.21694,40.92057],[29.21688,40.92194],[29.21825,40.92396],[29.2171,40.92395],[29.2158,40.92531],[29.21534,40.92677],[29.21251,40.925],[29.20906,40.92389],[29.207,40.92579],[29.20633,40.92776]]]},"properties":{"id":9286428,"name":"Gümüşpınar Mahallesi","district_id":1276013}},{"type":"Feature","geometry":{"type":"Polygon","coordinates":[[[29.2469,40.90463],[29.24553,40.90603],[29.24537,40.90739],[29.2438,40.90784],[29.2428,40.90738],[29.24035,40.90803],[29.23763,40.90823],[29.23592,40.90933],[29.23502,40.90939],[29.23338,40.91135],[29.23203,40.9119],[29.229,40.91228],[29.22478,40.91407],[29.22279,40.9147],[29.22255,40.91224],[29.22301,40.9113],[29.2249,40.90938],[29.2265,40.90608],[29.22735,40.8963],[29.22792,40.89518],[29.23229,40.89236],[29.23367,40.8937],[29.2371,40.89625],[29.23686,40.89733],[29.23736,40.89851],[29.23822,40.89884],[29.24275,40.89828],[29.24443,40.89925],[29.24672,40.90104],[29.2469,40.90463]]]},"properties":{"id":9286454,"name":"Hürriyet Mahallesi","district_id":1276013}},{"type":"Feature","geometry":{"type":"Polygon","coordinates":[[[29.21534,40.92677],[29.21729,40.92764],[29.21939,40.92822],[29.22162,40.92966],[29.22005,40.93185],[29.22015,40.93361],[29.21932,40.936],[29.21995,40.93779],[29.21795,40.93901],[29.21728,40.94014],[29.21715,40.94431],[29.2163,40.94604],[29.21359,40.94316],[29.21151,40.94052],[29.20973,40.9377],[29.20801,40.9342],[29.20665,40.93011],[29.20633,40.92776],[29.207,40.92579],[29.20906,40.92389],[29.21251,40.925],[29.21534,40.92677]]]},"properties":{"id":9286485,"name":"Uğur Mumcu Mahallesi","district_id":1276013}},{"type":"Feature","geometry":{"type":"Polygon","coordinates":[[[29.21768,40.91874],[29.22313,40.91922],[29.22568,40.91909],[29.22674,40.92003],[29.22644,40.92068],[29.22693,40.92206],[29.2279,40.92298],[29.23,40.92283],[29.2308,40.92223],[29.23421,40.923],[29.23586,40.92426],[29.24054,40.9244],[29.24113,40.92654],[29.24007,40.92785],[29.23715,40.92882],[29.23632,40.92953],[29.23794,40.93104],[29.2361,40.93196],[29.23692,40.93273],[29.23727,40.93424],[29.23846,40.93672],[29.23975,40.93628],[29.24143,40.9368],[29.24178,40.93553],[29.24291,40.93459],[29.24306,40.93343],[29.24397,40.93169],[29.2457,40.92991],[29.24473,40.928],[29.24565,40.92796],[29.24788,40.92699],[29.24925,40.92703],[29.25059,40.92529],[29.25292,40.929],[29.25515,40.93065],[29.25517,40.93209],[29.25228,40.93481],[29.25189,40.93928],[29.25072,40.94046],[29.25062,40.9421],[29.25016,40.94302],[29.24989,40.94653],[29.2481,40.94873],[29.2466,40.9513],[29.24251,40.94986],[29.24071,40.94973],[29.23877,40.95006],[29.23542,40.94989],[29.23207,40.94914],[29.23107,40.94985],[29.23012,40.94931],[29.22875,40.94944],[29.22875,40.95088],[29.22735,40.95242],[29.22591,40.95296],[29.2233,40.95208],[29.22113,40.95182],[29.21975,40.94977],[29.2163,40.94604],[29.21715,40.94431],[29.21728,40.94014],[29.21795,40.93901],[29.21995,40.93779],[29.21932,40.936],[29.22015,40.93361],[29.22005,40.93185],[29.22162,40.92966],[29.21939,40.92822],[29.21729,40.92764],[29.21534,40.92677],[29.2158,40.92531],[29.2171,40.92395],[29.21825,40.92396],[29.21688,40.92194],[29.21694,40.92057],[29.21768,40.91874]]]},"properties":{"id":9286522,"name":"Yakacık Yeni Mahallesi","district_id":1276013}},{"type":"Feature","geometry":{"type":"Polygon","coordinates":[[[29.09271,40.96149],[29.09015,40.9584],[29.08883,40.9595],[29.08714,40.95989],[29.08601,40.95773],[29.08384,40.95872],[29.08263,40.95717],[29.08305,40.95522],[29.08294,40.95343],[29.08382,40.95434],[29.0854,40.95478],[29.08751,40.95451],[29.09051,40.95134],[29.09358,40.95242],[29.09481,40.952],[29.09791,40.95434],[29.09949,40.95487],[29.10115,40.95626],[29.10424,40.95655],[29.10683,40.95785],[29.10935,40.95802],[29.11123,40.95906],[29.10663,40.96333],[29.10466,40.96568],[29.10386,40.9645],[29.10173,40.96463],[29.09978,40.96407],[29.09689,40.96262],[29.09393,40.9604],[29.09271,40.96149]]]},"properties":{"id":9286607,"name":"Bostancı Mahallesi","district_id":1276548}},{"type":"Feature","geometry":{"type":"Polygon","coordinates":[[[29.09271,40.96149],[29.08976,40.96323],[29.08738,40.9658],[29.08682,40.96544],[29.08185,40.96797],[29.08083,40.96714],[29.07677,40.96528],[29.07437,40.96313],[29.07112,40.95985],[29.07107,40.95851],[29.07213,40.95776],[29.07448,40.95673],[29.07602,40.95709],[29.07807,40.956],[29.08107,40.95348],[29.08294,40.95343],[29.08305,40.95522],[29.08263,40.95717],[29.08384,40.95872],[29.08601,40.95773],[29.08714,40.95989],[29.08883,40.9595],[29.09015,40.9584],[29.09271,40.96149]]]},"properties":{"id":9286614,"name":"Suadiye Mahallesi","district_id":1276548}},{"type":"Feature","geometry":{"type":"Polygon","coordinates":[[[29.02812,41.00283],[29.02383,41.0004],[29.02334,40.99976],[29.02118,40.99841],[29.02012,40.99896],[29.01765,41.00129],[29.01579,41.00025],[29.01907,40.99704],[29.01762,40.99624],[29.01844,40.99558],[29.01954,40.99611],[29.02257,40.99593],[29.02408,40.99423],[29.02399,40.99344],[29.02566,40.9932],[29.03032,40.99333],[29.02933,40.99235],[29.0302,40.99104],[29.03286,40.99184],[29.03448,40.99249],[29.0331,40.99372],[29.03243,40.99533],[29.03012,40.99883],[29.02944,41.00101],[29.02812,41.00283]]]},"properties":{"id":9286639,"name":"Rasimpaşa Mahallesi","district_id":1276548}},{"type":"Feature","geometry":{"type":"Polygon","coordinates":[[[29.16232,40.98077],[29.16518,40.97944],[29.16717,40.97932],[29.17232,40.9778],[29.1729,40.97628],[29.17396,40.97605],[29.17653,40.97727],[29.1789,40.97667],[29.17975,40.97534],[29.18074,40.97513],[29.18437,40.97531],[29.18585,40.97603],[29.18884,40.97816],[29.19302,40.9791],[29.19553,40.97999],[29.19796,40.98125],[29.19986,40.98205],[29.20104,40.98199],[29.20351,40.98317],[29.19911,40.98492],[29.19394,40.98833],[29.19262,40.98897],[29.19039,40.98976],[29.18777,40.99026],[29.17961,40.99054],[29.17733,40.99084],[29.17295,40.99192],[29.1687,40.9933],[29.16866,40.99263],[29.16738,40.99039],[29.16751,40.98848],[29.16656,40.98498],[29.16507,40.98163],[29.16426,40.98083],[29.16232,40.98077]]]},"properties":{"id":9286657,"name":"Ferhatpaşa Mahallesi","district_id":1276672}},{"type":"Feature","geometry":{"type":"Polygon","coordinates":[[[29.07264,41.00567],[29.07232,41.00252],[29.07344,41.00016],[29.07398,40.99704],[29.07549,40.99875],[29.07824,41.00137],[29.07972,41.00159],[29.08053,41.00232],[29.07929,41.00429],[29.07855,41.00706],[29.07539,41.00606],[29.07264,41.00567]]]},"properties":{"id":9286658,"name":"Fetih Mahallesi","district_id":1276672}},{"type":"Feature","geometry":{"type":"Polygon","coordinates":[[[29.14676,40.98926],[29.14655,40.98915],[29.14222,40.98716],[29.1396,40.987],[29.13873,40.98651],[29.13449,40.98255],[29.13144,40.98081],[29.1285,40.9801],[29.12603,40.97924],[29.12671,40.97894],[29.12815,40.97921],[29.13133,40.97913],[29.13559,40.97868],[29.13766,40.97868],[29.14268,40.97831],[29.14845,40.97722],[29.15107,40.97652],[29.15403,40.97476],[29.15535,40.97569],[29.15599,40.97727],[29.15748,40.97911],[29.16082,40.97952],[29.1603,40.98105],[29.1565,40.98193],[29.15332,40.98193],[29.1517,40.98307],[29.14921,40.98539],[29.1471,40.98797],[29.14676,40.98926]]]},"properties":{"id":9287004,"name":"Kayışdağı Mahallesi","district_id":1276672}},{"type":"Feature","geometry":{"type":"Polygon","coordinates":[[[29.14676,40.98926],[29.15368,40.99272],[29.15539,40.99357],[29.15532,40.99464],[29.15242,40.99467],[29.14842,40.99502],[29.13831,40.99679],[29.13624,40.99699],[29.13238,40.997],[29.13081,40.99682],[29.13086,40.99468],[29.13176,40.99383],[29.13309,40.99344],[29.13683,40.99367],[29.13734,40.99281],[29.14046,40.99309],[29.14245,40.99235],[29.14494,40.99182],[29.14632,40.99022],[29.14655,40.98915],[29.14676,40.98926]]]},"properties":{"id":9288091,"name":"Yenişehir Mahallesi","district_id":1276672}},{"type":"Feature","geometry":{"type":"Polygon","coordinates":[[[29.1496,40.97245],[29.15137,40.97361],[29.15388,40.97419],[29.15403,40.97476],[29.15107,40.97652],[29.14845,40.97722],[29.14268,40.97831],[29.13766,40.97868],[29.13559,40.97868],[29.13133,40.97913],[29.12815,40.97921],[29.12671,40.97894],[29.12599,40.97844],[29.12711,40.97664],[29.12528,40.97501],[29.12578,40.9725],[29.12776,40.97309],[29.13151,40.97327],[29.13469,40.97317],[29.13666,40.97406],[29.14045,40.9739],[29.14152,40.97328],[29.14359,40.97296],[29.14479,40.97331],[29.14803,40.97296],[29.1496,40.97245]]]},"properties":{"id":9288097,"name":"İnönü Mahallesi","district_id":1276672}},{"type":"Feature","geometry":{"type":"Polygon","coordinates":[[[28.72238,40.97781],[28.71678,40.97891],[28.71467,40.97898],[28.71532,40.98112],[28.71141,40.98204],[28.71,40.98071],[28.70569,40.98045],[28.69889,40.98489],[28.69788,40.98177],[28.70006,40.97921],[28.70009,40.97703],[28.6987,40.97616],[28.69889,40.97422],[28.69954,40.97374],[28.70537,40.97337],[28.70839,40.97287],[28.7098,40.97238],[28.71129,40.97282],[28.7154,40.97189],[28.71819,40.97087],[28.71937,40.97076],[28.71983,40.96931],[28.72504,40.96894],[28.72564,40.96951],[28.7246,40.97049],[28.7258,40.97115],[28.72549,40.97327],[28.72378,40.97248],[28.72113,40.972],[28.72125,40.97408],[28.72238,40.97781]]]},"properties":{"id":9289098,"name":"Ambarlı Mahallesi","district_id":1766094}},{"type":"Feature","geometry":{"type":"Polygon","coordinates":[[[28.74464,41.06209],[28.74308,41.0628],[28.74285,41.06368],[28.73979,41.06281],[28.73768,41.06303],[28.73588,41.06223],[28.73196,41.06412],[28.73235,41.06516],[28.73168,41.06575],[28.72888,41.06702],[28.72819,41.06856],[28.72652,41.07113],[28.72315,41.07355],[28.71827,41.07823],[28.71548,41.08048],[28.71374,41.08256],[28.71039,41.08413],[28.70873,41.08637],[28.7061,41.08768],[28.70578,41.08823],[28.70619,41.09032],[28.70457,41.09261],[28.70313,41.09394],[28.69779,41.10115],[28.69509,41.10299],[28.69144,41.10519],[28.6893,41.10608],[28.69134,41.10421],[28.69197,41.1015],[28.69248,41.10042],[28.69273,41.09849],[28.69254,41.09611],[28.69098,41.09246],[28.69154,41.09078],[28.69229,41.08984],[28.6923,41.08813],[28.6936,41.08383],[28.69386,41.08217],[28.69536,41.07945],[28.69711,41.07693],[28.69847,41.07613],[28.70006,41.07178],[28.70032,41.06591],[28.69932,41.06451],[28.70107,41.05995],[28.70023,41.0591],[28.70176,41.05905],[28.70294,41.05779],[28.7171,41.04968],[28.72077,41.0484],[28.72421,41.04837],[28.72622,41.04877],[28.72754,41.04729],[28.72924,41.0479],[28.73024,41.04922],[28.7319,41.04938],[28.73183,41.05021],[28.73275,41.05137],[28.73521,41.05185],[28.73601,41.05274],[28.7373,41.05259],[28.73713,41.05081],[28.73823,41.05005],[28.74029,41.05117],[28.74057,41.05251],[28.74217,41.05686],[28.74354,41.05844],[28.74527,41.05912],[28.74526,41.06085],[28.74464,41.06209]]]},"properties":{"id":9289128,"name":"Tahtakale Mahallesi","district_id":1766094}},{"type":"Feature","geometry":{"type":"Polygon","coordinates":[[[28.61271,40.99167],[28.61102,40.99195],[28.60738,40.99473],[28.60482,40.99755],[28.6039,40.99739],[28.60264,40.99637],[28.60089,40.99791],[28.59991,40.99711],[28.5972,40.99701],[28.59732,40.99455],[28.59694,40.99324],[28.59723,40.99237],[28.59644,40.99044],[28.59612,40.98839],[28.5985,40.98178],[28.5989,40.98115],[28.59818,40.97949],[28.59565,40.97581],[28.59485,40.97357],[28.59558,40.97244],[28.5968,40.97173],[28.60114,40.97407],[28.60269,40.97553],[28.60566,40.97765],[28.60745,40.98095],[28.60844,40.98166],[28.60974,40.98334],[28.61089,40.98338],[28.61067,40.98496],[28.611,40.98734],[28.61291,40.98878],[28.61312,40.9902],[28.61403,40.99143],[28.61271,40.99167]]]},"properties":{"id":9289261,"name":"Gürpınar Mahallesi","district_id":1766100}},{"type":"Feature","geometry":{"type":"Polygon","coordinates":[[[29.23254,41.03611],[29.232,41.03807],[29.2299,41.03959],[29.22987,41.04114],[29.22816,41.04226],[29.22644,41.04452],[29.22491,41.04608],[29.22088,41.04916],[29.21801,41.05188],[29.21652,41.0562],[29.21421,41.05844],[29.21042,41.05905],[29.2087,41.0577],[29.20823,41.05666],[29.20917,41.0548],[29.21121,41.05351],[29.21069,41.05285],[29.21057,41.05127],[29.20996,41.05064],[29.21026,41.04558],[29.21176,41.0433],[29.21047,41.04008],[29.2123,41.03891],[29.21481,41.03655],[29.21666,41.0355],[29.21876,41.03542],[29.22237,41.03598],[29.22359,41.0368],[29.22655,41.03509],[29.22791,41.0336],[29.22736,41.03138],[29.22853,41.03091],[29.23028,41.0268],[29.2366,41.02712],[29.23572,41.02931],[29.23507,41.02947],[29.23385,41.03219],[29.23394,41.03438],[29.23254,41.03611]]]},"properties":{"id":9289278,"name":"Taşdelen Mahallesi","district_id":1276034}},{"type":"Feature","geometry":{"type":"Polygon","coordinates":[[[28.6594,41.00664],[28.65994,41.00791],[28.66136,41.00644],[28.66532,41.00401],[28.66725,41.00381],[28.66847,41.00228],[28.66889,40.99913],[28.66795,40.99873],[28.66677,40.99623],[28.66713,40.99382],[28.66524,40.99331],[28.66493,40.99259],[28.66567,40.9908],[28.66498,40.98949],[28.6648,40.98733],[28.66556,40.98506],[28.66604,40.98503],[28.67081,40.98518],[28.67301,40.98481],[28.67575,40.98377],[28.67925,40.98378],[28.68093,40.98287],[28.68281,40.98257],[28.68375,40.97687],[28.68513,40.97346],[28.68638,40.97168],[28.68569,40.96985],[28.6857,40.96881],[28.68657,40.9687],[28.68703,40.97016],[28.68941,40.97077],[28.69011,40.97166],[28.69179,40.97224],[28.69525,40.97246],[28.69668,40.97312],[28.69954,40.97374],[28.69889,40.97422],[28.6987,40.97616],[28.70009,40.97703],[28.70006,40.97921],[28.69788,40.98177],[28.69681,40.98359],[28.69444,40.98602],[28.69164,40.98783],[28.6898,40.9884],[28.68785,40.99],[28.68761,40.99132],[28.68439,40.99898],[28.68431,41.00114],[28.68773,41.00229],[28.68552,41.00411],[28.68391,41.00494],[28.68182,41.00555],[28.67794,41.00582],[28.66917,41.00603],[28.66574,41.00645],[28.66408,41.00693],[28.65912,41.00879],[28.6594,41.00664]]]},"properties":{"id":9293239,"name":"Yakuplu Mahallesi","district_id":1766100}},{"type":"Feature","geometry":{"type":"Polygon","coordinates":[[[29.0006,41.0445],[29.00026,41.04559],[28.99931,41.04653],[28.99691,41.04738],[28.99595,41.04561],[28.99555,41.04307],[28.99323,41.04226],[28.99288,41.03919],[28.99329,41.03896],[28.99578,41.03677],[28.99678,41.0375],[29.00511,41.03986],[29.00539,41.04003],[29.00422,41.04163],[29.00299,41.04197],[29.00204,41.04369],[29.0006,41.0445]]]},"properties":{"id":9296001,"name":"Vişnezade Mahallesi","district_id":1765893}},{"type":"Feature","geometry":{"type":"Polygon","coordinates":[[[29.15532,40.99464],[29.15486,40.99816],[29.15609,41.00061],[29.15679,41.00157],[29.14618,41.00585],[29.14599,41.00602],[29.1444,41.0048],[29.14178,41.0021],[29.14031,41.00109],[29.1402,40.9991],[29.13949,40.9972],[29.13831,40.99679],[29.14842,40.99502],[29.15242,40.99467],[29.15532,40.99464]]]},"properties":{"id":9308675,"name":"Şerifali Mahallesi","district_id":1276890}},{"type":"Feature","geometry":{"type":"Polygon","coordinates":[[[29.15128,41.01584],[29.14942,41.01593],[29.1491,41.01246],[29.14838,41.01146],[29.14671,41.00671],[29.14599,41.00602],[29.14618,41.00585],[29.15679,41.00157],[29.16203,41.00742],[29.16439,41.01048],[29.1643,41.01316],[29.16365,41.01635],[29.16114,41.01622],[29.15956,41.01652],[29.1561,41.01677],[29.15421,41.0165],[29.15239,41.01581],[29.15128,41.01584]]]},"properties":{"id":9308676,"name":"Yukarı Dudullu Mahallesi","district_id":1276890}},{"type":"Feature","geometry":{"type":"Polygon","coordinates":[[[28.86948,41.01418],[28.86524,41.01411],[28.86305,41.01431],[28.86469,41.01268],[28.8669,41.01086],[28.86815,41.0095],[28.87059,41.00627],[28.8744,41.0079],[28.86948,41.01418]]]},"properties":{"id":9309043,"name":"Haznedar Mahallesi","district_id":1766106}},{"type":"Feature","geometry":{"type":"Polygon","coordinates":[[[28.89912,41.02768],[28.89749,41.0279],[28.89519,41.02746],[28.89412,41.02818],[28.89284,41.03121],[28.89048,41.02986],[28.89071,41.02947],[28.88869,41.02668],[28.88705,41.02514],[28.88617,41.02264],[28.88542,41.02261],[28.88733,41.02077],[28.88675,41.01885],[28.88675,41.01741],[28.88979,41.0174],[28.89088,41.01792],[28.89231,41.01875],[28.89504,41.019],[28.89851,41.01903],[28.90063,41.02069],[28.89938,41.0237],[28.89912,41.02768]]]},"properties":{"id":9309109,"name":"Çifte Havuzlar Mahallesi","district_id":1766101}},{"type":"Feature","geometry":{"type":"Polygon","coordinates":[[[28.52099,41.06899],[28.52325,41.06779],[28.52391,41.06705],[28.52515,41.06684],[28.52752,41.0644],[28.53076,41.06549],[28.52749,41.0694],[28.53257,41.0726],[28.52992,41.07455],[28.52648,41.07593],[28.52484,41.077],[28.52371,41.07852],[28.52201,41.08214],[28.5206,41.08418],[28.52056,41.0859],[28.52006,41.08873],[28.52042,41.0898],[28.52133,41.09031],[28.52199,41.09158],[28.521,41.09347],[28.52133,41.09447],[28.52057,41.09638],[28.52078,41.09731],[28.52238,41.09875],[28.52931,41.10305],[28.53043,41.1041],[28.52805,41.10574],[28.52462,41.10671],[28.5222,41.108],[28.52137,41.10747],[28.51435,41.10519],[28.50809,41.10268],[28.51164,41.09633],[28.51349,41.09147],[28.51522,41.08625],[28.51635,41.08434],[28.52431,41.07405],[28.52579,41.07188],[28.52099,41.06899]]]},"properties":{"id":9314634,"name":"Ahmediye Mahallesi","district_id":1275387}},{"type":"Feature","geometry":{"type":"Polygon","coordinates":[[[28.88546,41.034],[28.89048,41.02986],[28.89284,41.03121],[28.89512,41.03262],[28.89483,41.03391],[28.89346,41.03416],[28.88738,41.03387],[28.88546,41.034]]]},"properties":{"id":9318611,"name":"Davutpaşa Mahallesi","district_id":1766101}},{"type":"Feature","geometry":{"type":"Polygon","coordinates":[[[28.89284,41.03121],[28.89412,41.02818],[28.89519,41.02746],[28.89749,41.0279],[28.89912,41.02768],[28.89867,41.02966],[28.89759,41.03119],[28.89626,41.03403],[28.89483,41.03391],[28.89512,41.03262],[28.89284,41.03121]]]},"properties":{"id":9318612,"name":"Namık Kemal Mahallesi","district_id":1766101}},{"type":"Feature","geometry":{"type":"Polygon","coordinates":[[[28.88609,41.04157],[28.8836,41.04051],[28.88501,41.03815],[28.88609,41.03692],[28.88871,41.03579],[28.89281,41.03494],[28.89346,41.03416],[28.89483,41.03391],[28.89626,41.03403],[28.89526,41.03515],[28.89358,41.03608],[28.88912,41.03761],[28.88744,41.03935],[28.88609,41.04157]]]},"properties":{"id":9318613,"name":"Yavuz Selim Mahallesi","district_id":1766101}},{"type":"Feature","geometry":{"type":"Polygon","coordinates":[[[28.99143,41.05174],[28.98835,41.04954],[28.98756,41.04827],[28.98652,41.04558],[28.98664,41.04131],[28.98648,41.04068],[28.98975,41.04024],[28.99107,41.03927],[28.99288,41.03919],[28.99323,41.04226],[28.99555,41.04307],[28.99595,41.04561],[28.99691,41.04738],[28.99447,41.04854],[28.99276,41.05059],[28.99143,41.05174]]]},"properties":{"id":9319824,"name":"Harbiye Mahallesi","district_id":1765896}},{"type":"Feature","geometry":{"type":"Polygon","coordinates":[[[28.98081,41.04216],[28.98202,41.04095],[28.98285,41.04177],[28.98648,41.04068],[28.98664,41.04131],[28.98652,41.04558],[28.98389,41.04586],[28.98081,41.04216]]]},"properties":{"id":9319855,"name":"İnönü Mahallesi","district_id":1765896}},{"type":"Feature","geometry":{"type":"Polygon","coordinates":[[[28.98389,41.04586],[28.98652,41.04558],[28.98756,41.04827],[28.98755,41.05128],[28.98728,41.05138],[28.98583,41.04976],[28.98429,41.0463],[28.98389,41.04586]]]},"properties":{"id":9319943,"name":"Ergenekon Mahallesi","district_id":1765896}},{"type":"Feature","geometry":{"type":"Polygon","coordinates":[[[28.98081,41.04216],[28.98389,41.04586],[28.98429,41.0463],[28.98062,41.04811],[28.97775,41.04437],[28.98081,41.04216]]]},"properties":{"id":9320234,"name":"Eskişehir Mahallesi","district_id":1765896}},{"type":"Feature","geometry":{"type":"Polygon","coordinates":[[[28.98429,41.0463],[28.98583,41.04976],[28.98728,41.05138],[28.98445,41.05256],[28.98323,41.05114],[28.98062,41.04811],[28.98429,41.0463]]]},"properties":{"id":9320236,"name":"Bozkurt Mahallesi","district_id":1765896}},{"type":"Feature","geometry":{"type":"Polygon","coordinates":[[[28.97888,41.05251],[28.97924,41.05208],[28.97691,41.04936],[28.97867,41.04818],[28.97591,41.04567],[28.97716,41.04419],[28.97775,41.04437],[28.98062,41.04811],[28.98323,41.05114],[28.97929,41.05307],[28.97888,41.05251]]]},"properties":{"id":9320291,"name":"Feriköy Mahallesi","district_id":1765896}},{"type":"Feature","geometry":{"type":"Polygon","coordinates":[[[28.9627,41.05536],[28.96171,41.05337],[28.96236,41.0528],[28.96271,41.05092],[28.9641,41.0505],[28.96547,41.04898],[28.96703,41.04787],[28.96801,41.0477],[28.96779,41.05244],[28.96868,41.05413],[28.96625,41.05624],[28.96522,41.05633],[28.9627,41.05536]]]},"properties":{"id":9321888,"name":"Mahmut Şevket Paşa Mahallesi","district_id":1765896}},{"type":"Feature","geometry":{"type":"Polygon","coordinates":[[[28.9627,41.05536],[28.96522,41.05633],[28.96625,41.05624],[28.96868,41.05413],[28.97154,41.05635],[28.97248,41.05804],[28.97279,41.06054],[28.9722,41.0615],[28.96905,41.06317],[28.96431,41.0576],[28.9627,41.05536]]]},"properties":{"id":9321890,"name":"Halil Rıfat Paşa Mahallesi","district_id":1765896}},{"type":"Feature","geometry":{"type":"Polygon","coordinates":[[[28.96983,41.06413],[28.96905,41.06317],[28.9722,41.0615],[28.97279,41.06054],[28.97776,41.06543],[28.97844,41.06743],[28.97462,41.06723],[28.9749,41.06637],[28.96983,41.06413]]]},"properties":{"id":9321891,"name":"Kaptanpaşa Mahallesi","district_id":1765896}},{"type":"Feature","geometry":{"type":"Polygon","coordinates":[[[28.97279,41.06054],[28.97248,41.05804],[28.97327,41.05703],[28.97442,41.05763],[28.9755,41.05879],[28.97663,41.05934],[28.97851,41.06074],[28.98127,41.06193],[28.98304,41.06299],[28.98265,41.06383],[28.97776,41.06543],[28.97279,41.06054]]]},"properties":{"id":9321912,"name":"Halide Edip Adıvar Mahallesi","district_id":1765896}},{"type":"Feature","geometry":{"type":"Polygon","coordinates":[[[28.96868,41.05413],[28.96779,41.05244],[28.96801,41.0477],[28.96807,41.04557],[28.97101,41.04482],[28.97258,41.0477],[28.97528,41.0511],[28.97792,41.05222],[28.9777,41.05377],[28.97881,41.05565],[28.97665,41.05614],[28.97442,41.05763],[28.97327,41.05703],[28.97248,41.05804],[28.97154,41.05635],[28.96868,41.05413]]]},"properties":{"id":9321929,"name":"Paşa Mahallesi","district_id":1765896}},{"type":"Feature","geometry":{"type":"Polygon","coordinates":[[[28.97888,41.05251],[28.97929,41.05307],[28.98323,41.05114],[28.98445,41.05256],[28.98181,41.05442],[28.98126,41.05527],[28.97881,41.05565],[28.9777,41.05377],[28.97792,41.05222],[28.97888,41.05251]]]},"properties":{"id":9321930,"name":"Duatepe Mahallesi","district_id":1765896}},{"type":"Feature","geometry":{"type":"Polygon","coordinates":[[[28.97147,41.04477],[28.97384,41.04602],[28.97591,41.04567],[28.97867,41.04818],[28.97691,41.04936],[28.97924,41.05208],[28.97888,41.05251],[28.97792,41.05222],[28.97528,41.0511],[28.97258,41.0477],[28.97101,41.04482],[28.97147,41.04477]]]},"properties":{"id":9322001,"name":"Yayla Mahallesi","district_id":1765896}},{"type":"Feature","geometry":{"type":"Polygon","coordinates":[[[28.98271,41.06911],[28.98542,41.06717],[28.9882,41.06708],[28.98871,41.06984],[28.98877,41.07245],[28.9853,41.07057],[28.98472,41.07086],[28.98271,41.06911]]]},"properties":{"id":9324375,"name":"İzzetpaşa Mahallesi","district_id":1765896}},{"type":"Feature","geometry":{"type":"Polygon","coordinates":[[[28.98271,41.06911],[28.97988,41.07083],[28.97938,41.07031],[28.97857,41.06901],[28.97844,41.06743],[28.97776,41.06543],[28.98265,41.06383],[28.98304,41.06299],[28.98127,41.06193],[28.97851,41.06074],[28.97663,41.05934],[28.9768,41.05877],[28.98525,41.05685],[28.98556,41.05559],[28.987,41.05522],[28.98691,41.05707],[28.98736,41.06],[28.98887,41.06211],[28.99273,41.06448],[28.99636,41.06658],[28.99269,41.06678],[28.9882,41.06708],[28.98542,41.06717],[28.98271,41.06911]]]},"properties":{"id":9324437,"name":"Merkez Mahallesi","district_id":1765896}},{"type":"Feature","geometry":{"type":"Polygon","coordinates":[[[28.987,41.05522],[28.98556,41.05559],[28.98525,41.05685],[28.9768,41.05877],[28.97663,41.05934],[28.9755,41.05879],[28.97442,41.05763],[28.97665,41.05614],[28.97881,41.05565],[28.98126,41.05527],[28.98181,41.05442],[28.98445,41.05256],[28.98728,41.05138],[28.98755,41.05128],[28.98724,41.05362],[28.987,41.05522]]]},"properties":{"id":9324438,"name":"Cumhuriyet Mahallesi","district_id":1765896}},{"type":"Feature","geometry":{"type":"Polygon","coordinates":[[[28.99632,41.05658],[28.99715,41.05641],[28.99512,41.05814],[28.99413,41.05989],[28.99474,41.06101],[28.99425,41.06311],[28.99273,41.06448],[28.98887,41.06211],[28.98736,41.06],[28.98691,41.05707],[28.99029,41.05685],[28.99094,41.0572],[28.99339,41.05673],[28.99632,41.05658]]]},"properties":{"id":9324445,"name":"19 Mayıs Mahallesi","district_id":1765896}},{"type":"Feature","geometry":{"type":"Polygon","coordinates":[[[28.98756,41.04827],[28.98835,41.04954],[28.99143,41.05174],[28.99021,41.05268],[28.98724,41.05362],[28.98755,41.05128],[28.98756,41.04827]]]},"properties":{"id":9324450,"name":"Halaskargazi Mahallesi","district_id":1765896}},{"type":"Feature","geometry":{"type":"Polygon","coordinates":[[[28.98724,41.05362],[28.99021,41.05268],[28.99143,41.05174],[28.99598,41.05563],[28.99632,41.05658],[28.99339,41.05673],[28.99094,41.0572],[28.99029,41.05685],[28.98691,41.05707],[28.987,41.05522],[28.98724,41.05362]]]},"properties":{"id":9324472,"name":"Meşrutiyet Mahallesi","district_id":1765896}},{"type":"Feature","geometry":{"type":"Polygon","coordinates":[[[28.99691,41.04738],[28.99837,41.04991],[29.00082,41.04917],[29.00105,41.05026],[29.00027,41.05204],[29.00145,41.05224],[28.99968,41.05379],[28.99871,41.05553],[28.99715,41.05641],[28.99632,41.05658],[28.99598,41.05563],[28.99143,41.05174],[28.99276,41.05059],[28.99447,41.04854],[28.99691,41.04738]]]},"properties":{"id":9324473,"name":"Teşvikiye Mahallesi","district_id":1765896}},{"type":"Feature","geometry":{"type":"Polygon","coordinates":[[[29.00073,41.0666],[28.99636,41.06658],[28.99273,41.06448],[28.99425,41.06311],[28.99474,41.06101],[28.99413,41.05989],[28.99512,41.05814],[28.99715,41.05641],[28.99871,41.05553],[29.00105,41.05774],[29.0014,41.0617],[29.00223,41.06344],[29.0032,41.0666],[29.00073,41.0666]]]},"properties":{"id":9327583,"name":"Fulya Mahallesi","district_id":1765896}},{"type":"Feature","geometry":{"type":"Polygon","coordinates":[[[29.00523,41.08444],[29.00524,41.0832],[29.00631,41.08224],[29.00709,41.08083],[29.00771,41.07881],[29.00716,41.07735],[29.00712,41.07592],[29.00371,41.07498],[29.00199,41.07508],[29.00088,41.0747],[29.00162,41.07313],[29.00498,41.07164],[29.00424,41.06895],[29.00348,41.06751],[29.00375,41.06663],[29.00762,41.06631],[29.009,41.06532],[29.01169,41.06274],[29.0124,41.06475],[29.01448,41.069],[29.01589,41.07183],[29.01604,41.07269],[29.01388,41.07723],[29.01059,41.08152],[29.00941,41.08335],[29.00679,41.08719],[29.00533,41.09171],[29.00522,41.09371],[29.00456,41.09338],[29.0045,41.09274],[29.0061,41.08848],[29.00706,41.08463],[29.00523,41.08444]]]},"properties":{"id":9327603,"name":"Esentepe Mahallesi","district_id":1765896}},{"type":"Feature","geometry":{"type":"Polygon","coordinates":[[[29.00073,41.0666],[29.00132,41.06776],[28.99882,41.07113],[28.9987,41.07229],[28.99567,41.07373],[28.99385,41.07574],[28.99418,41.07661],[28.99258,41.07661],[28.99296,41.07486],[28.99436,41.07294],[28.99322,41.07181],[28.99269,41.06678],[28.99636,41.06658],[29.00073,41.0666]]]},"properties":{"id":9327605,"name":"Mecidiyeköy Mahallesi","district_id":1765896}},{"type":"Feature","geometry":{"type":"Polygon","coordinates":[[[29.00088,41.0747],[29.00065,41.07485],[28.9992,41.07521],[28.99841,41.07595],[28.9953,41.0766],[28.99418,41.07661],[28.99385,41.07574],[28.99567,41.07373],[28.9987,41.07229],[28.99882,41.07113],[29.00132,41.06776],[29.00073,41.0666],[29.0032,41.0666],[29.00375,41.06663],[29.00348,41.06751],[29.00424,41.06895],[29.00498,41.07164],[29.00162,41.07313],[29.00088,41.0747]]]},"properties":{"id":9327610,"name":"Gülbahar Mahallesi","district_id":1765896}},{"type":"Feature","geometry":{"type":"Polygon","coordinates":[[[28.99691,41.04738],[28.99931,41.04653],[29.00026,41.04559],[29.00004,41.04767],[29.00082,41.04917],[28.99837,41.04991],[28.99691,41.04738]]]},"properties":{"id":9327636,"name":"Muradiye Mahallesi","district_id":1765893}},{"type":"Feature","geometry":{"type":"Polygon","coordinates":[[[29.00571,41.04674],[29.00334,41.04686],[29.00321,41.04936],[29.0036,41.05094],[29.00273,41.05109],[29.00145,41.05224],[29.00027,41.05204],[29.00105,41.05026],[29.00082,41.04917],[29.00004,41.04767],[29.00026,41.04559],[29.0006,41.0445],[29.003,41.04441],[29.00484,41.04489],[29.00571,41.04674]]]},"properties":{"id":9327651,"name":"Türkali Mahallesi","district_id":1765893}},{"type":"Feature","geometry":{"type":"Polygon","coordinates":[[[29.00827,41.04127],[29.00818,41.04244],[29.00616,41.04336],[29.00647,41.04479],[29.00484,41.04489],[29.003,41.04441],[29.0006,41.0445],[29.00204,41.04369],[29.00299,41.04197],[29.00422,41.04163],[29.00539,41.04003],[29.00601,41.04057],[29.00827,41.04127]]]},"properties":{"id":9327671,"name":"Sinanpaşa Mahallesi","district_id":1765893}},{"type":"Feature","geometry":{"type":"Polygon","coordinates":[[[29.00484,41.04489],[29.00647,41.04479],[29.00616,41.04336],[29.00818,41.04244],[29.00859,41.04356],[29.01019,41.04589],[29.01078,41.04814],[29.01054,41.0499],[29.00826,41.05005],[29.00732,41.05065],[29.00628,41.04925],[29.00571,41.04674],[29.00484,41.04489]]]},"properties":{"id":9327672,"name":"Cihannüma Mahallesi","district_id":1765893}},{"type":"Feature","geometry":{"type":"Polygon","coordinates":[[[29.00571,41.04674],[29.00628,41.04925],[29.00732,41.05065],[29.00804,41.05104],[29.0056,41.05228],[29.0036,41.05094],[29.00321,41.04936],[29.00334,41.04686],[29.00571,41.04674]]]},"properties":{"id":9327673,"name":"Abbasağa Mahallesi","district_id":1765893}},{"type":"Feature","geometry":{"type":"Polygon","coordinates":[[[29.0032,41.0666],[29.00223,41.06344],[29.0014,41.0617],[29.00105,41.05774],[29.00206,41.05829],[29.00358,41.05835],[29.00485,41.05912],[29.00695,41.06112],[29.00809,41.05905],[29.00928,41.05765],[29.01009,41.0575],[29.01169,41.06274],[29.009,41.06532],[29.00762,41.06631],[29.00375,41.06663],[29.0032,41.0666]]]},"properties":{"id":9335346,"name":"Gayrettepe Mahallesi","district_id":1765893}},{"type":"Feature","geometry":{"type":"Polygon","coordinates":[[[29.00983,41.05668],[29.01034,41.05653],[29.01354,41.05725],[29.01429,41.0566],[29.02025,41.05437],[29.02168,41.05456],[29.02305,41.05383],[29.02298,41.05524],[29.01804,41.05807],[29.0168,41.0592],[29.01601,41.06081],[29.01531,41.06359],[29.0142,41.0654],[29.01494,41.06627],[29.01403,41.06769],[29.01448,41.069],[29.0124,41.06475],[29.01169,41.06274],[29.01009,41.0575],[29.00983,41.05668]]]},"properties":{"id":9335348,"name":"Balmumcu Mahallesi","district_id":1765893}},{"type":"Feature","geometry":{"type":"Polygon","coordinates":[[[28.99871,41.05553],[28.99968,41.05379],[29.00145,41.05224],[29.00273,41.05109],[29.0036,41.05094],[29.0056,41.05228],[29.00804,41.05104],[29.0087,41.05123],[29.00966,41.05597],[29.00983,41.05668],[29.01009,41.0575],[29.00928,41.05765],[29.00809,41.05905],[29.00695,41.06112],[29.00485,41.05912],[29.00358,41.05835],[29.00206,41.05829],[29.00105,41.05774],[28.99871,41.05553]]]},"properties":{"id":9335349,"name":"Dikilitaş Mahallesi","district_id":1765893}},{"type":"Feature","geometry":{"type":"Polygon","coordinates":[[[29.00827,41.04127],[29.01006,41.0413],[29.01691,41.0435],[29.01968,41.04521],[29.02489,41.04726],[29.02563,41.04741],[29.0242,41.04868],[29.02067,41.04861],[29.02007,41.04987],[29.01772,41.05053],[29.01523,41.05346],[29.01397,41.05405],[29.0119,41.05446],[29.00966,41.05597],[29.0087,41.05123],[29.00804,41.05104],[29.00732,41.05065],[29.00826,41.05005],[29.01054,41.0499],[29.01078,41.04814],[29.01019,41.04589],[29.00859,41.04356],[29.00818,41.04244],[29.00827,41.04127]]]},"properties":{"id":9335350,"name":"Yıldız Mahallesi","district_id":1765893}},{"type":"Feature","geometry":{"type":"Polygon","coordinates":[[[29.02563,41.04741],[29.02756,41.04709],[29.02677,41.04865],[29.0245,41.05136],[29.02305,41.05383],[29.02168,41.05456],[29.02025,41.05437],[29.01429,41.0566],[29.01354,41.05725],[29.01034,41.05653],[29.00983,41.05668],[29.00966,41.05597],[29.0119,41.05446],[29.01397,41.05405],[29.01523,41.05346],[29.01772,41.05053],[29.02007,41.04987],[29.02067,41.04861],[29.0242,41.04868],[29.02563,41.04741]]]},"properties":{"id":9335638,"name":"Mecidiye Mahallesi","district_id":1765893}},{"type":"Feature","geometry":{"type":"Polygon","coordinates":[[[29.02298,41.05524],[29.02305,41.05383],[29.0245,41.05136],[29.02677,41.04865],[29.02756,41.04709],[29.02858,41.04836],[29.03125,41.0495],[29.0328,41.04975],[29.03417,41.05223],[29.03084,41.0531],[29.02991,41.05356],[29.03103,41.05499],[29.02994,41.0562],[29.03004,41.05821],[29.03115,41.05922],[29.03098,41.06091],[29.02854,41.06038],[29.02674,41.06164],[29.02445,41.06047],[29.02423,41.05932],[29.02291,41.05672],[29.02298,41.05524]]]},"properties":{"id":9335689,"name":"Ortaköy Mahallesi","district_id":1765893}},{"type":"Feature","geometry":{"type":"Polygon","coordinates":[[[29.02196,41.06626],[29.02087,41.06819],[29.01991,41.06844],[29.0177,41.06794],[29.01564,41.06802],[29.01448,41.069],[29.01403,41.06769],[29.01494,41.06627],[29.0142,41.0654],[29.01531,41.06359],[29.01601,41.06081],[29.0168,41.0592],[29.01804,41.05807],[29.02298,41.05524],[29.02291,41.05672],[29.02423,41.05932],[29.02445,41.06047],[29.02313,41.06172],[29.02209,41.06433],[29.02196,41.06626]]]},"properties":{"id":9338580,"name":"Levazım Mahallesi","district_id":1765893}},{"type":"Feature","geometry":{"type":"Polygon","coordinates":[[[29.02196,41.06626],[29.02209,41.06433],[29.02313,41.06172],[29.02445,41.06047],[29.02674,41.06164],[29.02854,41.06038],[29.03098,41.06091],[29.03069,41.06271],[29.03089,41.06436],[29.03035,41.06622],[29.02972,41.07015],[29.02773,41.06874],[29.02742,41.06781],[29.02196,41.06626]]]},"properties":{"id":9338582,"name":"Ulus Mahallesi","district_id":1765893}},{"type":"Feature","geometry":{"type":"Polygon","coordinates":[[[29.01448,41.069],[29.01564,41.06802],[29.0177,41.06794],[29.01991,41.06844],[29.02087,41.06819],[29.02196,41.06626],[29.02742,41.06781],[29.02773,41.06874],[29.02972,41.07015],[29.02889,41.07212],[29.02668,41.07613],[29.02483,41.07733],[29.02228,41.077],[29.01599,41.07427],[29.01604,41.07269],[29.01589,41.07183],[29.01448,41.069]]]},"properties":{"id":9338583,"name":"Nisbetiye Mahallesi","district_id":1765893}},{"type":"Feature","geometry":{"type":"Polygon","coordinates":[[[29.02827,41.07761],[29.02483,41.07733],[29.02668,41.07613],[29.02889,41.07212],[29.02972,41.07015],[29.03035,41.06622],[29.03113,41.06632],[29.03086,41.0684],[29.034,41.06894],[29.03554,41.06946],[29.037,41.0695],[29.03866,41.07013],[29.03934,41.07133],[29.03784,41.07244],[29.03833,41.07413],[29.03775,41.07504],[29.03674,41.07522],[29.03642,41.07631],[29.03415,41.07702],[29.0331,41.07635],[29.0304,41.07665],[29.02827,41.07761]]]},"properties":{"id":9338584,"name":"Kültür Mahallesi","district_id":1765893}},{"type":"Feature","geometry":{"type":"Polygon","coordinates":[[[29.03934,41.07133],[29.03866,41.07013],[29.037,41.0695],[29.03862,41.06921],[29.03904,41.06843],[29.036,41.06753],[29.03603,41.06624],[29.03965,41.06451],[29.04102,41.06433],[29.04227,41.06676],[29.0456,41.0674],[29.04638,41.06789],[29.04632,41.06957],[29.04531,41.07142],[29.04248,41.07076],[29.03934,41.07133]]]},"properties":{"id":9338586,"name":"Arnavutköy Mahallesi","district_id":1765893}},{"type":"Feature","geometry":{"type":"Polygon","coordinates":[[[29.04102,41.06433],[29.03965,41.06451],[29.03603,41.06624],[29.036,41.06753],[29.03904,41.06843],[29.03862,41.06921],[29.037,41.0695],[29.03554,41.06946],[29.034,41.06894],[29.03086,41.0684],[29.03113,41.06632],[29.03035,41.06622],[29.03089,41.06436],[29.03069,41.06271],[29.03098,41.06091],[29.03115,41.05922],[29.03004,41.05821],[29.02994,41.0562],[29.03103,41.05499],[29.02991,41.05356],[29.03084,41.0531],[29.03417,41.05223],[29.03597,41.05606],[29.03659,41.0595],[29.0378,41.06098],[29.04052,41.06262],[29.04102,41.06433]]]},"properties":{"id":9340106,"name":"Kuruçeşme Mahallesi","district_id":1765893}},{"type":"Feature","geometry":{"type":"Polygon","coordinates":[[[29.00941,41.08335],[29.01398,41.08593],[29.01876,41.08917],[29.01997,41.09076],[29.02117,41.09239],[29.0233,41.09419],[29.0246,41.09448],[29.02611,41.09559],[29.02816,41.0953],[29.02853,41.0963],[29.03006,41.09705],[29.03051,41.09802],[29.03183,41.09816],[29.03305,41.09918],[29.03112,41.09994],[29.02965,41.09935],[29.02824,41.09973],[29.02543,41.09866],[29.0229,41.09921],[29.02138,41.10039],[29.01867,41.10132],[29.01445,41.10667],[29.01237,41.1052],[29.0087,41.10027],[29.00561,41.09514],[29.00522,41.09371],[29.00533,41.09171],[29.00679,41.08719],[29.00941,41.08335]]]},"properties":{"id":9340873,"name":"Konaklar Mahallesi","district_id":1765893}},{"type":"Feature","geometry":{"type":"Polygon","coordinates":[[[29.01997,41.09076],[29.01876,41.08917],[29.01398,41.08593],[29.00941,41.08335],[29.01059,41.08152],[29.01388,41.07723],[29.01604,41.07269],[29.01599,41.07427],[29.02228,41.077],[29.02253,41.08082],[29.02144,41.0821],[29.02068,41.08488],[29.02021,41.08789],[29.02036,41.08906],[29.01997,41.09076]]]},"properties":{"id":9340882,"name":"Levent Mahallesi","district_id":1765893}},{"type":"Feature","geometry":{"type":"Polygon","coordinates":[[[29.0233,41.09419],[29.02117,41.09239],[29.01997,41.09076],[29.02036,41.08906],[29.02021,41.08789],[29.02068,41.08488],[29.02144,41.0821],[29.02253,41.08082],[29.02228,41.077],[29.02483,41.07733],[29.02827,41.07761],[29.02999,41.07862],[29.03021,41.08184],[29.03065,41.0828],[29.03258,41.0844],[29.03311,41.08683],[29.0324,41.08852],[29.03278,41.08993],[29.03198,41.09051],[29.03192,41.09205],[29.02803,41.09287],[29.0233,41.09419]]]},"properties":{"id":9340899,"name":"Akat Mahallesi","district_id":1765893}},{"type":"Feature","geometry":{"type":"Polygon","coordinates":[[[29.04187,41.08479],[29.04066,41.08389],[29.04119,41.08271],[29.04074,41.08195],[29.04182,41.08113],[29.04198,41.07994],[29.04052,41.07975],[29.03787,41.08122],[29.03804,41.07829],[29.03728,41.07803],[29.03385,41.07872],[29.03415,41.07702],[29.03642,41.07631],[29.03674,41.07522],[29.03775,41.07504],[29.03833,41.07413],[29.03784,41.07244],[29.03934,41.07133],[29.04248,41.07076],[29.04531,41.07142],[29.04493,41.07322],[29.04407,41.075],[29.0444,41.07698],[29.04498,41.07819],[29.04652,41.07907],[29.05219,41.07995],[29.05478,41.08109],[29.05447,41.08296],[29.05512,41.0839],[29.05295,41.08424],[29.05183,41.08393],[29.05038,41.08424],[29.0485,41.08401],[29.04674,41.08526],[29.04187,41.08479]]]},"properties":{"id":9343684,"name":"Bebek Mahallesi","district_id":1765893}},{"type":"Feature","geometry":{"type":"Polygon","coordinates":[[[29.04187,41.08479],[29.04192,41.0872],[29.04262,41.08788],[29.042,41.08954],[29.04203,41.09082],[29.03703,41.09125],[29.03192,41.09205],[29.03198,41.09051],[29.03278,41.08993],[29.0324,41.08852],[29.03311,41.08683],[29.03258,41.0844],[29.03065,41.0828],[29.03021,41.08184],[29.02999,41.07862],[29.02827,41.07761],[29.0304,41.07665],[29.0331,41.07635],[29.03415,41.07702],[29.03385,41.07872],[29.03728,41.07803],[29.03804,41.07829],[29.03787,41.08122],[29.04052,41.07975],[29.04198,41.07994],[29.04182,41.08113],[29.04074,41.08195],[29.04119,41.08271],[29.04066,41.08389],[29.04187,41.08479]]]},"properties":{"id":9343698,"name":"Etiler Mahallesi","district_id":1765893}},{"type":"Feature","geometry":{"type":"Polygon","coordinates":[[[29.04513,41.09068],[29.04203,41.09082],[29.042,41.08954],[29.04262,41.08788],[29.04192,41.0872],[29.04187,41.08479],[29.04674,41.08526],[29.0485,41.08401],[29.05038,41.08424],[29.05183,41.08393],[29.05295,41.08424],[29.05512,41.0839],[29.05447,41.08296],[29.05478,41.08109],[29.05584,41.08164],[29.05684,41.08295],[29.05729,41.08643],[29.05689,41.09108],[29.04513,41.09068]]]},"properties":{"id":9343740,"name":"Rumelihisarı Mahallesi","district_id":1765895}},{"type":"Feature","geometry":{"type":"Polygon","coordinates":[[[29.05689,41.09108],[29.05549,41.09243],[29.05401,41.09485],[29.05423,41.09804],[29.05193,41.09742],[29.05126,41.09682],[29.0487,41.09742],[29.0476,41.09882],[29.04523,41.09963],[29.04175,41.10179],[29.04047,41.10203],[29.03945,41.1007],[29.04044,41.10025],[29.04041,41.09807],[29.04151,41.09764],[29.04173,41.09503],[29.04305,41.09409],[29.04531,41.09393],[29.04513,41.09068],[29.05689,41.09108]]]},"properties":{"id":9343795,"name":"Baltalimanı Mahallesi","district_id":1765895}},{"type":"Feature","geometry":{"type":"Polygon","coordinates":[[[29.04513,41.09068],[29.04531,41.09393],[29.04305,41.09409],[29.04173,41.09503],[29.04151,41.09764],[29.04041,41.09807],[29.04044,41.10025],[29.03945,41.1007],[29.03838,41.09985],[29.03476,41.0992],[29.03305,41.09918],[29.03183,41.09816],[29.03051,41.09802],[29.03006,41.09705],[29.02853,41.0963],[29.02816,41.0953],[29.02611,41.09559],[29.0246,41.09448],[29.0233,41.09419],[29.02803,41.09287],[29.03192,41.09205],[29.03703,41.09125],[29.04203,41.09082],[29.04513,41.09068]]]},"properties":{"id":9343796,"name":"Fatih Sultan Mehmet Mahallesi","district_id":1765895}},{"type":"Feature","geometry":{"type":"Polygon","coordinates":[[[29.04696,41.11114],[29.04762,41.10981],[29.04685,41.10761],[29.04744,41.107],[29.04749,41.10571],[29.05022,41.10504],[29.05174,41.10428],[29.051,41.10275],[29.04814,41.10237],[29.04363,41.10411],[29.04227,41.10301],[29.04144,41.10377],[29.03997,41.10337],[29.03864,41.10092],[29.03838,41.09985],[29.03945,41.1007],[29.04047,41.10203],[29.04175,41.10179],[29.04523,41.09963],[29.0476,41.09882],[29.0487,41.09742],[29.05126,41.09682],[29.05193,41.09742],[29.05423,41.09804],[29.05353,41.09893],[29.05504,41.10033],[29.05518,41.10174],[29.05675,41.10381],[29.05762,41.10654],[29.05902,41.10817],[29.05936,41.10932],[29.05852,41.11031],[29.0577,41.11113],[29.05714,41.11265],[29.05155,41.11071],[29.04945,41.11056],[29.04696,41.11114]]]},"properties":{"id":9345828,"name":"Emirgan Mahallesi","district_id":1765895}},{"type":"Feature","geometry":{"type":"Polygon","coordinates":[[[29.03548,41.11067],[29.03198,41.10925],[29.02494,41.10819],[29.02184,41.10852],[29.01618,41.10742],[29.01445,41.10667],[29.01867,41.10132],[29.02138,41.10039],[29.0229,41.09921],[29.02543,41.09866],[29.02824,41.09973],[29.02965,41.09935],[29.03112,41.09994],[29.03305,41.09918],[29.03476,41.0992],[29.03838,41.09985],[29.03864,41.10092],[29.03997,41.10337],[29.04144,41.10377],[29.04227,41.10301],[29.04363,41.10411],[29.04814,41.10237],[29.051,41.10275],[29.05174,41.10428],[29.05022,41.10504],[29.04749,41.10571],[29.04744,41.107],[29.04685,41.10761],[29.04762,41.10981],[29.04696,41.11114],[29.04487,41.11216],[29.04354,41.11245],[29.0409,41.1121],[29.03754,41.11146],[29.03548,41.11067]]]},"properties":{"id":9345829,"name":"Reşitpaşa Mahallesi","district_id":1765895}},{"type":"Feature","geometry":{"type":"Polygon","coordinates":[[[28.96577,41.07154],[28.96384,41.06807],[28.96164,41.06712],[28.95737,41.06587],[28.95774,41.06428],[28.95914,41.06227],[28.95882,41.06115],[28.95733,41.0596],[28.95702,41.05807],[28.95772,41.05719],[28.96124,41.05556],[28.9627,41.05536],[28.96431,41.0576],[28.96905,41.06317],[28.96983,41.06413],[28.9691,41.06615],[28.96891,41.0679],[28.96941,41.06824],[28.96868,41.07011],[28.96577,41.07154]]]},"properties":{"id":9354191,"name":"Talatpaşa Mahallesi","district_id":1765894}},{"type":"Feature","geometry":{"type":"Polygon","coordinates":[[[28.94844,41.06443],[28.94949,41.06305],[28.95101,41.06303],[28.95346,41.06371],[28.95454,41.06456],[28.95737,41.06587],[28.96164,41.06712],[28.96384,41.06807],[28.96577,41.07154],[28.96778,41.07315],[28.96892,41.07443],[28.97026,41.07698],[28.9716,41.07533],[28.97303,41.07433],[28.97331,41.07664],[28.97416,41.07697],[28.97633,41.07488],[28.97737,41.07305],[28.97827,41.07376],[28.97761,41.07532],[28.97463,41.0779],[28.97468,41.07862],[28.97295,41.07967],[28.97495,41.08045],[28.97664,41.08349],[28.97821,41.08249],[28.98042,41.082],[28.98153,41.08218],[28.98535,41.08436],[28.98308,41.08605],[28.98369,41.08883],[28.98303,41.08821],[28.97872,41.08519],[28.97573,41.08671],[28.97419,41.08891],[28.97427,41.08996],[28.97267,41.08947],[28.96958,41.09228],[28.96924,41.09138],[28.96802,41.09048],[28.96755,41.08864],[28.96807,41.08611],[28.96467,41.08589],[28.964,41.08547],[28.96288,41.08281],[28.96701,41.0814],[28.96797,41.0817],[28.96886,41.081],[28.96674,41.07888],[28.96763,41.07845],[28.96631,41.07577],[28.96321,41.07241],[28.96214,41.07003],[28.96076,41.06896],[28.9554,41.06813],[28.9513,41.06518],[28.94808,41.06472],[28.94844,41.06443]]]},"properties":{"id":9354239,"name":"Merkez Mahallesi","district_id":1765894}},{"type":"Feature","geometry":{"type":"Polygon","coordinates":[[[28.96983,41.06413],[28.9749,41.06637],[28.97462,41.06723],[28.97844,41.06743],[28.97857,41.06901],[28.97938,41.07031],[28.97737,41.07305],[28.97633,41.07488],[28.97416,41.07697],[28.97331,41.07664],[28.97303,41.07433],[28.9716,41.07533],[28.97026,41.07698],[28.96892,41.07443],[28.96778,41.07315],[28.96577,41.07154],[28.96868,41.07011],[28.96941,41.06824],[28.96891,41.0679],[28.9691,41.06615],[28.96983,41.06413]]]},"properties":{"id":9354260,"name":"Gürsel Mahallesi","district_id":1765894}},{"type":"Feature","geometry":{"type":"Polygon","coordinates":[[[28.96288,41.08281],[28.96362,41.08034],[28.96273,41.07906],[28.96032,41.07728],[28.9583,41.07508],[28.95714,41.07437],[28.95659,41.07343],[28.95624,41.07036],[28.9554,41.06813],[28.96076,41.06896],[28.96214,41.07003],[28.96321,41.07241],[28.96631,41.07577],[28.96763,41.07845],[28.96674,41.07888],[28.96886,41.081],[28.96797,41.0817],[28.96701,41.0814],[28.96288,41.08281]]]},"properties":{"id":9354273,"name":"Nurtepe Mahallesi","district_id":1765894}},{"type":"Feature","geometry":{"type":"Polygon","coordinates":[[[28.94944,41.07407],[28.94679,41.07104],[28.946,41.07051],[28.94358,41.06929],[28.94339,41.06848],[28.94454,41.06661],[28.94423,41.06535],[28.94416,41.0648],[28.94527,41.06479],[28.94582,41.06355],[28.94712,41.06353],[28.94808,41.06472],[28.9513,41.06518],[28.9554,41.06813],[28.95624,41.07036],[28.95659,41.07343],[28.95435,41.07154],[28.95365,41.07134],[28.94944,41.07407]]]},"properties":{"id":9356990,"name":"Emniyettepe Mahallesi","district_id":1766103}},{"type":"Feature","geometry":{"type":"Polygon","coordinates":[[[28.96802,41.09048],[28.96697,41.09222],[28.96322,41.09485],[28.96137,41.09196],[28.96091,41.0907],[28.96081,41.08821],[28.96123,41.08431],[28.9608,41.08183],[28.95864,41.08229],[28.95636,41.08388],[28.95412,41.0842],[28.95191,41.08365],[28.9492,41.08333],[28.94972,41.07944],[28.94977,41.07625],[28.94944,41.07407],[28.95365,41.07134],[28.95435,41.07154],[28.95659,41.07343],[28.95714,41.07437],[28.9583,41.07508],[28.96032,41.07728],[28.96273,41.07906],[28.96362,41.08034],[28.96288,41.08281],[28.964,41.08547],[28.96467,41.08589],[28.96807,41.08611],[28.96755,41.08864],[28.96802,41.09048]]]},"properties":{"id":9357003,"name":"Güzeltepe Mahallesi","district_id":1766103}},{"type":"Feature","geometry":{"type":"Polygon","coordinates":[[[28.94944,41.07407],[28.94977,41.07625],[28.94972,41.07944],[28.9492,41.08333],[28.94905,41.08518],[28.94844,41.08601],[28.94564,41.08704],[28.94295,41.08724],[28.93985,41.08714],[28.93928,41.08566],[28.93973,41.08339],[28.94087,41.08371],[28.94135,41.08267],[28.94407,41.08138],[28.94399,41.08041],[28.94466,41.07909],[28.94178,41.07683],[28.9423,41.07495],[28.94561,41.07542],[28.9465,41.07467],[28.94489,41.07311],[28.946,41.07051],[28.94679,41.07104],[28.94944,41.07407]]]},"properties":{"id":9357083,"name":"Alibeyköy Mahallesi","district_id":1766103}},{"type":"Feature","geometry":{"type":"Polygon","coordinates":[[[29.26884,40.9216],[29.27145,40.91995],[29.27459,40.9191],[29.27786,40.91917],[29.27886,40.91891],[29.28072,40.91741],[29.28241,40.91777],[29.28632,40.91795],[29.28734,40.91774],[29.28964,40.91801],[29.29229,40.91761],[29.29155,40.91968],[29.29127,40.92172],[29.2915,40.92304],[29.28752,40.92656],[29.28602,40.93096],[29.28437,40.93231],[29.2843,40.9339],[29.28334,40.93541],[29.28025,40.93464],[29.27869,40.93299],[29.27792,40.93263],[29.27491,40.93224],[29.27357,40.93174],[29.25767,40.93214],[29.26506,40.92408],[29.26884,40.9216]]]},"properties":{"id":9361618,"name":"Çamlık Mahallesi","district_id":1276011}},{"type":"Feature","geometry":{"type":"Polygon","coordinates":[[[28.95387,41.10486],[28.95428,41.10197],[28.95395,41.1008],[28.95728,41.09981],[28.95913,41.09848],[28.95997,41.09693],[28.96322,41.09485],[28.96697,41.09222],[28.96802,41.09048],[28.96924,41.09138],[28.96958,41.09228],[28.97267,41.08947],[28.97427,41.08996],[28.97419,41.08891],[28.97573,41.08671],[28.97872,41.08519],[28.98303,41.08821],[28.98369,41.08883],[28.98462,41.08946],[28.98489,41.09129],[28.98368,41.09413],[28.98205,41.0961],[28.98033,41.10056],[28.98078,41.10189],[28.98165,41.10244],[28.98412,41.10285],[28.98447,41.10291],[28.98399,41.10398],[28.98254,41.10347],[28.97907,41.10274],[28.9712,41.1027],[28.96963,41.1021],[28.96866,41.10266],[28.96632,41.10302],[28.96394,41.10442],[28.96118,41.10468],[28.95992,41.10538],[28.96015,41.10671],[28.95875,41.10599],[28.95748,41.10603],[28.95387,41.10486]]]},"properties":{"id":9362930,"name":"Hamidiye Mahallesi","district_id":1765894}},{"type":"Feature","geometry":{"type":"Polygon","coordinates":[[[28.98986,41.093],[28.99056,41.09436],[28.99271,41.09567],[28.99525,41.09573],[28.99744,41.09669],[28.99882,41.09764],[29.0015,41.0982],[29.00286,41.09987],[29.00116,41.10087],[28.9989,41.10099],[28.99768,41.09977],[28.99488,41.0994],[28.99268,41.09981],[28.99092,41.09973],[28.98787,41.09861],[28.98553,41.09886],[28.98412,41.10285],[28.98165,41.10244],[28.98078,41.10189],[28.98033,41.10056],[28.98205,41.0961],[28.98368,41.09413],[28.98489,41.09129],[28.98462,41.08946],[28.98613,41.08837],[28.98776,41.08926],[28.98763,41.09027],[28.98823,41.09135],[28.98986,41.093]]]},"properties":{"id":9362961,"name":"Seyrantepe Mahallesi","district_id":1765894}},{"type":"Feature","geometry":{"type":"Polygon","coordinates":[[[29.0061,41.08848],[29.0045,41.09274],[29.00152,41.09352],[28.99886,41.09321],[28.99744,41.09268],[28.99563,41.09446],[28.99525,41.09573],[28.99271,41.09567],[28.99056,41.09436],[28.98986,41.093],[28.99282,41.09168],[28.99195,41.09122],[28.99379,41.08932],[28.99625,41.08969],[28.9945,41.08704],[28.99337,41.08584],[28.99427,41.08545],[28.99608,41.08651],[28.99879,41.08763],[29.00036,41.08739],[29.00299,41.08876],[29.0061,41.08848]]]},"properties":{"id":9362979,"name":"Sultan Selim Mahallesi","district_id":1765894}},{"type":"Feature","geometry":{"type":"Polygon","coordinates":[[[28.99289,41.08589],[28.99337,41.08584],[28.9945,41.08704],[28.99625,41.08969],[28.99379,41.08932],[28.99195,41.09122],[28.99282,41.09168],[28.98986,41.093],[28.98823,41.09135],[28.98763,41.09027],[28.98776,41.08926],[28.98613,41.08837],[28.98756,41.08682],[28.99029,41.08581],[28.99289,41.08589]]]},"properties":{"id":9363036,"name":"Şirintepe Mahallesi","district_id":1765894}},{"type":"Feature","geometry":{"type":"Polygon","coordinates":[[[29.00036,41.08739],[29.00194,41.08647],[29.00252,41.08435],[29.00523,41.08444],[29.00706,41.08463],[29.0061,41.08848],[29.00299,41.08876],[29.00036,41.08739]]]},"properties":{"id":9363037,"name":"Emniyetevleri Mahallesi","district_id":1765894}},{"type":"Feature","geometry":{"type":"Polygon","coordinates":[[[29.00036,41.08739],[28.99879,41.08763],[28.99608,41.08651],[28.99427,41.08545],[28.9949,41.08437],[28.99446,41.08329],[28.99513,41.08216],[28.99734,41.08108],[29.0005,41.08059],[29.00358,41.08065],[29.00631,41.08224],[29.00524,41.0832],[29.00523,41.08444],[29.00252,41.08435],[29.00194,41.08647],[29.00036,41.08739]]]},"properties":{"id":9363124,"name":"Çeliktepe Mahallesi","district_id":1765894}},{"type":"Feature","geometry":{"type":"Polygon","coordinates":[[[29.00631,41.08224],[29.00358,41.08065],[29.0005,41.08059],[29.00089,41.07871],[29.00078,41.07708],[28.99992,41.07572],[29.00065,41.07485],[29.00088,41.0747],[29.00199,41.07508],[29.00371,41.07498],[29.00712,41.07592],[29.00716,41.07735],[29.00771,41.07881],[29.00709,41.08083],[29.00631,41.08224]]]},"properties":{"id":9363127,"name":"Ortabayır Mahallesi","district_id":1765894}},{"type":"Feature","geometry":{"type":"Polygon","coordinates":[[[29.00065,41.07485],[28.99992,41.07572],[29.00078,41.07708],[29.00089,41.07871],[29.0005,41.08059],[28.99734,41.08108],[28.99638,41.08086],[28.99537,41.07753],[28.9953,41.0766],[28.99841,41.07595],[28.9992,41.07521],[29.00065,41.07485]]]},"properties":{"id":9363133,"name":"Telsizler Mahallesi","district_id":1765894}},{"type":"Feature","geometry":{"type":"Polygon","coordinates":[[[28.98967,41.07804],[28.99258,41.07661],[28.99418,41.07661],[28.9953,41.0766],[28.99537,41.07753],[28.99638,41.08086],[28.99734,41.08108],[28.99513,41.08216],[28.99153,41.07949],[28.99077,41.07837],[28.98967,41.07804]]]},"properties":{"id":9363158,"name":"Gültepe Mahallesi","district_id":1765894}},{"type":"Feature","geometry":{"type":"Polygon","coordinates":[[[28.98927,41.07813],[28.98967,41.07804],[28.99077,41.07837],[28.99153,41.07949],[28.99513,41.08216],[28.99446,41.08329],[28.9949,41.08437],[28.99427,41.08545],[28.99337,41.08584],[28.99289,41.08589],[28.99202,41.0852],[28.99019,41.08255],[28.98686,41.08101],[28.98679,41.07972],[28.9881,41.07866],[28.98927,41.07813]]]},"properties":{"id":9363201,"name":"Harmantepe Mahallesi","district_id":1765894}},{"type":"Feature","geometry":{"type":"Polygon","coordinates":[[[28.98535,41.08436],[28.98626,41.08291],[28.98686,41.08101],[28.99019,41.08255],[28.99202,41.0852],[28.99289,41.08589],[28.99029,41.08581],[28.98756,41.08682],[28.98613,41.08837],[28.98462,41.08946],[28.98369,41.08883],[28.98308,41.08605],[28.98535,41.08436]]]},"properties":{"id":9363203,"name":"Yahya Kemal Mahallesi","district_id":1765894}},{"type":"Feature","geometry":{"type":"Polygon","coordinates":[[[28.98927,41.07813],[28.9881,41.07866],[28.98514,41.07649],[28.98383,41.07638],[28.98243,41.07376],[28.98045,41.07106],[28.97988,41.07083],[28.98271,41.06911],[28.98472,41.07086],[28.9853,41.07057],[28.98877,41.07245],[28.98957,41.07538],[28.98927,41.07813]]]},"properties":{"id":9363232,"name":"Hürriyet Mahallesi","district_id":1765894}},{"type":"Feature","geometry":{"type":"Polygon","coordinates":[[[29.30684,40.9175],[29.30831,40.91912],[29.30875,40.92223],[29.30943,40.92319],[29.31233,40.92498],[29.31586,40.92631],[29.3208,40.92823],[29.32104,40.93033],[29.31951,40.93054],[29.31808,40.9319],[29.3184,40.93495],[29.31939,40.93641],[29.32136,40.93568],[29.32286,40.93793],[29.32814,40.93502],[29.3309,40.93394],[29.33201,40.93631],[29.32531,40.93997],[29.31709,40.94327],[29.31367,40.94512],[29.3087,40.94851],[29.30806,40.94747],[29.30576,40.94502],[29.30407,40.94409],[29.3023,40.9421],[29.29759,40.93962],[29.29566,40.93824],[29.29282,40.93774],[29.28437,40.93564],[29.28334,40.93541],[29.2843,40.9339],[29.28437,40.93231],[29.28602,40.93096],[29.28752,40.92656],[29.2915,40.92304],[29.29127,40.92172],[29.29538,40.91979],[29.29762,40.91826],[29.30147,40.91937],[29.30448,40.91698],[29.30618,40.91773],[29.30684,40.9175]]]},"properties":{"id":9363902,"name":"Yenişehir Mahallesi","district_id":1276011}},{"type":"Feature","geometry":{"type":"Polygon","coordinates":[[[28.91914,41.03563],[28.91721,41.03516],[28.91676,41.03566],[28.91388,41.03475],[28.91194,41.03453],[28.91193,41.03571],[28.91051,41.03563],[28.90763,41.03879],[28.90457,41.03636],[28.90421,41.03598],[28.91055,41.03403],[28.90885,41.03166],[28.91058,41.03153],[28.91221,41.0323],[28.91488,41.03078],[28.91607,41.02948],[28.91996,41.02579],[28.9206,41.02437],[28.92177,41.02434],[28.92286,41.02608],[28.92401,41.02869],[28.9211,41.0313],[28.91914,41.03563]]]},"properties":{"id":9379470,"name":"Orta Mahallesi","district_id":1766097}},{"type":"Feature","geometry":{"type":"Polygon","coordinates":[[[28.91633,41.04539],[28.91462,41.04785],[28.91204,41.04958],[28.91108,41.04625],[28.91143,41.044],[28.91237,41.03993],[28.9033,41.04111],[28.90578,41.04005],[28.90763,41.03879],[28.91051,41.03563],[28.91193,41.03571],[28.91194,41.03453],[28.91388,41.03475],[28.91676,41.03566],[28.91721,41.03516],[28.91914,41.03563],[28.9177,41.03766],[28.91789,41.0383],[28.91662,41.03937],[28.91576,41.04283],[28.9182,41.04238],[28.91633,41.04539]]]},"properties":{"id":9379494,"name":"Yenidoğan Mahallesi","district_id":1766097}},{"type":"Feature","geometry":{"type":"Polygon","coordinates":[[[28.90457,41.03636],[28.90319,41.03703],[28.9015,41.03581],[28.89894,41.03527],[28.89526,41.03515],[28.89626,41.03403],[28.89759,41.03119],[28.89867,41.02966],[28.89912,41.02768],[28.90106,41.02823],[28.90262,41.02922],[28.9055,41.02968],[28.9048,41.02998],[28.90526,41.0318],[28.90372,41.03416],[28.90421,41.03598],[28.90457,41.03636]]]},"properties":{"id":9379509,"name":"Terazidere Mahallesi","district_id":1766097}},{"type":"Feature","geometry":{"type":"Polygon","coordinates":[[[28.89526,41.03515],[28.89894,41.03527],[28.9015,41.03581],[28.90319,41.03703],[28.90457,41.03636],[28.90763,41.03879],[28.90578,41.04005],[28.9033,41.04111],[28.89908,41.04233],[28.89547,41.04367],[28.89254,41.04449],[28.88471,41.04551],[28.88481,41.04398],[28.88609,41.04157],[28.88744,41.03935],[28.88912,41.03761],[28.89358,41.03608],[28.89526,41.03515]]]},"properties":{"id":9379510,"name":"Altıntepsi Mahallesi","district_id":1766097}},{"type":"Feature","geometry":{"type":"Polygon","coordinates":[[[28.89908,41.04233],[28.9033,41.04111],[28.91237,41.03993],[28.91143,41.044],[28.90873,41.04476],[28.90215,41.0461],[28.90003,41.04634],[28.89908,41.04233]]]},"properties":{"id":9379589,"name":"İsmet Paşa Mahallesi","district_id":1766097}},{"type":"Feature","geometry":{"type":"Polygon","coordinates":[[[28.90005,41.04995],[28.90003,41.04634],[28.90215,41.0461],[28.90873,41.04476],[28.91143,41.044],[28.91108,41.04625],[28.91204,41.04958],[28.91097,41.05158],[28.91058,41.05336],[28.90971,41.0552],[28.90903,41.0558],[28.90669,41.05458],[28.90461,41.05291],[28.90367,41.05161],[28.90165,41.05045],[28.90005,41.04995]]]},"properties":{"id":9379597,"name":"Muratpaşa Mahallesi","district_id":1766097}},{"type":"Feature","geometry":{"type":"Polygon","coordinates":[[[28.89274,41.06078],[28.89965,41.05169],[28.90005,41.04995],[28.90165,41.05045],[28.90367,41.05161],[28.90461,41.05291],[28.90669,41.05458],[28.90903,41.0558],[28.90339,41.05978],[28.90064,41.06081],[28.89719,41.06084],[28.89559,41.06111],[28.89274,41.06078]]]},"properties":{"id":9379598,"name":"Kartaltepe Mahallesi","district_id":1766097}},{"type":"Feature","geometry":{"type":"Polygon","coordinates":[[[28.88273,41.07511],[28.88041,41.07606],[28.87892,41.07719],[28.87889,41.07169],[28.87845,41.07103],[28.88106,41.06737],[28.88396,41.06743],[28.88536,41.06793],[28.89006,41.0714],[28.88833,41.07222],[28.88567,41.07394],[28.88273,41.07511]]]},"properties":{"id":9379636,"name":"Cevatpaşa Mahallesi","district_id":1766097}},{"type":"Feature","geometry":{"type":"Polygon","coordinates":[[[28.88587,41.0587],[28.88598,41.05632],[28.88754,41.05657],[28.89129,41.05775],[28.89008,41.05971],[28.89274,41.06078],[28.89559,41.06111],[28.89719,41.06084],[28.90064,41.06081],[28.90339,41.05978],[28.90253,41.06096],[28.90034,41.0651],[28.89441,41.06937],[28.89331,41.06999],[28.89006,41.0714],[28.88536,41.06793],[28.88396,41.06743],[28.88106,41.06737],[28.8837,41.06382],[28.88531,41.06093],[28.88587,41.0587]]]},"properties":{"id":9379637,"name":"Yıldırım Mahallesi","district_id":1766097}},{"type":"Feature","geometry":{"type":"Polygon","coordinates":[[[28.90003,41.04634],[28.90005,41.04995],[28.89965,41.05169],[28.89274,41.06078],[28.89008,41.05971],[28.89129,41.05775],[28.88754,41.05657],[28.88598,41.05632],[28.88583,41.0535],[28.88488,41.04735],[28.88471,41.04551],[28.89254,41.04449],[28.89547,41.04367],[28.89908,41.04233],[28.90003,41.04634]]]},"properties":{"id":9379638,"name":"Kocatepe Mahallesi","district_id":1766097}},{"type":"Feature","geometry":{"type":"Polygon","coordinates":[[[28.92564,41.03788],[28.92405,41.03603],[28.92556,41.03507],[28.93245,41.03282],[28.93596,41.03111],[28.93765,41.03211],[28.94003,41.03332],[28.94032,41.03453],[28.93911,41.03497],[28.93938,41.03789],[28.94046,41.03824],[28.9417,41.03973],[28.94335,41.03952],[28.94457,41.04076],[28.94076,41.04197],[28.93968,41.04255],[28.93667,41.04097],[28.93569,41.03998],[28.93472,41.03803],[28.92984,41.0387],[28.92564,41.03788]]]},"properties":{"id":9381516,"name":"Defterdar Mahallesi","district_id":1766103}},{"type":"Feature","geometry":{"type":"Polygon","coordinates":[[[28.93968,41.04255],[28.93876,41.04385],[28.93818,41.04682],[28.93767,41.04724],[28.93454,41.04611],[28.93339,41.04536],[28.9318,41.04583],[28.92971,41.04411],[28.92773,41.04128],[28.92564,41.03788],[28.92984,41.0387],[28.93472,41.03803],[28.93569,41.03998],[28.93667,41.04097],[28.93968,41.04255]]]},"properties":{"id":9381520,"name":"Nişancı Mahallesi","district_id":1766103}},{"type":"Feature","geometry":{"type":"Polygon","coordinates":[[[28.93828,41.05939],[28.93825,41.05781],[28.93512,41.05657],[28.93354,41.05684],[28.93322,41.05765],[28.93188,41.05748],[28.93236,41.05657],[28.93158,41.05485],[28.9301,41.05325],[28.92975,41.05191],[28.92997,41.05006],[28.93454,41.04611],[28.93767,41.04724],[28.93515,41.04973],[28.93548,41.05179],[28.93642,41.05308],[28.93872,41.05508],[28.94321,41.05643],[28.94663,41.05694],[28.94689,41.05741],[28.94609,41.06025],[28.94534,41.06202],[28.94251,41.06127],[28.94358,41.05948],[28.94205,41.05941],[28.94019,41.05987],[28.93828,41.05939]]]},"properties":{"id":9381554,"name":"Merkez Mahallesi","district_id":1766103}},{"type":"Feature","geometry":{"type":"Polygon","coordinates":[[[28.94423,41.06535],[28.94291,41.06579],[28.94205,41.06386],[28.94035,41.06393],[28.93809,41.0631],[28.93531,41.06166],[28.93682,41.0611],[28.93661,41.05927],[28.93828,41.05939],[28.94019,41.05987],[28.94205,41.05941],[28.94358,41.05948],[28.94251,41.06127],[28.94534,41.06202],[28.94383,41.06434],[28.94416,41.0648],[28.94423,41.06535]]]},"properties":{"id":9381555,"name":"Silahtarağa Mahallesi","district_id":1766103}},{"type":"Feature","geometry":{"type":"Polygon","coordinates":[[[28.92662,41.04902],[28.92828,41.04829],[28.92807,41.04673],[28.92929,41.04664],[28.93047,41.04574],[28.9318,41.04583],[28.93339,41.04536],[28.93454,41.04611],[28.92997,41.05006],[28.92975,41.05191],[28.9301,41.05325],[28.93158,41.05485],[28.93236,41.05657],[28.92948,41.05587],[28.92717,41.0562],[28.9272,41.05437],[28.9256,41.05469],[28.9253,41.0555],[28.92342,41.05555],[28.92298,41.05377],[28.92242,41.05337],[28.92121,41.05211],[28.92349,41.05196],[28.92467,41.05085],[28.92677,41.04963],[28.92662,41.04902]]]},"properties":{"id":9381563,"name":"İslambey Mahallesi","district_id":1766103}},{"type":"Feature","geometry":{"type":"Polygon","coordinates":[[[28.92773,41.04128],[28.92971,41.04411],[28.9318,41.04583],[28.93047,41.04574],[28.92929,41.04664],[28.92807,41.04673],[28.92828,41.04829],[28.92662,41.04902],[28.92248,41.04806],[28.9191,41.04633],[28.91976,41.04465],[28.92107,41.04442],[28.92256,41.04349],[28.92615,41.04218],[28.92773,41.04128]]]},"properties":{"id":9381569,"name":"Düğmeciler Mahallesi","district_id":1766103}},{"type":"Feature","geometry":{"type":"Polygon","coordinates":[[[28.91747,41.0466],[28.9191,41.04633],[28.92248,41.04806],[28.92662,41.04902],[28.92677,41.04963],[28.92467,41.05085],[28.92349,41.05196],[28.92121,41.05211],[28.91916,41.05003],[28.92005,41.04894],[28.91747,41.0466]]]},"properties":{"id":9381669,"name":"Rami Cuma Mahallesi","district_id":1766103}},{"type":"Feature","geometry":{"type":"Polygon","coordinates":[[[28.91633,41.04539],[28.9182,41.04238],[28.91576,41.04283],[28.91662,41.03937],[28.91789,41.0383],[28.9177,41.03766],[28.91914,41.03563],[28.9211,41.0313],[28.92401,41.02869],[28.92712,41.02613],[28.9293,41.02459],[28.9296,41.02439],[28.93552,41.03005],[28.93596,41.03111],[28.93245,41.03282],[28.92556,41.03507],[28.92405,41.03603],[28.92564,41.03788],[28.92773,41.04128],[28.92615,41.04218],[28.92256,41.04349],[28.92107,41.04442],[28.91976,41.04465],[28.9191,41.04633],[28.91747,41.0466],[28.91633,41.04539]]]},"properties":{"id":9381694,"name":"Topçular Mahallesi","district_id":1766103}},{"type":"Feature","geometry":{"type":"Polygon","coordinates":[[[28.91872,41.05443],[28.9165,41.05543],[28.91592,41.05392],[28.91097,41.05158],[28.91204,41.04958],[28.91462,41.04785],[28.91633,41.04539],[28.91747,41.0466],[28.92005,41.04894],[28.91916,41.05003],[28.92121,41.05211],[28.92242,41.05337],[28.92129,41.05349],[28.91872,41.05443]]]},"properties":{"id":9381765,"name":"Rami Yeni Mahallesi","district_id":1766103}},{"type":"Feature","geometry":{"type":"Polygon","coordinates":[[[28.94423,41.06535],[28.94454,41.06661],[28.94339,41.06848],[28.94358,41.06929],[28.946,41.07051],[28.94489,41.07311],[28.9426,41.07153],[28.94133,41.07151],[28.94019,41.06809],[28.93605,41.06585],[28.93515,41.06462],[28.93437,41.06266],[28.93531,41.06166],[28.93809,41.0631],[28.94035,41.06393],[28.94205,41.06386],[28.94291,41.06579],[28.94423,41.06535]]]},"properties":{"id":9381807,"name":"Sakarya Mahallesi","district_id":1766103}},{"type":"Feature","geometry":{"type":"Polygon","coordinates":[[[28.94489,41.07311],[28.9465,41.07467],[28.94561,41.07542],[28.9423,41.07495],[28.94138,41.07282],[28.94007,41.07144],[28.93799,41.07141],[28.93572,41.07064],[28.93401,41.06908],[28.93235,41.06915],[28.93283,41.06757],[28.93386,41.0658],[28.93605,41.06585],[28.94019,41.06809],[28.94133,41.07151],[28.9426,41.07153],[28.94489,41.07311]]]},"properties":{"id":9381849,"name":"Esentepe Mahallesi","district_id":1766103}},{"type":"Feature","geometry":{"type":"Polygon","coordinates":[[[28.93009,41.07989],[28.92702,41.07956],[28.92606,41.07809],[28.92604,41.07634],[28.92531,41.07556],[28.92664,41.07337],[28.92732,41.07309],[28.92764,41.06997],[28.93024,41.06924],[28.93235,41.06915],[28.93401,41.06908],[28.93572,41.07064],[28.93799,41.07141],[28.94007,41.07144],[28.94138,41.07282],[28.9423,41.07495],[28.94178,41.07683],[28.93969,41.07614],[28.9357,41.07706],[28.93184,41.07988],[28.93009,41.07989]]]},"properties":{"id":9381850,"name":"Karadolap Mahallesi","district_id":1766103}},{"type":"Feature","geometry":{"type":"Polygon","coordinates":[[[28.92279,41.06701],[28.92461,41.06775],[28.92599,41.06939],[28.92764,41.06997],[28.92732,41.07309],[28.92664,41.07337],[28.92531,41.07556],[28.92604,41.07634],[28.92606,41.07809],[28.92702,41.07956],[28.92624,41.07976],[28.9221,41.08172],[28.91708,41.0824],[28.91632,41.08218],[28.91573,41.0791],[28.91632,41.07716],[28.91691,41.07695],[28.91756,41.07496],[28.91631,41.07283],[28.91677,41.07033],[28.91756,41.06874],[28.91978,41.06804],[28.92177,41.06681],[28.92279,41.06701]]]},"properties":{"id":9381851,"name":"Yeşilpınar Mahallesi","district_id":1766103}},{"type":"Feature","geometry":{"type":"Polygon","coordinates":[[[28.94178,41.07683],[28.94466,41.07909],[28.94399,41.08041],[28.94407,41.08138],[28.94135,41.08267],[28.94087,41.08371],[28.93973,41.08339],[28.93928,41.08566],[28.93985,41.08714],[28.93602,41.08886],[28.93285,41.08559],[28.93099,41.08479],[28.92882,41.08129],[28.93009,41.07989],[28.93184,41.07988],[28.9357,41.07706],[28.93969,41.07614],[28.94178,41.07683]]]},"properties":{"id":9381855,"name":"Çırçır Mahallesi","district_id":1766103}},{"type":"Feature","geometry":{"type":"Polygon","coordinates":[[[28.93602,41.08886],[28.93292,41.09082],[28.9314,41.08999],[28.93014,41.09051],[28.92848,41.09052],[28.92242,41.09321],[28.92116,41.09113],[28.91938,41.089],[28.91878,41.08624],[28.91708,41.0824],[28.9221,41.08172],[28.92624,41.07976],[28.92702,41.07956],[28.93009,41.07989],[28.92882,41.08129],[28.93099,41.08479],[28.93285,41.08559],[28.93602,41.08886]]]},"properties":{"id":9381869,"name":"Akşemsettin Mahallesi","district_id":1766103}},{"type":"Feature","geometry":{"type":"Polygon","coordinates":[[[28.92256,41.06626],[28.9236,41.06643],[28.92388,41.06397],[28.92627,41.06188],[28.93064,41.06103],[28.93101,41.06181],[28.93437,41.06266],[28.93515,41.06462],[28.93605,41.06585],[28.93386,41.0658],[28.93283,41.06757],[28.93235,41.06915],[28.93024,41.06924],[28.92764,41.06997],[28.92599,41.06939],[28.92461,41.06775],[28.92279,41.06701],[28.92256,41.06626]]]},"properties":{"id":9381909,"name":"Yıldıztabya Mahallesi","district_id":1766105}},{"type":"Feature","geometry":{"type":"Polygon","coordinates":[[[28.93828,41.05939],[28.93661,41.05927],[28.93682,41.0611],[28.93531,41.06166],[28.93437,41.06266],[28.93101,41.06181],[28.93064,41.06103],[28.93069,41.05973],[28.93188,41.05748],[28.93322,41.05765],[28.93354,41.05684],[28.93512,41.05657],[28.93825,41.05781],[28.93828,41.05939]]]},"properties":{"id":9381914,"name":"Pazariçi Mahallesi","district_id":1766105}},{"type":"Feature","geometry":{"type":"Polygon","coordinates":[[[28.93064,41.06103],[28.92627,41.06188],[28.92722,41.06083],[28.927,41.05926],[28.92606,41.05898],[28.92643,41.05761],[28.92224,41.0573],[28.92342,41.05555],[28.9253,41.0555],[28.9256,41.05469],[28.9272,41.05437],[28.92717,41.0562],[28.92948,41.05587],[28.93236,41.05657],[28.93188,41.05748],[28.93069,41.05973],[28.93064,41.06103]]]},"properties":{"id":9381933,"name":"Karlıtepe Mahallesi","district_id":1766105}},{"type":"Feature","geometry":{"type":"Polygon","coordinates":[[[28.92627,41.06188],[28.92388,41.06397],[28.9236,41.06643],[28.92256,41.06626],[28.92156,41.06512],[28.9223,41.06354],[28.9214,41.06274],[28.92137,41.06103],[28.92189,41.06035],[28.92173,41.05792],[28.92224,41.0573],[28.92643,41.05761],[28.92606,41.05898],[28.927,41.05926],[28.92722,41.06083],[28.92627,41.06188]]]},"properties":{"id":9381934,"name":"Yenidoğan Mahallesi","district_id":1766105}},{"type":"Feature","geometry":{"type":"Polygon","coordinates":[[[29.11507,40.95556],[29.11123,40.95906],[29.10935,40.95802],[29.10683,40.95785],[29.10424,40.95655],[29.10115,40.95626],[29.09949,40.95487],[29.09791,40.95434],[29.09481,40.952],[29.09879,40.94892],[29.09995,40.94915],[29.10157,40.95013],[29.10332,40.94979],[29.10685,40.95008],[29.11174,40.95198],[29.11436,40.95537],[29.11507,40.95556]]]},"properties":{"id":9387083,"name":"Altıntepe Mahallesi","district_id":1276407}},{"type":"Feature","geometry":{"type":"Polygon","coordinates":[[[28.92256,41.06626],[28.92279,41.06701],[28.92177,41.06681],[28.91959,41.06542],[28.91679,41.06323],[28.91552,41.06345],[28.91488,41.06262],[28.91443,41.05891],[28.9134,41.0588],[28.91404,41.05811],[28.91775,41.05804],[28.91763,41.05655],[28.9195,41.0564],[28.91872,41.05443],[28.92129,41.05349],[28.92242,41.05337],[28.92298,41.05377],[28.92342,41.05555],[28.92224,41.0573],[28.92173,41.05792],[28.92189,41.06035],[28.92137,41.06103],[28.9214,41.06274],[28.9223,41.06354],[28.92156,41.06512],[28.92256,41.06626]]]},"properties":{"id":9387779,"name":"Sarıgöl Mahallesi","district_id":1766105}},{"type":"Feature","geometry":{"type":"Polygon","coordinates":[[[28.90845,41.06661],[28.90801,41.0667],[28.90543,41.06268],[28.90415,41.05978],[28.90339,41.05978],[28.90903,41.0558],[28.90971,41.0552],[28.91058,41.05336],[28.91097,41.05158],[28.91592,41.05392],[28.9165,41.05543],[28.91872,41.05443],[28.9195,41.0564],[28.91763,41.05655],[28.91775,41.05804],[28.91404,41.05811],[28.9134,41.0588],[28.91329,41.05917],[28.91025,41.0628],[28.90978,41.06421],[28.90845,41.06661]]]},"properties":{"id":9387789,"name":"Merkez Mahallesi","district_id":1766105}},{"type":"Feature","geometry":{"type":"Polygon","coordinates":[[[28.92177,41.06681],[28.91978,41.06804],[28.91765,41.06836],[28.91556,41.06949],[28.91308,41.069],[28.91112,41.06893],[28.91059,41.0679],[28.90845,41.06661],[28.90978,41.06421],[28.91025,41.0628],[28.91329,41.05917],[28.9134,41.0588],[28.91443,41.05891],[28.91488,41.06262],[28.91552,41.06345],[28.91679,41.06323],[28.91959,41.06542],[28.92177,41.06681]]]},"properties":{"id":9387822,"name":"Bağlarbaşı Mahallesi","district_id":1766105}},{"type":"Feature","geometry":{"type":"Polygon","coordinates":[[[28.89336,41.08119],[28.89187,41.08378],[28.89083,41.08536],[28.88626,41.08944],[28.88424,41.08871],[28.88006,41.08654],[28.87621,41.08358],[28.87436,41.0816],[28.87727,41.07855],[28.87892,41.07719],[28.88041,41.07606],[28.88273,41.07511],[28.88543,41.07801],[28.88815,41.07951],[28.88972,41.07933],[28.89336,41.08119]]]},"properties":{"id":9388924,"name":"Karadeniz Mahallesi","district_id":1766105}},{"type":"Feature","geometry":{"type":"Polygon","coordinates":[[[28.89331,41.06999],[28.89664,41.07419],[28.8999,41.0772],[28.89887,41.0779],[28.89582,41.07883],[28.89336,41.08119],[28.88972,41.07933],[28.88815,41.07951],[28.88543,41.07801],[28.88273,41.07511],[28.88567,41.07394],[28.88833,41.07222],[28.89006,41.0714],[28.89331,41.06999]]]},"properties":{"id":9388925,"name":"Barbaros Hayrettin Paşa Mahallesi","district_id":1766105}},{"type":"Feature","geometry":{"type":"Polygon","coordinates":[[[28.89187,41.08378],[28.89336,41.08119],[28.89582,41.07883],[28.89887,41.0779],[28.8999,41.0772],[28.89664,41.07419],[28.89723,41.07348],[28.89747,41.07018],[28.89866,41.0691],[28.90208,41.07109],[28.90142,41.07151],[28.90134,41.07311],[28.90305,41.07369],[28.90364,41.07329],[28.90539,41.07436],[28.90626,41.07794],[28.90716,41.08001],[28.90612,41.08081],[28.90298,41.08067],[28.90205,41.08203],[28.90103,41.08224],[28.89856,41.08155],[28.8966,41.0819],[28.89488,41.08305],[28.89187,41.08378]]]},"properties":{"id":9388940,"name":"Yeni Mahalle Mahallesi","district_id":1766105}},{"type":"Feature","geometry":{"type":"Polygon","coordinates":[[[28.89331,41.06999],[28.89441,41.06937],[28.90034,41.0651],[28.90253,41.06096],[28.90263,41.0634],[28.90312,41.06477],[28.90507,41.06605],[28.90499,41.06757],[28.90305,41.06786],[28.90309,41.06933],[28.90208,41.07109],[28.89866,41.0691],[28.89747,41.07018],[28.89723,41.07348],[28.89664,41.07419],[28.89331,41.06999]]]},"properties":{"id":9388951,"name":"Hürriyet Mahallesi","district_id":1766105}},{"type":"Feature","geometry":{"type":"Polygon","coordinates":[[[28.90309,41.06933],[28.90305,41.06786],[28.90499,41.06757],[28.90507,41.06605],[28.90312,41.06477],[28.90263,41.0634],[28.90253,41.06096],[28.90339,41.05978],[28.90415,41.05978],[28.90543,41.06268],[28.90801,41.0667],[28.90845,41.06661],[28.91059,41.0679],[28.91112,41.06893],[28.90747,41.06988],[28.9065,41.07041],[28.90309,41.06933]]]},"properties":{"id":9388968,"name":"Şemsipaşa Mahallesi","district_id":1766105}},{"type":"Feature","geometry":{"type":"Polygon","coordinates":[[[28.90656,41.09078],[28.90356,41.09078],[28.89943,41.09113],[28.89554,41.09117],[28.88997,41.09046],[28.88626,41.08944],[28.89083,41.08536],[28.89187,41.08378],[28.89488,41.08305],[28.8966,41.0819],[28.89856,41.08155],[28.90103,41.08224],[28.90205,41.08203],[28.90298,41.08067],[28.90612,41.08081],[28.90716,41.08001],[28.90799,41.08145],[28.9085,41.08371],[28.90837,41.0851],[28.90786,41.08743],[28.90656,41.09078]]]},"properties":{"id":9389046,"name":"Karayolları Mahallesi","district_id":1766105}},{"type":"Feature","geometry":{"type":"Polygon","coordinates":[[[28.92242,41.09321],[28.92118,41.09428],[28.9187,41.0938],[28.9129,41.0918],[28.91037,41.09121],[28.90656,41.09078],[28.90786,41.08743],[28.90837,41.0851],[28.91144,41.0843],[28.91402,41.08268],[28.91632,41.08218],[28.91708,41.0824],[28.91878,41.08624],[28.91938,41.089],[28.92116,41.09113],[28.92242,41.09321]]]},"properties":{"id":9389048,"name":"Mevlana Mahallesi","district_id":1766105}},{"type":"Feature","geometry":{"type":"Polygon","coordinates":[[[28.90309,41.06933],[28.9065,41.07041],[28.90747,41.06988],[28.91112,41.06893],[28.91308,41.069],[28.91556,41.06949],[28.91367,41.07215],[28.91316,41.0739],[28.91172,41.07452],[28.90857,41.07514],[28.90767,41.07588],[28.90626,41.07794],[28.90539,41.07436],[28.90364,41.07329],[28.90305,41.07369],[28.90134,41.07311],[28.90142,41.07151],[28.90208,41.07109],[28.90309,41.06933]]]},"properties":{"id":9389050,"name":"Fevzi Çakmak Mahallesi","district_id":1766105}},{"type":"Feature","geometry":{"type":"Polygon","coordinates":[[[28.90626,41.07794],[28.90767,41.07588],[28.90857,41.07514],[28.91172,41.07452],[28.91316,41.0739],[28.91367,41.07215],[28.91556,41.06949],[28.91765,41.06836],[28.91978,41.06804],[28.91756,41.06874],[28.91677,41.07033],[28.91631,41.07283],[28.91756,41.07496],[28.91691,41.07695],[28.91632,41.07716],[28.91573,41.0791],[28.91632,41.08218],[28.91402,41.08268],[28.91144,41.0843],[28.90837,41.0851],[28.9085,41.08371],[28.90799,41.08145],[28.90716,41.08001],[28.90626,41.07794]]]},"properties":{"id":9389063,"name":"Kazım Karabekir Mahallesi","district_id":1766105}},{"type":"Feature","geometry":{"type":"Polygon","coordinates":[[[28.92118,41.09428],[28.91833,41.09592],[28.91847,41.09621],[28.91662,41.09727],[28.91485,41.09733],[28.91303,41.0984],[28.9126,41.0974],[28.90378,41.09815],[28.90448,41.10093],[28.90274,41.10106],[28.89868,41.10138],[28.90195,41.09515],[28.90343,41.09412],[28.90593,41.09313],[28.90642,41.09244],[28.90656,41.09078],[28.91037,41.09121],[28.9129,41.0918],[28.9187,41.0938],[28.92118,41.09428]]]},"properties":{"id":9389916,"name":"75. Yıl Mahallesi","district_id":1766108}},{"type":"Feature","geometry":{"type":"Polygon","coordinates":[[[28.88946,41.09399],[28.88286,41.091],[28.88114,41.09069],[28.87723,41.08927],[28.87097,41.08779],[28.86897,41.08668],[28.87096,41.08528],[28.87436,41.0816],[28.87621,41.08358],[28.88006,41.08654],[28.88424,41.08871],[28.88626,41.08944],[28.88997,41.09046],[28.88946,41.09399]]]},"properties":{"id":9389934,"name":"Cumhuriyet Mahallesi","district_id":1766108}},{"type":"Feature","geometry":{"type":"Polygon","coordinates":[[[28.88967,41.10197],[28.88957,41.1032],[28.89028,41.10449],[28.89262,41.10711],[28.89132,41.11051],[28.8902,41.1104],[28.88928,41.10618],[28.88839,41.10506],[28.88305,41.10684],[28.87943,41.10967],[28.87798,41.109],[28.87995,41.10651],[28.87445,41.10009],[28.87588,41.09779],[28.87645,41.09687],[28.88286,41.091],[28.88946,41.09399],[28.88902,41.0959],[28.8894,41.09796],[28.88967,41.10197]]]},"properties":{"id":9389950,"name":"Esentepe Mahallesi","district_id":1766108}},{"type":"Feature","geometry":{"type":"Polygon","coordinates":[[[28.87588,41.09779],[28.86986,41.09593],[28.86535,41.09486],[28.86374,41.09407],[28.86455,41.09017],[28.86491,41.08941],[28.86624,41.0882],[28.86897,41.08668],[28.87097,41.08779],[28.87723,41.08927],[28.88114,41.09069],[28.88286,41.091],[28.87645,41.09687],[28.87588,41.09779]]]},"properties":{"id":9390752,"name":"50. Yıl Mahallesi","district_id":1766108}},{"type":"Feature","geometry":{"type":"Polygon","coordinates":[[[28.86145,41.10437],[28.86284,41.10135],[28.8631,41.09756],[28.86374,41.09407],[28.86535,41.09486],[28.86986,41.09593],[28.87588,41.09779],[28.87445,41.10009],[28.87995,41.10651],[28.87798,41.109],[28.86145,41.10437]]]},"properties":{"id":9390753,"name":"Uğur Mumcu Mahallesi","district_id":1766108}},{"type":"Feature","geometry":{"type":"Polygon","coordinates":[[[28.85411,41.10241],[28.85528,41.10064],[28.85745,41.09812],[28.85882,41.09597],[28.86164,41.09286],[28.86316,41.09077],[28.86491,41.08941],[28.86455,41.09017],[28.86374,41.09407],[28.8631,41.09756],[28.86284,41.10135],[28.86145,41.10437],[28.85411,41.10241]]]},"properties":{"id":9390800,"name":"Sultançiftliği Mahallesi","district_id":1766108}},{"type":"Feature","geometry":{"type":"Polygon","coordinates":[[[28.85015,41.10595],[28.85061,41.10748],[28.85188,41.10629],[28.85411,41.10241],[28.86145,41.10437],[28.85726,41.11301],[28.85623,41.11421],[28.85224,41.11554],[28.85112,41.11362],[28.84814,41.11175],[28.84766,41.11113],[28.84985,41.10743],[28.85015,41.10595]]]},"properties":{"id":9390849,"name":"İsmetpaşa Mahallesi","district_id":1766108}},{"type":"Feature","geometry":{"type":"Polygon","coordinates":[[[28.83206,41.12787],[28.83532,41.12613],[28.84419,41.12005],[28.84524,41.11899],[28.84576,41.11743],[28.84503,41.11484],[28.84508,41.11289],[28.84558,41.11215],[28.84766,41.11113],[28.84814,41.11175],[28.85112,41.11362],[28.85224,41.11554],[28.84932,41.11767],[28.84703,41.11962],[28.84447,41.12123],[28.8436,41.12181],[28.84257,41.1248],[28.84165,41.12656],[28.83897,41.12627],[28.83888,41.12671],[28.83591,41.12683],[28.83393,41.12754],[28.83206,41.12787]]]},"properties":{"id":9390850,"name":"Malkoçoğlu Mahallesi","district_id":1766108}},{"type":"Feature","geometry":{"type":"Polygon","coordinates":[[[28.84447,41.12123],[28.84703,41.11962],[28.84932,41.11767],[28.85224,41.11554],[28.85623,41.11421],[28.85726,41.11301],[28.86145,41.10437],[28.87798,41.109],[28.87943,41.10967],[28.88305,41.10684],[28.88839,41.10506],[28.88928,41.10618],[28.8902,41.1104],[28.89132,41.11051],[28.89262,41.10711],[28.89397,41.10821],[28.89649,41.10927],[28.89705,41.11043],[28.8961,41.11243],[28.89554,41.11323],[28.89527,41.11572],[28.89603,41.1173],[28.89671,41.11764],[28.89744,41.11923],[28.89873,41.12025],[28.90064,41.1206],[28.90162,41.12119],[28.90168,41.12216],[28.90416,41.12214],[28.90502,41.12333],[28.9063,41.12384],[28.90654,41.12469],[28.90272,41.12685],[28.90126,41.12848],[28.89925,41.13319],[28.89607,41.13511],[28.8907,41.13668],[28.88999,41.13728],[28.88701,41.13569],[28.8833,41.13484],[28.8798,41.1345],[28.87851,41.13491],[28.8757,41.1334],[28.87253,41.13332],[28.8621,41.1284],[28.85317,41.12398],[28.85152,41.12283],[28.84913,41.12458],[28.8462,41.12202],[28.84447,41.12123]]]},"properties":{"id":9390851,"name":"Cebeci Mahallesi","district_id":1766108}},{"type":"Feature","geometry":{"type":"Polygon","coordinates":[[[28.83326,41.13364],[28.83058,41.13511],[28.82869,41.13559],[28.82625,41.13567],[28.82385,41.13523],[28.82778,41.13056],[28.83206,41.12787],[28.83393,41.12754],[28.83591,41.12683],[28.83888,41.12671],[28.83897,41.12627],[28.84165,41.12656],[28.83859,41.12868],[28.83326,41.13364]]]},"properties":{"id":9390946,"name":"Eski Habipler Mahallesi","district_id":1766108}},{"type":"Feature","geometry":{"type":"Polygon","coordinates":[[[28.83326,41.13364],[28.83488,41.1349],[28.8375,41.13624],[28.84016,41.1369],[28.8415,41.13843],[28.84498,41.14107],[28.84523,41.14229],[28.8461,41.14309],[28.84901,41.14323],[28.85531,41.14204],[28.86041,41.14224],[28.86242,41.14093],[28.86423,41.14048],[28.87121,41.1417],[28.87406,41.14298],[28.87394,41.14373],[28.87554,41.14667],[28.87578,41.15034],[28.87435,41.15161],[28.87236,41.15241],[28.87064,41.15254],[28.86779,41.15172],[28.86657,41.15183],[28.86572,41.153],[28.86698,41.15626],[28.86694,41.15715],[28.86231,41.15868],[28.86139,41.15981],[28.85465,41.1569],[28.85345,41.15555],[28.84826,41.1542],[28.84738,41.1531],[28.84567,41.15183],[28.84327,41.15137],[28.84274,41.15096],[28.84138,41.14823],[28.83817,41.14542],[28.83561,41.14354],[28.83357,41.14273],[28.83277,41.14173],[28.83302,41.14019],[28.8326,41.13642],[28.8336,41.13465],[28.83326,41.13364]]]},"properties":{"id":9391277,"name":"Yayla Mahallesi","district_id":1766108}},{"type":"Feature","geometry":{"type":"Polygon","coordinates":[[[28.84165,41.12656],[28.84257,41.1248],[28.8436,41.12181],[28.84447,41.12123],[28.8462,41.12202],[28.84913,41.12458],[28.85152,41.12283],[28.85317,41.12398],[28.8621,41.1284],[28.87253,41.13332],[28.8757,41.1334],[28.87851,41.13491],[28.8798,41.1345],[28.8833,41.13484],[28.88701,41.13569],[28.88999,41.13728],[28.8882,41.13904],[28.88512,41.14514],[28.88308,41.14691],[28.8813,41.147],[28.87995,41.14609],[28.8791,41.1441],[28.87789,41.14284],[28.87615,41.1422],[28.87406,41.14298],[28.87121,41.1417],[28.86423,41.14048],[28.86242,41.14093],[28.86041,41.14224],[28.85531,41.14204],[28.84901,41.14323],[28.8461,41.14309],[28.84523,41.14229],[28.84498,41.14107],[28.8415,41.13843],[28.84016,41.1369],[28.8375,41.13624],[28.83488,41.1349],[28.83326,41.13364],[28.83859,41.12868],[28.84165,41.12656]]]},"properties":{"id":9391290,"name":"Habibler Mahallesi","district_id":1766108}},{"type":"Feature","geometry":{"type":"Polygon","coordinates":[[[28.89823,41.0082],[28.89757,41.00838],[28.8949,41.00705],[28.89276,41.00943],[28.89282,41.00981],[28.89059,41.00966],[28.88185,41.00769],[28.88129,41.00767],[28.88155,41.00626],[28.88279,41.00467],[28.88468,41.0036],[28.88576,41.0017],[28.89049,41.0032],[28.89258,41.00438],[28.89595,41.00669],[28.89823,41.0082]]]},"properties":{"id":9391449,"name":"Abdurrahman Nafiz Gürman Mahallesi","district_id":1766106}},{"type":"Feature","geometry":{"type":"Polygon","coordinates":[[[28.89282,41.00981],[28.89416,41.01141],[28.89324,41.0125],[28.89237,41.01252],[28.89088,41.01792],[28.88979,41.0174],[28.88675,41.01741],[28.88398,41.01879],[28.88308,41.01872],[28.88099,41.01655],[28.88028,41.01456],[28.88114,41.01056],[28.88129,41.00767],[28.88185,41.00769],[28.89059,41.00966],[28.89282,41.00981]]]},"properties":{"id":9391461,"name":"Mehmet Nesih Özmen Mahallesi","district_id":1766106}},{"type":"Feature","geometry":{"type":"Polygon","coordinates":[[[28.90063,41.02069],[28.89851,41.01903],[28.89504,41.019],[28.89231,41.01875],[28.89088,41.01792],[28.89237,41.01252],[28.89324,41.0125],[28.89416,41.01141],[28.89282,41.00981],[28.89276,41.00943],[28.8949,41.00705],[28.89757,41.00838],[28.89916,41.01021],[28.89918,41.01101],[28.9002,41.01309],[28.90223,41.01457],[28.90233,41.01664],[28.90065,41.01728],[28.90095,41.01833],[28.90063,41.02069]]]},"properties":{"id":9391469,"name":"Tozkoparan Mahallesi","district_id":1766106}},{"type":"Feature","geometry":{"type":"Polygon","coordinates":[[[28.88675,41.01741],[28.88675,41.01885],[28.88733,41.02077],[28.88542,41.02261],[28.884,41.02592],[28.88142,41.0263],[28.88119,41.0269],[28.87884,41.02655],[28.87869,41.02393],[28.87951,41.02137],[28.87658,41.02063],[28.8745,41.0208],[28.87366,41.02035],[28.87794,41.01619],[28.87941,41.01639],[28.88099,41.01655],[28.88308,41.01872],[28.88398,41.01879],[28.88675,41.01741]]]},"properties":{"id":9393065,"name":"Sanayi Mahallesi","district_id":1766106}},{"type":"Feature","geometry":{"type":"Polygon","coordinates":[[[28.87884,41.02655],[28.88119,41.0269],[28.88142,41.0263],[28.884,41.02592],[28.88542,41.02261],[28.88617,41.02264],[28.88705,41.02514],[28.88869,41.02668],[28.89071,41.02947],[28.89048,41.02986],[28.88546,41.034],[28.88464,41.03396],[28.87836,41.03213],[28.87649,41.03185],[28.87443,41.0368],[28.87254,41.03848],[28.87122,41.03845],[28.87135,41.03747],[28.87157,41.03391],[28.87232,41.03158],[28.87269,41.02795],[28.87402,41.02655],[28.87545,41.02621],[28.87884,41.02655]]]},"properties":{"id":9393066,"name":"Gençosman Mahallesi","district_id":1766106}},{"type":"Feature","geometry":{"type":"Polygon","coordinates":[[[28.86948,41.01418],[28.8744,41.0079],[28.87519,41.00865],[28.87533,41.0099],[28.87712,41.01172],[28.87799,41.01334],[28.87808,41.01433],[28.87941,41.01639],[28.87794,41.01619],[28.87554,41.01549],[28.87424,41.01443],[28.8726,41.01397],[28.86948,41.01418]]]},"properties":{"id":9393094,"name":"Güven Mahallesi","district_id":1766106}},{"type":"Feature","geometry":{"type":"Polygon","coordinates":[[[28.86015,41.01756],[28.86149,41.01571],[28.86305,41.01431],[28.86524,41.01411],[28.86561,41.0158],[28.86946,41.01875],[28.86707,41.02099],[28.86593,41.02211],[28.86241,41.02057],[28.86308,41.01905],[28.86015,41.01756]]]},"properties":{"id":9393125,"name":"Mareşal Çakmak Mahallesi","district_id":1766106}},{"type":"Feature","geometry":{"type":"Polygon","coordinates":[[[28.87554,41.01549],[28.87217,41.01669],[28.86946,41.01875],[28.86561,41.0158],[28.86524,41.01411],[28.86948,41.01418],[28.8726,41.01397],[28.87424,41.01443],[28.87554,41.01549]]]},"properties":{"id":9393126,"name":"Akıncılar Mahallesi","district_id":1766106}},{"type":"Feature","geometry":{"type":"Polygon","coordinates":[[[28.85902,41.02762],[28.85948,41.02557],[28.86126,41.02263],[28.86256,41.02134],[28.86241,41.02057],[28.86593,41.02211],[28.86707,41.02099],[28.86882,41.02241],[28.8697,41.02493],[28.87169,41.02647],[28.87119,41.02784],[28.86917,41.02909],[28.86741,41.02948],[28.86521,41.02948],[28.86309,41.02981],[28.85909,41.02873],[28.85902,41.02762]]]},"properties":{"id":9393147,"name":"Güneştepe Mahallesi","district_id":1766106}},{"type":"Feature","geometry":{"type":"Polygon","coordinates":[[[28.86946,41.01875],[28.87217,41.01669],[28.87554,41.01549],[28.87794,41.01619],[28.87366,41.02035],[28.8745,41.0208],[28.87658,41.02063],[28.87951,41.02137],[28.87869,41.02393],[28.87884,41.02655],[28.87545,41.02621],[28.87402,41.02655],[28.87269,41.02795],[28.87119,41.02784],[28.87169,41.02647],[28.8697,41.02493],[28.86882,41.02241],[28.86707,41.02099],[28.86946,41.01875]]]},"properties":{"id":9393153,"name":"Merkez Mahallesi","district_id":1766106}},{"type":"Feature","geometry":{"type":"Polygon","coordinates":[[[29.37745,41.15199],[29.376,41.15279],[29.37172,41.15366],[29.371,41.1545],[29.37051,41.15613],[29.3678,41.1562],[29.3664,41.155],[29.36452,41.15503],[29.36341,41.15726],[29.36246,41.15738],[29.36116,41.1586],[29.36142,41.16295],[29.3627,41.1659],[29.36483,41.17237],[29.3615,41.1747],[29.36086,41.17564],[29.36101,41.17718],[29.36092,41.183],[29.36064,41.18531],[29.35716,41.18572],[29.35585,41.18645],[29.35727,41.18819],[29.35679,41.18982],[29.35599,41.19061],[29.35584,41.19334],[29.35606,41.19509],[29.35221,41.20023],[29.35303,41.20184],[29.35505,41.20909],[29.35683,41.21092],[29.35435,41.21175],[29.35358,41.21261],[29.35204,41.21239],[29.3512,41.21308],[29.34931,41.21224],[29.34663,41.21292],[29.34529,41.21381],[29.3436,41.21397],[29.33968,41.21521],[29.33904,41.21471],[29.33647,41.21461],[29.33497,41.21553],[29.33387,41.2155],[29.33248,41.21663],[29.33228,41.21437],[29.33103,41.21316],[29.32972,41.21121],[29.33112,41.20919],[29.33116,41.208],[29.33283,41.20588],[29.33165,41.20485],[29.33245,41.20361],[29.33084,41.20226],[29.33065,41.20134],[29.32962,41.20086],[29.32835,41.1991],[29.32744,41.19859],[29.32605,41.19697],[29.32501,41.19665],[29.32335,41.19541],[29.3228,41.19441],[29.32313,41.19363],[29.32235,41.19264],[29.32216,41.18978],[29.3233,41.18948],[29.32214,41.18729],[29.32212,41.18576],[29.32113,41.183],[29.32239,41.18182],[29.32326,41.1816],[29.32421,41.18001],[29.32436,41.17893],[29.32328,41.17773],[29.32271,41.17641],[29.32318,41.17457],[29.32271,41.17293],[29.32417,41.16891],[29.32605,41.16942],[29.32713,41.16673],[29.32647,41.16382],[29.32818,41.16365],[29.3289,41.16304],[29.32975,41.16121],[29.32928,41.15784],[29.33228,41.15911],[29.33505,41.15932],[29.33648,41.15913],[29.33881,41.15937],[29.33993,41.15996],[29.34079,41.16137],[29.3416,41.16013],[29.34345,41.15852],[29.34303,41.15662],[29.34441,41.15547],[29.34508,41.15582],[29.34629,41.15417],[29.34633,41.15342],[29.34517,41.15208],[29.34612,41.1518],[29.3492,41.15312],[29.35078,41.15347],[29.35247,41.15253],[29.35387,41.15226],[29.35471,41.15084],[29.35683,41.14975],[29.35615,41.14857],[29.35661,41.14696],[29.3556,41.14613],[29.35374,41.14279],[29.35714,41.14326],[29.35917,41.14279],[29.36044,41.14163],[29.36234,41.14176],[29.36397,41.14093],[29.3676,41.14211],[29.37286,41.14166],[29.37729,41.14264],[29.37794,41.14302],[29.37913,41.14543],[29.3809,41.14732],[29.38123,41.14876],[29.38105,41.14942],[29.37887,41.15015],[29.37745,41.15199]]]},"properties":{"id":9395063,"name":"Karakiraz Mahallesi","district_id":1275310}},{"type":"Feature","geometry":{"type":"Polygon","coordinates":[[[29.35683,41.21092],[29.35505,41.20909],[29.35303,41.20184],[29.35221,41.20023],[29.35606,41.19509],[29.35584,41.19334],[29.35599,41.19061],[29.35679,41.18982],[29.35727,41.18819],[29.35585,41.18645],[29.35716,41.18572],[29.36064,41.18531],[29.36092,41.183],[29.36101,41.17718],[29.36086,41.17564],[29.3615,41.1747],[29.36483,41.17237],[29.3627,41.1659],[29.36142,41.16295],[29.36116,41.1586],[29.36246,41.15738],[29.36341,41.15726],[29.36452,41.15503],[29.3664,41.155],[29.3678,41.1562],[29.37051,41.15613],[29.371,41.1545],[29.37172,41.15366],[29.376,41.15279],[29.37745,41.15199],[29.37911,41.15704],[29.37813,41.15987],[29.37961,41.16289],[29.38298,41.17056],[29.38356,41.17331],[29.38444,41.17536],[29.38553,41.17887],[29.38838,41.1817],[29.38824,41.18282],[29.3866,41.1831],[29.38474,41.18411],[29.38463,41.18598],[29.38389,41.18876],[29.38594,41.19303],[29.3857,41.19395],[29.38783,41.19682],[29.39074,41.19825],[29.39091,41.19989],[29.38858,41.20157],[29.38701,41.20301],[29.38499,41.20363],[29.3804,41.20342],[29.37933,41.20496],[29.37964,41.20605],[29.38089,41.20696],[29.38352,41.20751],[29.38546,41.20899],[29.38582,41.21033],[29.38705,41.21204],[29.38752,41.21339],[29.38905,41.21421],[29.38953,41.21495],[29.38646,41.21406],[29.38511,41.21338],[29.38204,41.21306],[29.38064,41.21193],[29.37858,41.21146],[29.37689,41.21175],[29.37624,41.21253],[29.37216,41.21236],[29.36865,41.21115],[29.36663,41.2117],[29.36526,41.21122],[29.3615,41.21078],[29.35981,41.21107],[29.35683,41.21092]]]},"properties":{"id":9395077,"name":"Kurna Mahallesi","district_id":1275310}},{"type":"Feature","geometry":{"type":"Polygon","coordinates":[[[29.08937,40.99433],[29.08883,40.9949],[29.08856,40.99713],[29.08777,40.99626],[29.0852,40.99564],[29.08377,40.99766],[29.08244,40.9986],[29.08215,41.00086],[29.08053,41.00232],[29.07972,41.00159],[29.07824,41.00137],[29.07549,40.99875],[29.07398,40.99704],[29.07377,40.99405],[29.07335,40.99252],[29.07622,40.99144],[29.07973,40.99202],[29.08098,40.99163],[29.08317,40.99211],[29.08674,40.99197],[29.08796,40.99274],[29.08937,40.99433]]]},"properties":{"id":9397085,"name":"Örnek Mahallesi","district_id":1276672}},{"type":"Feature","geometry":{"type":"Polygon","coordinates":[[[29.08856,40.99713],[29.0883,40.99967],[29.08865,41.00268],[29.08903,41.00363],[29.09092,41.00562],[29.09096,41.007],[29.08881,41.00949],[29.08708,41.00946],[29.08346,41.00888],[29.07855,41.00706],[29.07929,41.00429],[29.08053,41.00232],[29.08215,41.00086],[29.08244,40.9986],[29.08377,40.99766],[29.0852,40.99564],[29.08777,40.99626],[29.08856,40.99713]]]},"properties":{"id":9397114,"name":"Esatpaşa Mahallesi","district_id":1276672}},{"type":"Feature","geometry":{"type":"Polygon","coordinates":[[[29.08937,40.99433],[29.08796,40.99274],[29.08674,40.99197],[29.08317,40.99211],[29.08098,40.99163],[29.07973,40.99202],[29.07622,40.99144],[29.0798,40.9901],[29.08657,40.98742],[29.0896,40.98573],[29.08996,40.98598],[29.09356,40.98637],[29.09548,40.98701],[29.09445,40.98785],[29.09165,40.99114],[29.09295,40.99229],[29.09326,40.99418],[29.09292,40.99556],[29.09035,40.99492],[29.08937,40.99433]]]},"properties":{"id":9397171,"name":"Yenisahra Mahallesi","district_id":1276672}},{"type":"Feature","geometry":{"type":"Polygon","coordinates":[[[29.08856,40.99713],[29.08945,40.99757],[29.09,40.99922],[29.09101,41.0003],[29.09344,41.00408],[29.09653,41.00624],[29.09718,41.0072],[29.0949,41.00828],[29.09236,41.00904],[29.08944,41.00948],[29.08881,41.00949],[29.09096,41.007],[29.09092,41.00562],[29.08903,41.00363],[29.08865,41.00268],[29.0883,40.99967],[29.08856,40.99713]]]},"properties":{"id":9397186,"name":"Aşıkveysel Mahallesi","district_id":1276672}},{"type":"Feature","geometry":{"type":"Polygon","coordinates":[[[29.10242,41.00358],[29.09938,41.00586],[29.09718,41.0072],[29.09653,41.00624],[29.09344,41.00408],[29.09101,41.0003],[29.09,40.99922],[29.08945,40.99757],[29.08856,40.99713],[29.08883,40.9949],[29.08937,40.99433],[29.09035,40.99492],[29.09089,40.99613],[29.09272,40.99757],[29.09544,40.99932],[29.09652,40.99962],[29.09846,41.00098],[29.10142,41.00245],[29.10242,41.00358]]]},"properties":{"id":9397189,"name":"Mustafa Kemal Mahallesi","district_id":1276672}},{"type":"Feature","geometry":{"type":"Polygon","coordinates":[[[29.09766,40.982],[29.10114,40.98295],[29.10582,40.98585],[29.10938,40.98859],[29.11122,40.99037],[29.11614,40.99595],[29.1141,40.99636],[29.11081,40.99759],[29.10713,40.99985],[29.10242,41.00358],[29.10142,41.00245],[29.09846,41.00098],[29.09652,40.99962],[29.09544,40.99932],[29.09272,40.99757],[29.09089,40.99613],[29.09035,40.99492],[29.09292,40.99556],[29.09326,40.99418],[29.09295,40.99229],[29.09165,40.99114],[29.09445,40.98785],[29.09548,40.98701],[29.09356,40.98637],[29.08996,40.98598],[29.0896,40.98573],[29.0926,40.9836],[29.0947,40.98151],[29.09766,40.982]]]},"properties":{"id":9397234,"name":"Barbaros Mahallesi","district_id":1276672}},{"type":"Feature","geometry":{"type":"Polygon","coordinates":[[[29.12971,40.9967],[29.12484,40.99607],[29.12063,40.99569],[29.11614,40.99595],[29.11122,40.99037],[29.10938,40.98859],[29.10582,40.98585],[29.10647,40.98482],[29.10795,40.9853],[29.10903,40.98702],[29.11401,40.98765],[29.12057,40.98775],[29.12385,40.9885],[29.12627,40.98798],[29.12943,40.98633],[29.13255,40.98443],[29.13449,40.98255],[29.13873,40.98651],[29.1396,40.987],[29.14222,40.98716],[29.14655,40.98915],[29.14632,40.99022],[29.14494,40.99182],[29.14245,40.99235],[29.14046,40.99309],[29.13734,40.99281],[29.13683,40.99367],[29.13309,40.99344],[29.13176,40.99383],[29.13086,40.99468],[29.13081,40.99682],[29.12971,40.9967]]]},"properties":{"id":9397246,"name":"Atatürk Mahallesi","district_id":1276672}},{"type":"Feature","geometry":{"type":"Polygon","coordinates":[[[29.15368,40.99272],[29.14676,40.98926],[29.1471,40.98797],[29.14921,40.98539],[29.1517,40.98307],[29.15332,40.98193],[29.1565,40.98193],[29.15796,40.98639],[29.15849,40.98642],[29.15883,40.98881],[29.15968,40.99016],[29.15876,40.99101],[29.15492,40.99114],[29.15368,40.99272]]]},"properties":{"id":9397264,"name":"Mevlana Mahallesi","district_id":1276672}},{"type":"Feature","geometry":{"type":"Polygon","coordinates":[[[29.15968,40.99016],[29.15883,40.98881],[29.15849,40.98642],[29.15796,40.98639],[29.1565,40.98193],[29.1603,40.98105],[29.16082,40.97952],[29.16232,40.98077],[29.16426,40.98083],[29.16507,40.98163],[29.16656,40.98498],[29.16207,40.98555],[29.16209,40.98918],[29.15968,40.99016]]]},"properties":{"id":9397321,"name":"Mimar Sinan Mahallesi","district_id":1276672}},{"type":"Feature","geometry":{"type":"Polygon","coordinates":[[[29.15532,40.99464],[29.15539,40.99357],[29.15368,40.99272],[29.15492,40.99114],[29.15876,40.99101],[29.15968,40.99016],[29.16209,40.98918],[29.16207,40.98555],[29.16656,40.98498],[29.16751,40.98848],[29.16738,40.99039],[29.16866,40.99263],[29.1687,40.9933],[29.16509,40.99419],[29.16152,40.99457],[29.15794,40.99464],[29.15532,40.99464]]]},"properties":{"id":9397322,"name":"Yeni Çamlıca Mahallesi","district_id":1276672}},{"type":"Feature","geometry":{"type":"Polygon","coordinates":[[[28.66604,40.98503],[28.6649,40.9831],[28.66371,40.98191],[28.66139,40.98019],[28.65978,40.97839],[28.65888,40.9755],[28.6581,40.97439],[28.65576,40.97398],[28.65198,40.97361],[28.65195,40.97127],[28.65056,40.97021],[28.65019,40.96863],[28.65103,40.96673],[28.65248,40.96671],[28.65187,40.96279],[28.65499,40.96255],[28.65708,40.96362],[28.66222,40.96277],[28.66488,40.96266],[28.66457,40.96129],[28.6668,40.96078],[28.66668,40.95811],[28.66935,40.95735],[28.67188,40.95716],[28.67269,40.95781],[28.66917,40.95956],[28.66906,40.96322],[28.67239,40.96401],[28.67264,40.96133],[28.67468,40.96141],[28.67439,40.96459],[28.67588,40.96483],[28.67625,40.96131],[28.67657,40.96132],[28.67614,40.96595],[28.67781,40.96591],[28.67794,40.9677],[28.67897,40.96772],[28.67955,40.96662],[28.67988,40.96331],[28.6803,40.96335],[28.68,40.96649],[28.6815,40.96659],[28.68192,40.96293],[28.68233,40.96296],[28.68192,40.96672],[28.68374,40.96681],[28.68448,40.96363],[28.68509,40.96452],[28.68475,40.96876],[28.6857,40.96881],[28.68569,40.96985],[28.68638,40.97168],[28.68513,40.97346],[28.68375,40.97687],[28.68281,40.98257],[28.68093,40.98287],[28.67925,40.98378],[28.67575,40.98377],[28.67301,40.98481],[28.67081,40.98518],[28.66604,40.98503]]]},"properties":{"id":9397725,"name":"Marmara Mahallesi","district_id":1766100}},{"type":"Feature","geometry":{"type":"Polygon","coordinates":[[[28.61403,40.99143],[28.61504,40.99067],[28.61809,40.98954],[28.6195,40.9896],[28.62617,40.98698],[28.62868,40.98641],[28.632,40.98538],[28.63243,40.98733],[28.63208,40.9893],[28.6312,40.98991],[28.63244,40.99108],[28.63577,40.99039],[28.63929,40.99074],[28.64356,40.99003],[28.64321,40.99216],[28.64214,40.99622],[28.64204,40.99697],[28.64045,40.99818],[28.63912,41.00005],[28.63727,41.00139],[28.63655,41.00354],[28.63564,41.00546],[28.63497,41.00547],[28.63409,41.00732],[28.63358,41.01353],[28.6325,41.01488],[28.63177,41.01641],[28.6264,41.01669],[28.62597,41.01477],[28.62593,41.00977],[28.62018,41.00412],[28.61897,41.00222],[28.61765,40.9994],[28.61478,40.99632],[28.61409,40.99292],[28.61271,40.99167],[28.61403,40.99143]]]},"properties":{"id":9397726,"name":"Adnan Kahveci Mahallesi","district_id":1766100}},{"type":"Feature","geometry":{"type":"Polygon","coordinates":[[[28.632,40.98538],[28.62868,40.98641],[28.62617,40.98698],[28.6195,40.9896],[28.61809,40.98954],[28.61504,40.99067],[28.61403,40.99143],[28.61312,40.9902],[28.61291,40.98878],[28.611,40.98734],[28.61067,40.98496],[28.61089,40.98338],[28.60974,40.98334],[28.60844,40.98166],[28.60745,40.98095],[28.60566,40.97765],[28.60269,40.97553],[28.60114,40.97407],[28.5968,40.97173],[28.59813,40.97067],[28.59886,40.96794],[28.59815,40.96662],[28.60374,40.96426],[28.60446,40.96485],[28.60646,40.96533],[28.60786,40.96491],[28.60909,40.96394],[28.61145,40.9634],[28.61547,40.96182],[28.61687,40.96195],[28.62075,40.96072],[28.62244,40.96069],[28.62551,40.96168],[28.62856,40.96163],[28.63034,40.96132],[28.63148,40.96267],[28.63346,40.96371],[28.63214,40.96497],[28.6332,40.96563],[28.63237,40.96651],[28.63344,40.96712],[28.63192,40.96854],[28.63282,40.96906],[28.63162,40.96986],[28.63218,40.97047],[28.63134,40.97159],[28.63091,40.97354],[28.62886,40.97581],[28.6295,40.9766],[28.62986,40.97849],[28.62917,40.97909],[28.62913,40.98134],[28.63007,40.98191],[28.63136,40.98383],[28.632,40.98538]]]},"properties":{"id":9397727,"name":"Dereağzı Mahallesi","district_id":1766100}},{"type":"Feature","geometry":{"type":"Polygon","coordinates":[[[28.64457,41.01427],[28.64418,41.01442],[28.64305,41.01274],[28.64438,41.01225],[28.64336,41.00909],[28.64369,41.00478],[28.64343,41.00359],[28.64201,41.00108],[28.64043,41.00182],[28.63737,41.00398],[28.63655,41.00354],[28.63727,41.00139],[28.63912,41.00005],[28.64045,40.99818],[28.64204,40.99697],[28.64214,40.99622],[28.643,40.99751],[28.6486,41.00268],[28.65009,41.00548],[28.64931,41.00742],[28.64965,41.0095],[28.65105,41.0118],[28.64457,41.01427]]]},"properties":{"id":9397784,"name":"Büyükşehir Mahallesi","district_id":1766100}},{"type":"Feature","geometry":{"type":"Polygon","coordinates":[[[28.63655,41.00354],[28.63737,41.00398],[28.64043,41.00182],[28.64201,41.00108],[28.64343,41.00359],[28.64369,41.00478],[28.64336,41.00909],[28.64438,41.01225],[28.64305,41.01274],[28.64418,41.01442],[28.63392,41.01831],[28.63322,41.01858],[28.63177,41.01641],[28.6325,41.01488],[28.63358,41.01353],[28.63409,41.00732],[28.63497,41.00547],[28.63564,41.00546],[28.63655,41.00354]]]},"properties":{"id":9397785,"name":"Cumhuriyet Mahallesi","district_id":1766100}},{"type":"Feature","geometry":{"type":"Polygon","coordinates":[[[29.56124,41.17427],[29.55355,41.17562],[29.55221,41.17616],[29.54445,41.17762],[29.54278,41.17817],[29.5367,41.17933],[29.53503,41.17988],[29.53064,41.18075],[29.52733,41.18114],[29.52547,41.18098],[29.52263,41.1789],[29.52186,41.17661],[29.51963,41.17381],[29.51965,41.17268],[29.51899,41.17131],[29.51564,41.17021],[29.51384,41.16866],[29.51216,41.1694],[29.51019,41.16919],[29.5098,41.16635],[29.50766,41.16494],[29.5057,41.16278],[29.50482,41.1601],[29.50407,41.1591],[29.50285,41.15532],[29.50109,41.1533],[29.50045,41.1532],[29.4989,41.15131],[29.49759,41.15079],[29.49699,41.14914],[29.49712,41.14796],[29.49635,41.14489],[29.49583,41.14008],[29.49476,41.13838],[29.49369,41.13568],[29.49385,41.13513],[29.49272,41.13231],[29.49075,41.13053],[29.48845,41.12922],[29.48716,41.12728],[29.48712,41.12552],[29.48768,41.12456],[29.48946,41.12468],[29.49195,41.1254],[29.49313,41.12537],[29.49399,41.12673],[29.49575,41.12697],[29.49755,41.12626],[29.49796,41.12532],[29.4994,41.12464],[29.50266,41.12508],[29.50358,41.12424],[29.50377,41.12215],[29.50457,41.12182],[29.508,41.12241],[29.50852,41.12414],[29.51049,41.12443],[29.51027,41.12097],[29.51133,41.12046],[29.51315,41.12107],[29.51317,41.12311],[29.51409,41.12429],[29.5149,41.12444],[29.51995,41.12783],[29.52261,41.12983],[29.52409,41.13059],[29.52549,41.13216],[29.52798,41.13589],[29.53208,41.13735],[29.53575,41.13735],[29.53744,41.13783],[29.5415,41.13811],[29.54416,41.13953],[29.54619,41.1414],[29.54713,41.14293],[29.55022,41.14363],[29.55029,41.1468],[29.55144,41.14919],[29.5506,41.15024],[29.55026,41.15169],[29.55255,41.15447],[29.55411,41.15492],[29.5554,41.15864],[29.55554,41.16037],[29.55656,41.16027],[29.5603,41.1619],[29.56301,41.16534],[29.56255,41.16667],[29.56011,41.16811],[29.55931,41.16889],[29.56073,41.17023],[29.55963,41.17124],[29.56113,41.1726],[29.56124,41.17427]]]},"properties":{"id":9399640,"name":"Kızılcaköy Mahallesi","district_id":1275310}},{"type":"Feature","geometry":{"type":"Polygon","coordinates":[[[29.45988,41.13867],[29.46158,41.13905],[29.46507,41.14102],[29.46792,41.1434],[29.4712,41.14423],[29.47264,41.14426],[29.47427,41.14378],[29.4743,41.14237],[29.47525,41.14103],[29.47671,41.14313],[29.47967,41.14273],[29.48196,41.1415],[29.48362,41.14165],[29.48696,41.14389],[29.48816,41.14237],[29.48977,41.14141],[29.49171,41.1412],[29.49322,41.14006],[29.49322,41.13881],[29.49211,41.13606],[29.49385,41.13513],[29.49369,41.13568],[29.49476,41.13838],[29.49583,41.14008],[29.49635,41.14489],[29.49712,41.14796],[29.49699,41.14914],[29.49759,41.15079],[29.4989,41.15131],[29.50045,41.1532],[29.50109,41.1533],[29.50285,41.15532],[29.50407,41.1591],[29.50482,41.1601],[29.5057,41.16278],[29.50766,41.16494],[29.5098,41.16635],[29.51019,41.16919],[29.51216,41.1694],[29.51384,41.16866],[29.51564,41.17021],[29.51899,41.17131],[29.51965,41.17268],[29.51963,41.17381],[29.52186,41.17661],[29.52263,41.1789],[29.52547,41.18098],[29.52733,41.18114],[29.52122,41.18301],[29.51616,41.18415],[29.5138,41.18445],[29.51242,41.18505],[29.51072,41.18401],[29.50936,41.18404],[29.50634,41.18487],[29.50464,41.18491],[29.50297,41.18572],[29.4942,41.18745],[29.49084,41.18829],[29.48982,41.18831],[29.48424,41.1898],[29.48098,41.18752],[29.48063,41.18623],[29.48108,41.18151],[29.48019,41.17954],[29.48033,41.17819],[29.47989,41.17612],[29.4794,41.17551],[29.4777,41.17486],[29.47665,41.17385],[29.4739,41.17275],[29.47175,41.17072],[29.47185,41.16984],[29.47134,41.1669],[29.47023,41.16577],[29.46722,41.16339],[29.46714,41.16195],[29.46801,41.16026],[29.46668,41.15799],[29.46626,41.15668],[29.46714,41.153],[29.46646,41.15137],[29.46508,41.14947],[29.46339,41.14632],[29.46164,41.14552],[29.46078,41.14367],[29.46006,41.143],[29.45988,41.13867]]]},"properties":{"id":9399739,"name":"Sofular Mahallesi","district_id":1275310}},{"type":"Feature","geometry":{"type":"Polygon","coordinates":[[[29.43176,41.14336],[29.43245,41.14256],[29.43695,41.14128],[29.43772,41.1406],[29.43815,41.13834],[29.43801,41.13717],[29.4402,41.13537],[29.44155,41.13502],[29.44786,41.13802],[29.44911,41.1381],[29.45206,41.13761],[29.45441,41.13818],[29.45988,41.13867],[29.46006,41.143],[29.46078,41.14367],[29.46164,41.14552],[29.46339,41.14632],[29.46508,41.14947],[29.46646,41.15137],[29.46714,41.153],[29.46626,41.15668],[29.46668,41.15799],[29.46801,41.16026],[29.46714,41.16195],[29.46722,41.16339],[29.47023,41.16577],[29.47134,41.1669],[29.47185,41.16984],[29.47175,41.17072],[29.4739,41.17275],[29.47665,41.17385],[29.4777,41.17486],[29.4794,41.17551],[29.47989,41.17612],[29.48033,41.17819],[29.48019,41.17954],[29.48108,41.18151],[29.48063,41.18623],[29.48098,41.18752],[29.48424,41.1898],[29.4814,41.19042],[29.47738,41.19192],[29.46996,41.19336],[29.46761,41.19418],[29.46357,41.19517],[29.46124,41.19637],[29.45484,41.19805],[29.4503,41.19814],[29.44993,41.19334],[29.45075,41.19085],[29.44791,41.18724],[29.44689,41.18518],[29.44543,41.18424],[29.44418,41.18402],[29.44345,41.18262],[29.44097,41.18146],[29.44125,41.17994],[29.4442,41.17782],[29.44491,41.177],[29.4447,41.17526],[29.44296,41.17427],[29.44171,41.17419],[29.44177,41.1726],[29.43915,41.17031],[29.43727,41.16903],[29.43549,41.16629],[29.43383,41.16529],[29.43192,41.1647],[29.43045,41.16157],[29.43166,41.15855],[29.4337,41.15624],[29.43639,41.15572],[29.43684,41.15484],[29.43656,41.15311],[29.4356,41.15038],[29.43419,41.14947],[29.43209,41.1451],[29.43176,41.14336]]]},"properties":{"id":9399740,"name":"Alacalı Mahallesi","district_id":1275310}},{"type":"Feature","geometry":{"type":"Polygon","coordinates":[[[29.40724,41.14425],[29.4073,41.14207],[29.4099,41.13986],[29.41013,41.1378],[29.41331,41.13706],[29.41389,41.1364],[29.41612,41.13569],[29.41751,41.13569],[29.42002,41.13641],[29.42455,41.13664],[29.42861,41.13834],[29.43,41.13982],[29.43159,41.14086],[29.43176,41.14336],[29.43209,41.1451],[29.43419,41.14947],[29.4356,41.15038],[29.43656,41.15311],[29.43684,41.15484],[29.43639,41.15572],[29.4337,41.15624],[29.43166,41.15855],[29.43045,41.16157],[29.43192,41.1647],[29.43383,41.16529],[29.43549,41.16629],[29.43727,41.16903],[29.43915,41.17031],[29.44177,41.1726],[29.44171,41.17419],[29.44296,41.17427],[29.4447,41.17526],[29.44491,41.177],[29.4442,41.17782],[29.44125,41.17994],[29.44097,41.18146],[29.44345,41.18262],[29.44418,41.18402],[29.44543,41.18424],[29.44689,41.18518],[29.44791,41.18724],[29.45075,41.19085],[29.44993,41.19334],[29.4503,41.19814],[29.44808,41.19817],[29.44063,41.19976],[29.4393,41.20043],[29.43535,41.20146],[29.4323,41.19969],[29.43103,41.19691],[29.42953,41.19484],[29.42777,41.1929],[29.4267,41.19],[29.42517,41.18825],[29.42249,41.18583],[29.41734,41.18225],[29.41597,41.18037],[29.41314,41.17929],[29.41086,41.17756],[29.4097,41.17348],[29.40994,41.17],[29.4088,41.16695],[29.40844,41.16508],[29.40711,41.16438],[29.40458,41.15702],[29.40539,41.15632],[29.40314,41.1548],[29.40189,41.15165],[29.40335,41.1492],[29.40466,41.14792],[29.40771,41.14606],[29.40797,41.14542],[29.40724,41.14425]]]},"properties":{"id":9399760,"name":"Doğancılı Mahallesi","district_id":1275310}},{"type":"Feature","geometry":{"type":"Polygon","coordinates":[[[29.38123,41.14876],[29.3809,41.14732],[29.37913,41.14543],[29.37794,41.14302],[29.37729,41.14264],[29.37286,41.14166],[29.3676,41.14211],[29.36397,41.14093],[29.36509,41.13778],[29.3654,41.13433],[29.36479,41.13247],[29.36301,41.13002],[29.3605,41.12763],[29.36081,41.12669],[29.35911,41.12536],[29.36175,41.12537],[29.36282,41.12481],[29.3669,41.12268],[29.36806,41.12308],[29.36973,41.12458],[29.37282,41.12584],[29.37715,41.12321],[29.37831,41.12294],[29.3801,41.12106],[29.38046,41.11745],[29.38177,41.11296],[29.38245,41.11234],[29.38205,41.11136],[29.38247,41.10895],[29.38452,41.10886],[29.38475,41.10821],[29.38731,41.10659],[29.38919,41.10618],[29.39054,41.10505],[29.39159,41.10293],[29.39443,41.10219],[29.3984,41.10012],[29.40137,41.09999],[29.40269,41.10123],[29.40535,41.10301],[29.4073,41.10341],[29.41141,41.10284],[29.41321,41.10301],[29.41655,41.10658],[29.41747,41.10722],[29.42073,41.11186],[29.4271,41.1148],[29.42727,41.11752],[29.42974,41.12126],[29.42936,41.12436],[29.44016,41.13453],[29.4402,41.13537],[29.43801,41.13717],[29.43815,41.13834],[29.43772,41.1406],[29.43695,41.14128],[29.43245,41.14256],[29.43176,41.14336],[29.43159,41.14086],[29.43,41.13982],[29.42861,41.13834],[29.42455,41.13664],[29.42002,41.13641],[29.41751,41.13569],[29.41612,41.13569],[29.41389,41.1364],[29.41331,41.13706],[29.41013,41.1378],[29.4099,41.13986],[29.4073,41.14207],[29.40724,41.14425],[29.40482,41.1439],[29.39883,41.13965],[29.39658,41.13996],[29.39474,41.14092],[29.39337,41.14116],[29.39228,41.14275],[29.39152,41.14466],[29.39143,41.14589],[29.38977,41.1466],[29.38868,41.14784],[29.38628,41.1469],[29.38517,41.14692],[29.3838,41.14831],[29.38123,41.14876]]]},"properties":{"id":9399761,"name":"Avcıkoru Mahallesi","district_id":1275310}},{"type":"Feature","geometry":{"type":"Polygon","coordinates":[[[29.5197,41.12046],[29.51806,41.11915],[29.51701,41.11905],[29.51499,41.12066],[29.51606,41.12232],[29.51604,41.12363],[29.5149,41.12444],[29.51409,41.12429],[29.51317,41.12311],[29.51315,41.12107],[29.51133,41.12046],[29.51027,41.12097],[29.51049,41.12443],[29.50852,41.12414],[29.508,41.12241],[29.50457,41.12182],[29.50377,41.12215],[29.50358,41.12424],[29.50266,41.12508],[29.4994,41.12464],[29.49796,41.12532],[29.49755,41.12626],[29.49575,41.12697],[29.49399,41.12673],[29.49313,41.12537],[29.49195,41.1254],[29.48946,41.12468],[29.48768,41.12456],[29.48712,41.12552],[29.48716,41.12728],[29.48845,41.12922],[29.49075,41.13053],[29.49272,41.13231],[29.49385,41.13513],[29.49211,41.13606],[29.49322,41.13881],[29.49322,41.14006],[29.49171,41.1412],[29.48977,41.14141],[29.48816,41.14237],[29.48696,41.14389],[29.48362,41.14165],[29.48196,41.1415],[29.47967,41.14273],[29.47671,41.14313],[29.47525,41.14103],[29.4743,41.14237],[29.47427,41.14378],[29.47264,41.14426],[29.4712,41.14423],[29.46792,41.1434],[29.46507,41.14102],[29.46158,41.13905],[29.45988,41.13867],[29.46056,41.1336],[29.46146,41.13025],[29.46384,41.12325],[29.46618,41.11434],[29.46794,41.11208],[29.46917,41.10846],[29.47066,41.10567],[29.47035,41.103],[29.47192,41.10179],[29.47317,41.09824],[29.47468,41.09474],[29.47486,41.09376],[29.4785,41.09666],[29.48209,41.09924],[29.48432,41.09941],[29.486,41.10021],[29.48782,41.1002],[29.49033,41.10245],[29.49129,41.10468],[29.49493,41.10259],[29.4968,41.1022],[29.49818,41.10302],[29.50288,41.10337],[29.50526,41.10192],[29.5062,41.1025],[29.50795,41.10272],[29.51036,41.10347],[29.51235,41.10221],[29.5158,41.10485],[29.51804,41.10496],[29.51924,41.10591],[29.51988,41.10731],[29.52131,41.10766],[29.52128,41.11098],[29.52177,41.11342],[29.52229,41.11411],[29.52256,41.11608],[29.52162,41.11678],[29.52085,41.11935],[29.5197,41.12046]]]},"properties":{"id":9399808,"name":"Yeşilvadi Mahallesi","district_id":1275310}},{"type":"Feature","geometry":{"type":"Polygon","coordinates":[[[29.47463,41.0503],[29.47686,41.05094],[29.4793,41.0513],[29.47889,41.053],[29.47937,41.05444],[29.47907,41.05549],[29.47941,41.0579],[29.47819,41.05801],[29.47533,41.059],[29.47531,41.05963],[29.47771,41.06243],[29.4801,41.06248],[29.48153,41.06497],[29.48368,41.06657],[29.48544,41.06863],[29.4864,41.06864],[29.48937,41.06775],[29.49215,41.06796],[29.49675,41.06769],[29.49988,41.06813],[29.50299,41.06788],[29.50535,41.06803],[29.5072,41.06885],[29.50831,41.06989],[29.50836,41.07237],[29.5088,41.07336],[29.51027,41.07419],[29.5085,41.0747],[29.50811,41.07585],[29.5055,41.07926],[29.50269,41.07853],[29.5011,41.07929],[29.49854,41.08353],[29.49479,41.08627],[29.495,41.08756],[29.49726,41.08793],[29.49972,41.0891],[29.50043,41.09134],[29.50168,41.09367],[29.50292,41.09522],[29.50054,41.09552],[29.49698,41.09691],[29.49271,41.09802],[29.49061,41.09733],[29.48975,41.09741],[29.48938,41.09935],[29.49,41.09957],[29.49033,41.10245],[29.48782,41.1002],[29.486,41.10021],[29.48432,41.09941],[29.48209,41.09924],[29.4785,41.09666],[29.47486,41.09376],[29.47586,41.09142],[29.47715,41.08968],[29.48119,41.08866],[29.48318,41.08919],[29.48571,41.08913],[29.48743,41.08806],[29.48797,41.08651],[29.48752,41.08575],[29.48462,41.0844],[29.48267,41.08424],[29.47704,41.08298],[29.47599,41.08211],[29.47389,41.08125],[29.47683,41.07984],[29.47599,41.07882],[29.4743,41.07827],[29.47374,41.07701],[29.47202,41.07653],[29.47082,41.07567],[29.46945,41.07318],[29.46975,41.0703],[29.47056,41.06802],[29.47048,41.06663],[29.46859,41.0651],[29.4685,41.06331],[29.46784,41.06193],[29.46295,41.05941],[29.46136,41.05905],[29.46007,41.05789],[29.46044,41.05544],[29.4599,41.05446],[29.45998,41.05319],[29.45909,41.05113],[29.46027,41.05087],[29.46579,41.05144],[29.4679,41.05189],[29.46969,41.05124],[29.47186,41.04994],[29.47463,41.0503]]]},"properties":{"id":9399866,"name":"Bıçkıdere Mahallesi","district_id":1275310}},{"type":"Feature","geometry":{"type":"Polygon","coordinates":[[[29.41161,41.02666],[29.41377,41.02661],[29.41692,41.02512],[29.41956,41.02337],[29.42192,41.02285],[29.42432,41.02155],[29.42701,41.02134],[29.42882,41.02058],[29.4301,41.02068],[29.43071,41.01977],[29.42871,41.01671],[29.42832,41.01537],[29.42932,41.01439],[29.43067,41.01405],[29.43318,41.01442],[29.43482,41.01173],[29.43334,41.00977],[29.4336,41.0087],[29.43496,41.00852],[29.43579,41.01009],[29.43676,41.0103],[29.4381,41.00921],[29.43767,41.00778],[29.4364,41.00596],[29.43551,41.00534],[29.4346,41.00366],[29.43444,41.00259],[29.43522,41.00202],[29.43723,41.00151],[29.43982,40.99977],[29.4408,40.99863],[29.4406,40.99729],[29.44145,40.99643],[29.44254,40.99643],[29.44534,40.99833],[29.44599,40.99833],[29.44801,40.99836],[29.44955,40.999],[29.45339,41.00242],[29.45789,41.00435],[29.46279,41.00792],[29.46619,41.00902],[29.47105,41.01379],[29.47582,41.01639],[29.47591,41.01803],[29.48036,41.02017],[29.48133,41.02042],[29.48364,41.02378],[29.48384,41.02491],[29.48364,41.02998],[29.48947,41.03199],[29.49343,41.03392],[29.49229,41.03621],[29.49166,41.03662],[29.48952,41.03589],[29.48815,41.0368],[29.48888,41.0378],[29.48837,41.03913],[29.48565,41.04056],[29.48529,41.04148],[29.4866,41.0423],[29.48667,41.04319],[29.48567,41.04402],[29.48462,41.04356],[29.4837,41.04226],[29.48185,41.04237],[29.48175,41.0453],[29.47923,41.04638],[29.47788,41.04601],[29.4772,41.04487],[29.47623,41.04483],[29.47523,41.04592],[29.4759,41.04901],[29.47463,41.0503],[29.47186,41.04994],[29.46969,41.05124],[29.4679,41.05189],[29.46579,41.05144],[29.46027,41.05087],[29.45909,41.05113],[29.45998,41.05319],[29.4599,41.05446],[29.46044,41.05544],[29.46007,41.05789],[29.46136,41.05905],[29.46295,41.05941],[29.46784,41.06193],[29.4685,41.06331],[29.46859,41.0651],[29.47048,41.06663],[29.47056,41.06802],[29.46975,41.0703],[29.46945,41.07318],[29.47082,41.07567],[29.47202,41.07653],[29.47374,41.07701],[29.4743,41.07827],[29.47599,41.07882],[29.47683,41.07984],[29.47389,41.08125],[29.47599,41.08211],[29.47704,41.08298],[29.48267,41.08424],[29.48462,41.0844],[29.48752,41.08575],[29.48797,41.08651],[29.48743,41.08806],[29.48571,41.08913],[29.48318,41.08919],[29.48119,41.08866],[29.47715,41.08968],[29.47586,41.09142],[29.47486,41.09376],[29.47468,41.09474],[29.47317,41.09824],[29.47029,41.0989],[29.4673,41.09867],[29.46361,41.09813],[29.46246,41.09724],[29.45947,41.09694],[29.45711,41.09888],[29.45405,41.09973],[29.45401,41.0981],[29.45491,41.09686],[29.45685,41.09542],[29.45711,41.09432],[29.45661,41.09352],[29.45697,41.09178],[29.45548,41.08972],[29.45394,41.08929],[29.44982,41.08719],[29.44907,41.08563],[29.44623,41.08325],[29.4447,41.08026],[29.44404,41.07961],[29.4436,41.0778],[29.44193,41.07664],[29.44049,41.07704],[29.44102,41.07517],[29.43674,41.06855],[29.43685,41.06778],[29.43613,41.06514],[29.43415,41.06411],[29.43278,41.06463],[29.43029,41.06385],[29.42893,41.06383],[29.43006,41.06038],[29.43043,41.0585],[29.42966,41.0551],[29.42914,41.05423],[29.42605,41.05292],[29.42441,41.05107],[29.42048,41.04831],[29.41678,41.04801],[29.41366,41.04537],[29.41364,41.04389],[29.41159,41.04209],[29.41167,41.04033],[29.41299,41.03788],[29.41211,41.03606],[29.41226,41.03362],[29.41191,41.03131],[29.41161,41.02666]]]},"properties":{"id":9399878,"name":"Kervansaray Mahallesi","district_id":1275310}},{"type":"Feature","geometry":{"type":"Polygon","coordinates":[[[29.3761,41.05723],[29.37613,41.05217],[29.37827,41.04896],[29.37532,41.04211],[29.37665,41.03868],[29.37591,41.03489],[29.37944,41.03329],[29.38431,41.02892],[29.38933,41.02762],[29.39908,41.02453],[29.40468,41.02379],[29.4092,41.02524],[29.41161,41.02666],[29.41191,41.03131],[29.41226,41.03362],[29.41211,41.03606],[29.41299,41.03788],[29.41167,41.04033],[29.41159,41.04209],[29.41364,41.04389],[29.41366,41.04537],[29.41678,41.04801],[29.42048,41.04831],[29.42441,41.05107],[29.42605,41.05292],[29.42914,41.05423],[29.42966,41.0551],[29.43043,41.0585],[29.43006,41.06038],[29.42893,41.06383],[29.4266,41.06462],[29.42642,41.06795],[29.42494,41.06938],[29.42351,41.06963],[29.42255,41.06918],[29.42172,41.06987],[29.41966,41.07052],[29.41998,41.07307],[29.41959,41.07408],[29.41756,41.07481],[29.41618,41.07586],[29.4132,41.07578],[29.41107,41.07597],[29.40977,41.07722],[29.40805,41.07777],[29.40574,41.07771],[29.40398,41.07804],[29.40265,41.07872],[29.40019,41.07924],[29.39844,41.08086],[29.39562,41.08163],[29.39448,41.08139],[29.39381,41.07973],[29.39479,41.07785],[29.39149,41.07601],[29.39163,41.07514],[29.38785,41.07354],[29.38728,41.07269],[29.39036,41.07197],[29.38943,41.07088],[29.38714,41.07052],[29.385,41.06967],[29.38468,41.06859],[29.3835,41.06771],[29.3824,41.06623],[29.38204,41.06428],[29.3798,41.06264],[29.37843,41.05998],[29.3761,41.05723]]]},"properties":{"id":9399909,"name":"Esenceli Mahallesi","district_id":1275310}},{"type":"Feature","geometry":{"type":"Polygon","coordinates":[[[29.45548,41.08972],[29.45349,41.09084],[29.44999,41.09048],[29.44673,41.08945],[29.44364,41.0878],[29.44179,41.08795],[29.44136,41.0885],[29.43918,41.0894],[29.43842,41.09089],[29.43729,41.09144],[29.4372,41.09251],[29.4363,41.09349],[29.43377,41.09411],[29.43244,41.09483],[29.43171,41.09618],[29.42909,41.09799],[29.42647,41.09791],[29.42478,41.09679],[29.42111,41.09642],[29.41899,41.09642],[29.41884,41.09696],[29.41698,41.09882],[29.41662,41.10104],[29.41468,41.10235],[29.4128,41.10221],[29.41141,41.10284],[29.4073,41.10341],[29.40535,41.10301],[29.40269,41.10123],[29.40137,41.09999],[29.40199,41.09853],[29.40203,41.09638],[29.40039,41.09426],[29.39914,41.09382],[29.39798,41.09334],[29.39514,41.09367],[29.39346,41.09317],[29.39339,41.0921],[29.39201,41.09071],[29.39016,41.08964],[29.39026,41.08874],[29.39207,41.08849],[29.39346,41.08693],[29.39544,41.08675],[29.39943,41.08591],[29.39963,41.08245],[29.39562,41.08163],[29.39844,41.08086],[29.40019,41.07924],[29.40265,41.07872],[29.40398,41.07804],[29.40574,41.07771],[29.40805,41.07777],[29.40977,41.07722],[29.41107,41.07597],[29.4132,41.07578],[29.41618,41.07586],[29.41756,41.07481],[29.41959,41.07408],[29.41998,41.07307],[29.41966,41.07052],[29.42172,41.06987],[29.42255,41.06918],[29.42351,41.06963],[29.42494,41.06938],[29.42642,41.06795],[29.4266,41.06462],[29.42893,41.06383],[29.43029,41.06385],[29.43278,41.06463],[29.43415,41.06411],[29.43613,41.06514],[29.43685,41.06778],[29.43674,41.06855],[29.44102,41.07517],[29.44049,41.07704],[29.44193,41.07664],[29.4436,41.0778],[29.44404,41.07961],[29.4447,41.08026],[29.44623,41.08325],[29.44907,41.08563],[29.44982,41.08719],[29.45394,41.08929],[29.45548,41.08972]]]},"properties":{"id":9399910,"name":"Kömürlük Mahallesi","district_id":1275310}},{"type":"Feature","geometry":{"type":"Polygon","coordinates":[[[29.4402,41.13537],[29.44016,41.13453],[29.42936,41.12436],[29.42974,41.12126],[29.42727,41.11752],[29.4271,41.1148],[29.42073,41.11186],[29.41747,41.10722],[29.41655,41.10658],[29.41321,41.10301],[29.41141,41.10284],[29.4128,41.10221],[29.41468,41.10235],[29.41662,41.10104],[29.41698,41.09882],[29.41884,41.09696],[29.41899,41.09642],[29.42111,41.09642],[29.42478,41.09679],[29.42647,41.09791],[29.42909,41.09799],[29.43171,41.09618],[29.43244,41.09483],[29.43377,41.09411],[29.4363,41.09349],[29.4372,41.09251],[29.43729,41.09144],[29.43842,41.09089],[29.43918,41.0894],[29.44136,41.0885],[29.44179,41.08795],[29.44364,41.0878],[29.44673,41.08945],[29.44999,41.09048],[29.45349,41.09084],[29.45548,41.08972],[29.45697,41.09178],[29.45661,41.09352],[29.45711,41.09432],[29.45685,41.09542],[29.45491,41.09686],[29.45401,41.0981],[29.45405,41.09973],[29.45711,41.09888],[29.45947,41.09694],[29.46246,41.09724],[29.46361,41.09813],[29.4673,41.09867],[29.47029,41.0989],[29.47317,41.09824],[29.47192,41.10179],[29.47035,41.103],[29.47066,41.10567],[29.46917,41.10846],[29.46794,41.11208],[29.46618,41.11434],[29.46384,41.12325],[29.46146,41.13025],[29.46056,41.1336],[29.45988,41.13867],[29.45441,41.13818],[29.45206,41.13761],[29.44911,41.1381],[29.44786,41.13802],[29.44155,41.13502],[29.4402,41.13537]]]},"properties":{"id":9399929,"name":"Üvezli Mahallesi","district_id":1275310}},{"type":"Feature","geometry":{"type":"Polygon","coordinates":[[[29.43535,41.20146],[29.4319,41.20264],[29.43088,41.20266],[29.42618,41.20405],[29.42451,41.20485],[29.42146,41.20517],[29.41776,41.20628],[29.41506,41.20685],[29.41137,41.20795],[29.41038,41.20874],[29.4087,41.20929],[29.40397,41.20928],[29.40192,41.20994],[29.39989,41.21027],[29.3961,41.21212],[29.39458,41.21242],[29.3924,41.2122],[29.3915,41.21299],[29.39015,41.21327],[29.38953,41.21495],[29.38905,41.21421],[29.38752,41.21339],[29.38705,41.21204],[29.38582,41.21033],[29.38546,41.20899],[29.38352,41.20751],[29.38089,41.20696],[29.37964,41.20605],[29.37933,41.20496],[29.3804,41.20342],[29.38499,41.20363],[29.38701,41.20301],[29.38858,41.20157],[29.39091,41.19989],[29.39074,41.19825],[29.38783,41.19682],[29.3857,41.19395],[29.38594,41.19303],[29.38389,41.18876],[29.38463,41.18598],[29.38474,41.18411],[29.3866,41.1831],[29.38824,41.18282],[29.38838,41.1817],[29.38553,41.17887],[29.38444,41.17536],[29.38356,41.17331],[29.38298,41.17056],[29.37961,41.16289],[29.37813,41.15987],[29.37911,41.15704],[29.37745,41.15199],[29.37887,41.15015],[29.38105,41.14942],[29.38123,41.14876],[29.3838,41.14831],[29.38517,41.14692],[29.38628,41.1469],[29.38868,41.14784],[29.38977,41.1466],[29.39143,41.14589],[29.39152,41.14466],[29.39228,41.14275],[29.39337,41.14116],[29.39474,41.14092],[29.39658,41.13996],[29.39883,41.13965],[29.40482,41.1439],[29.40724,41.14425],[29.40797,41.14542],[29.40771,41.14606],[29.40466,41.14792],[29.40335,41.1492],[29.40189,41.15165],[29.40314,41.1548],[29.40539,41.15632],[29.40458,41.15702],[29.40711,41.16438],[29.40844,41.16508],[29.4088,41.16695],[29.40994,41.17],[29.4097,41.17348],[29.41086,41.17756],[29.41314,41.17929],[29.41597,41.18037],[29.41734,41.18225],[29.42249,41.18583],[29.42517,41.18825],[29.4267,41.19],[29.42777,41.1929],[29.42953,41.19484],[29.43103,41.19691],[29.4323,41.19969],[29.43535,41.20146]]]},"properties":{"id":9400038,"name":"Sahilköy Mahallesi","district_id":1275310}},{"type":"Feature","geometry":{"type":"Polygon","coordinates":[[[28.88609,41.04157],[28.88481,41.04398],[28.88471,41.04551],[28.88488,41.04735],[28.88051,41.04898],[28.87939,41.04989],[28.87538,41.0509],[28.87761,41.04757],[28.87995,41.04386],[28.88149,41.04074],[28.88249,41.03758],[28.88386,41.03701],[28.88609,41.03692],[28.88501,41.03815],[28.8836,41.04051],[28.88609,41.04157]]]},"properties":{"id":9421907,"name":"Fevzi Çakmak Mahallesi","district_id":1766101}},{"type":"Feature","geometry":{"type":"Polygon","coordinates":[[[28.88546,41.034],[28.88738,41.03387],[28.89346,41.03416],[28.89281,41.03494],[28.88871,41.03579],[28.88609,41.03692],[28.88386,41.03701],[28.88249,41.03758],[28.88546,41.034]]]},"properties":{"id":9421908,"name":"Mimar Sinan Mahallesi","district_id":1766101}},{"type":"Feature","geometry":{"type":"Polygon","coordinates":[[[28.88546,41.034],[28.88249,41.03758],[28.87847,41.039],[28.87643,41.03907],[28.87254,41.03848],[28.87443,41.0368],[28.87649,41.03185],[28.87836,41.03213],[28.88464,41.03396],[28.88546,41.034]]]},"properties":{"id":9422004,"name":"Nine Hatun Mahallesi","district_id":1766101}},{"type":"Feature","geometry":{"type":"Polygon","coordinates":[[[28.87135,41.04152],[28.87179,41.04105],[28.87254,41.03848],[28.87643,41.03907],[28.87847,41.039],[28.88249,41.03758],[28.88149,41.04074],[28.87995,41.04386],[28.87789,41.04425],[28.87512,41.04526],[28.87454,41.04342],[28.87135,41.04152]]]},"properties":{"id":9422033,"name":"Menderes Mahallesi","district_id":1766101}},{"type":"Feature","geometry":{"type":"Polygon","coordinates":[[[28.86111,41.04027],[28.86637,41.03925],[28.8688,41.0385],[28.87122,41.03845],[28.87254,41.03848],[28.87179,41.04105],[28.87135,41.04152],[28.86884,41.04391],[28.86859,41.04514],[28.86774,41.04486],[28.86397,41.04532],[28.86281,41.04339],[28.85946,41.04338],[28.86016,41.04275],[28.86111,41.04027]]]},"properties":{"id":9422081,"name":"Fatih Mahallesi","district_id":1766101}},{"type":"Feature","geometry":{"type":"Polygon","coordinates":[[[28.86772,41.04596],[28.86859,41.04514],[28.86884,41.04391],[28.87135,41.04152],[28.87454,41.04342],[28.87512,41.04526],[28.87789,41.04425],[28.87995,41.04386],[28.87761,41.04757],[28.87463,41.04923],[28.87192,41.04669],[28.86927,41.04823],[28.86772,41.04596]]]},"properties":{"id":9422082,"name":"Kazım Karabekir Mahallesi","district_id":1766101}},{"type":"Feature","geometry":{"type":"Polygon","coordinates":[[[28.86772,41.04596],[28.86607,41.04779],[28.86515,41.05198],[28.86581,41.05376],[28.86353,41.05448],[28.86342,41.0545],[28.8598,41.0547],[28.85521,41.05569],[28.85491,41.05494],[28.85646,41.05406],[28.85768,41.05248],[28.85971,41.04888],[28.85995,41.04809],[28.85978,41.04477],[28.85946,41.04338],[28.86281,41.04339],[28.86397,41.04532],[28.86774,41.04486],[28.86859,41.04514],[28.86772,41.04596]]]},"properties":{"id":9422209,"name":"Tuna Mahallesi","district_id":1766101}},{"type":"Feature","geometry":{"type":"Polygon","coordinates":[[[28.87499,41.05323],[28.87538,41.0509],[28.87939,41.04989],[28.88051,41.04898],[28.88488,41.04735],[28.88583,41.0535],[28.88598,41.05632],[28.88587,41.0587],[28.88547,41.05774],[28.88385,41.05644],[28.88231,41.05639],[28.87928,41.05692],[28.87684,41.05782],[28.87499,41.05323]]]},"properties":{"id":9423100,"name":"Kemer Mahallesi","district_id":1766101}},{"type":"Feature","geometry":{"type":"Polygon","coordinates":[[[28.87761,41.04757],[28.87538,41.0509],[28.87499,41.05323],[28.87299,41.0544],[28.86913,41.054],[28.86636,41.0542],[28.86581,41.05376],[28.86515,41.05198],[28.86607,41.04779],[28.86772,41.04596],[28.86927,41.04823],[28.87192,41.04669],[28.87463,41.04923],[28.87761,41.04757]]]},"properties":{"id":9423101,"name":"Birlik Mahallesi","district_id":1766101}},{"type":"Feature","geometry":{"type":"Polygon","coordinates":[[[28.86581,41.05376],[28.86636,41.0542],[28.86913,41.054],[28.87299,41.0544],[28.87499,41.05323],[28.87684,41.05782],[28.87174,41.05977],[28.87107,41.06157],[28.86872,41.06227],[28.86689,41.0602],[28.86656,41.05901],[28.86353,41.05448],[28.86581,41.05376]]]},"properties":{"id":9423103,"name":"Atışalanı Mahallesi","district_id":1766101}},{"type":"Feature","geometry":{"type":"Polygon","coordinates":[[[28.86872,41.06227],[28.86645,41.06466],[28.86269,41.06569],[28.8611,41.06399],[28.85974,41.06198],[28.85917,41.06024],[28.86022,41.05733],[28.86164,41.05574],[28.86342,41.0545],[28.86353,41.05448],[28.86656,41.05901],[28.86689,41.0602],[28.86872,41.06227]]]},"properties":{"id":9423121,"name":"Turgut Reis Mahallesi","district_id":1766101}},{"type":"Feature","geometry":{"type":"Polygon","coordinates":[[[28.85521,41.05569],[28.8598,41.0547],[28.86342,41.0545],[28.86164,41.05574],[28.86022,41.05733],[28.85917,41.06024],[28.85974,41.06198],[28.8611,41.06399],[28.86269,41.06569],[28.86645,41.06466],[28.86872,41.06227],[28.87107,41.06157],[28.87236,41.06577],[28.87348,41.07009],[28.87441,41.0715],[28.87489,41.0744],[28.87372,41.07536],[28.86927,41.0728],[28.86777,41.07256],[28.86977,41.07464],[28.87103,41.0764],[28.87436,41.0816],[28.87096,41.08528],[28.86897,41.08668],[28.86624,41.0882],[28.86491,41.08941],[28.86316,41.09077],[28.86164,41.09286],[28.85882,41.09597],[28.85745,41.09812],[28.85528,41.10064],[28.85411,41.10241],[28.85188,41.10629],[28.85061,41.10748],[28.85015,41.10595],[28.85054,41.10158],[28.84904,41.09774],[28.84693,41.09519],[28.84508,41.09032],[28.84331,41.08388],[28.84284,41.08288],[28.83987,41.07823],[28.83843,41.0753],[28.83733,41.07231],[28.8338,41.06889],[28.83616,41.06805],[28.83976,41.0659],[28.84149,41.06525],[28.84475,41.06519],[28.84726,41.06624],[28.84834,41.06714],[28.85107,41.06958],[28.85294,41.07168],[28.85407,41.07224],[28.85595,41.07242],[28.85767,41.07217],[28.86023,41.07122],[28.85654,41.06618],[28.85493,41.06225],[28.85476,41.06034],[28.85521,41.05569]]]},"properties":{"id":9423122,"name":"Oruçreis Mahallesi","district_id":1766101}},{"type":"Feature","geometry":{"type":"Polygon","coordinates":[[[28.85719,41.02723],[28.8575,41.02233],[28.85844,41.02026],[28.86015,41.01756],[28.86308,41.01905],[28.86241,41.02057],[28.86256,41.02134],[28.86126,41.02263],[28.85948,41.02557],[28.85902,41.02762],[28.85719,41.02723]]]},"properties":{"id":9423794,"name":"Yenigün Mahallesi","district_id":1766098}},{"type":"Feature","geometry":{"type":"Polygon","coordinates":[[[28.87119,41.02784],[28.87269,41.02795],[28.87232,41.03158],[28.87157,41.03391],[28.87135,41.03747],[28.86912,41.03612],[28.86739,41.03477],[28.86548,41.03431],[28.86371,41.03341],[28.85828,41.03444],[28.85675,41.03457],[28.85662,41.03384],[28.85626,41.03135],[28.85656,41.03016],[28.85719,41.02723],[28.85902,41.02762],[28.85909,41.02873],[28.86309,41.02981],[28.86521,41.02948],[28.86741,41.02948],[28.86917,41.02909],[28.87119,41.02784]]]},"properties":{"id":9423795,"name":"Merkez Mahallesi","district_id":1766098}},{"type":"Feature","geometry":{"type":"Polygon","coordinates":[[[28.84846,41.02143],[28.85459,41.02112],[28.85538,41.01995],[28.85847,41.01914],[28.85844,41.02026],[28.8575,41.02233],[28.85719,41.02723],[28.85656,41.03016],[28.8548,41.02968],[28.85184,41.027],[28.84852,41.02462],[28.84754,41.02425],[28.84846,41.02143]]]},"properties":{"id":9423797,"name":"Yıldıztepe Mahallesi","district_id":1766098}},{"type":"Feature","geometry":{"type":"Polygon","coordinates":[[[28.84834,41.06714],[28.84737,41.06387],[28.84771,41.06294],[28.84586,41.06178],[28.84388,41.06126],[28.8414,41.06151],[28.84541,41.05837],[28.84801,41.05692],[28.84944,41.0563],[28.85165,41.05558],[28.85491,41.05494],[28.85521,41.05569],[28.85476,41.06034],[28.85493,41.06225],[28.85654,41.06618],[28.86023,41.07122],[28.85767,41.07217],[28.85595,41.07242],[28.85407,41.07224],[28.85294,41.07168],[28.85107,41.06958],[28.84834,41.06714]]]},"properties":{"id":9424008,"name":"100. Yıl Mahallesi","district_id":1766098}},{"type":"Feature","geometry":{"type":"Polygon","coordinates":[[[28.8302,41.04531],[28.83028,41.05011],[28.82997,41.05292],[28.82871,41.05429],[28.8295,41.05588],[28.83092,41.05748],[28.83241,41.06146],[28.83283,41.06321],[28.83258,41.06632],[28.83297,41.06804],[28.82898,41.06967],[28.82367,41.06995],[28.81978,41.07075],[28.81765,41.07074],[28.81585,41.06988],[28.81408,41.06998],[28.81344,41.06857],[28.8136,41.0674],[28.81378,41.06518],[28.81325,41.06382],[28.81163,41.06129],[28.81003,41.05528],[28.80837,41.04975],[28.80798,41.04579],[28.81144,41.0454],[28.81747,41.0451],[28.81989,41.04422],[28.82315,41.04476],[28.82397,41.04516],[28.82774,41.04546],[28.8302,41.04531]]]},"properties":{"id":9424009,"name":"Mahmutbey Mahallesi","district_id":1766098}},{"type":"Feature","geometry":{"type":"Polygon","coordinates":[[[28.84834,41.06714],[28.84726,41.06624],[28.84475,41.06519],[28.84149,41.06525],[28.83976,41.0659],[28.83616,41.06805],[28.8338,41.06889],[28.83297,41.06804],[28.83258,41.06632],[28.83283,41.06321],[28.83241,41.06146],[28.83092,41.05748],[28.8295,41.05588],[28.82871,41.05429],[28.82997,41.05292],[28.83285,41.05363],[28.83695,41.05428],[28.83798,41.0542],[28.84204,41.05547],[28.84801,41.05692],[28.84541,41.05837],[28.8414,41.06151],[28.84388,41.06126],[28.84586,41.06178],[28.84771,41.06294],[28.84737,41.06387],[28.84834,41.06714]]]},"properties":{"id":9424010,"name":"Göztepe Mahallesi","district_id":1766098}},{"type":"Feature","geometry":{"type":"Polygon","coordinates":[[[28.84906,41.04349],[28.84875,41.04552],[28.84915,41.04799],[28.84818,41.04927],[28.8478,41.05199],[28.84884,41.05402],[28.84944,41.0563],[28.84801,41.05692],[28.84204,41.05547],[28.83798,41.0542],[28.83859,41.05302],[28.84204,41.05069],[28.84584,41.04758],[28.84752,41.04288],[28.84906,41.04349]]]},"properties":{"id":9424011,"name":"Fatih Mahallesi","district_id":1766098}},{"type":"Feature","geometry":{"type":"Polygon","coordinates":[[[28.84637,41.04293],[28.84752,41.04288],[28.84584,41.04758],[28.84204,41.05069],[28.83859,41.05302],[28.83798,41.0542],[28.83695,41.05428],[28.83285,41.05363],[28.82997,41.05292],[28.83028,41.05011],[28.8302,41.04531],[28.83288,41.04547],[28.83428,41.04443],[28.83517,41.04474],[28.83468,41.04607],[28.83508,41.04701],[28.83726,41.04681],[28.84113,41.04357],[28.84238,41.04351],[28.84339,41.04422],[28.8451,41.04395],[28.84637,41.04293]]]},"properties":{"id":9424012,"name":"Demirkapı Mahallesi","district_id":1766098}},{"type":"Feature","geometry":{"type":"Polygon","coordinates":[[[28.85646,41.05406],[28.85491,41.05494],[28.85165,41.05558],[28.84944,41.0563],[28.84884,41.05402],[28.8478,41.05199],[28.84818,41.04927],[28.84915,41.04799],[28.84875,41.04552],[28.85007,41.04567],[28.8528,41.04664],[28.85444,41.04772],[28.85534,41.04974],[28.8545,41.05078],[28.85646,41.05406]]]},"properties":{"id":9424080,"name":"Kemalpaşa Mahallesi","district_id":1766098}},{"type":"Feature","geometry":{"type":"Polygon","coordinates":[[[28.85933,41.04046],[28.86111,41.04027],[28.86016,41.04275],[28.85946,41.04338],[28.85978,41.04477],[28.85995,41.04809],[28.85971,41.04888],[28.85768,41.05248],[28.85646,41.05406],[28.8545,41.05078],[28.85534,41.04974],[28.85444,41.04772],[28.8528,41.04664],[28.85007,41.04567],[28.84875,41.04552],[28.84906,41.04349],[28.85063,41.04329],[28.8547,41.04159],[28.85785,41.04058],[28.85933,41.04046]]]},"properties":{"id":9424081,"name":"Fevzi Çakmak Mahallesi","district_id":1766098}},{"type":"Feature","geometry":{"type":"Polygon","coordinates":[[[28.81096,41.02717],[28.8134,41.02666],[28.81232,41.02878],[28.81521,41.03008],[28.81864,41.03121],[28.82343,41.03172],[28.82292,41.03383],[28.82293,41.03564],[28.82513,41.03909],[28.82481,41.04172],[28.82379,41.04191],[28.82304,41.04367],[28.82315,41.04476],[28.81989,41.04422],[28.81747,41.0451],[28.81144,41.0454],[28.80798,41.04579],[28.80839,41.04375],[28.80998,41.03989],[28.81066,41.0376],[28.81084,41.03566],[28.81075,41.03044],[28.81096,41.02717]]]},"properties":{"id":9424082,"name":"15 Temmuz Mahallesi","district_id":1766098}},{"type":"Feature","geometry":{"type":"Polygon","coordinates":[[[28.8302,41.04531],[28.83271,41.04114],[28.83426,41.03789],[28.83773,41.03829],[28.84399,41.03999],[28.84587,41.04131],[28.84637,41.04293],[28.8451,41.04395],[28.84339,41.04422],[28.84238,41.04351],[28.84113,41.04357],[28.83726,41.04681],[28.83508,41.04701],[28.83468,41.04607],[28.83517,41.04474],[28.83428,41.04443],[28.83288,41.04547],[28.8302,41.04531]]]},"properties":{"id":9424874,"name":"Yenimahalle Mahallesi","district_id":1766098}},{"type":"Feature","geometry":{"type":"Polygon","coordinates":[[[28.84587,41.04131],[28.84643,41.04081],[28.84546,41.037],[28.84542,41.03585],[28.84637,41.03492],[28.84814,41.03218],[28.85007,41.03298],[28.85364,41.0338],[28.85662,41.03384],[28.85675,41.03457],[28.85531,41.0347],[28.85318,41.03659],[28.85126,41.04206],[28.85063,41.04329],[28.84906,41.04349],[28.84752,41.04288],[28.84637,41.04293],[28.84587,41.04131]]]},"properties":{"id":9424883,"name":"Yavuz Selim Mahallesi","district_id":1766098}},{"type":"Feature","geometry":{"type":"Polygon","coordinates":[[[28.83426,41.03789],[28.83349,41.03428],[28.83446,41.031],[28.83642,41.03097],[28.8393,41.03048],[28.84108,41.03052],[28.84276,41.03131],[28.84814,41.03218],[28.84637,41.03492],[28.84542,41.03585],[28.84546,41.037],[28.84643,41.04081],[28.84587,41.04131],[28.84399,41.03999],[28.83773,41.03829],[28.83426,41.03789]]]},"properties":{"id":9424884,"name":"Kirazlı Mahallesi","district_id":1766098}},{"type":"Feature","geometry":{"type":"Polygon","coordinates":[[[28.85662,41.03384],[28.85364,41.0338],[28.85007,41.03298],[28.84814,41.03218],[28.84818,41.03041],[28.84674,41.02855],[28.84721,41.02736],[28.84754,41.02425],[28.84852,41.02462],[28.85184,41.027],[28.8548,41.02968],[28.85656,41.03016],[28.85626,41.03135],[28.85662,41.03384]]]},"properties":{"id":9424885,"name":"İnönü Mahallesi","district_id":1766098}},{"type":"Feature","geometry":{"type":"Polygon","coordinates":[[[28.84453,41.02162],[28.84754,41.02425],[28.84721,41.02736],[28.84674,41.02855],[28.84818,41.03041],[28.84814,41.03218],[28.84276,41.03131],[28.84108,41.03052],[28.8393,41.03048],[28.8406,41.02755],[28.84274,41.02467],[28.84453,41.02162]]]},"properties":{"id":9424886,"name":"Kâzım Karabekir Mahallesi","district_id":1766098}},{"type":"Feature","geometry":{"type":"Polygon","coordinates":[[[28.85933,41.04046],[28.85785,41.04058],[28.8547,41.04159],[28.85063,41.04329],[28.85126,41.04206],[28.85318,41.03659],[28.85531,41.0347],[28.85675,41.03457],[28.85828,41.03444],[28.85933,41.04046]]]},"properties":{"id":9424887,"name":"Sancaktepe Mahallesi","district_id":1766098}},{"type":"Feature","geometry":{"type":"Polygon","coordinates":[[[28.85828,41.03444],[28.86371,41.03341],[28.86548,41.03431],[28.86739,41.03477],[28.86912,41.03612],[28.87135,41.03747],[28.87122,41.03845],[28.8688,41.0385],[28.86637,41.03925],[28.86111,41.04027],[28.85933,41.04046],[28.85828,41.03444]]]},"properties":{"id":9424888,"name":"Çınar Mahallesi","district_id":1766098}},{"type":"Feature","geometry":{"type":"Polygon","coordinates":[[[28.83446,41.031],[28.83502,41.0299],[28.83605,41.02618],[28.83799,41.02367],[28.83974,41.02228],[28.84149,41.02142],[28.84453,41.02162],[28.84274,41.02467],[28.8406,41.02755],[28.8393,41.03048],[28.83642,41.03097],[28.83446,41.031]]]},"properties":{"id":9424901,"name":"Barbaros Mahallesi","district_id":1766098}},{"type":"Feature","geometry":{"type":"Polygon","coordinates":[[[28.83446,41.031],[28.82931,41.03094],[28.82657,41.03154],[28.82885,41.02908],[28.82929,41.02695],[28.82819,41.02212],[28.83022,41.02213],[28.83421,41.02276],[28.83799,41.02367],[28.83605,41.02618],[28.83502,41.0299],[28.83446,41.031]]]},"properties":{"id":9424902,"name":"Hürriyet Mahallesi","district_id":1766098}},{"type":"Feature","geometry":{"type":"Polygon","coordinates":[[[29.03423,40.98371],[29.03445,40.98738],[29.03413,40.98844],[29.03476,40.98973],[29.03644,40.99116],[29.03494,40.99107],[29.03286,40.99184],[29.0302,40.99104],[29.02933,40.99235],[29.03032,40.99333],[29.02566,40.9932],[29.02399,40.99344],[29.02354,40.99276],[29.02445,40.99223],[29.02399,40.99104],[29.02709,40.98966],[29.02668,40.98863],[29.02867,40.98837],[29.02838,40.98703],[29.03107,40.98616],[29.03189,40.98519],[29.03181,40.98367],[29.03423,40.98371]]]},"properties":{"id":9426227,"name":"Osmanağa Mahallesi","district_id":1276548}},{"type":"Feature","geometry":{"type":"Polygon","coordinates":[[[29.31129,40.98512],[29.3091,40.98514],[29.30318,40.98427],[29.2989,40.98391],[29.29488,40.97987],[29.2895,40.97976],[29.29004,40.97844],[29.28933,40.97703],[29.28987,40.97564],[29.29052,40.9725],[29.29309,40.97027],[29.29358,40.96888],[29.29642,40.96754],[29.29788,40.96622],[29.29983,40.96414],[29.29973,40.96341],[29.30092,40.96176],[29.30235,40.96057],[29.30277,40.95897],[29.30352,40.95844],[29.30729,40.95903],[29.3108,40.96003],[29.31178,40.95904],[29.31194,40.95558],[29.31091,40.95417],[29.3097,40.95138],[29.30996,40.94929],[29.3087,40.94851],[29.31367,40.94512],[29.31709,40.94327],[29.32531,40.93997],[29.33201,40.93631],[29.3309,40.93394],[29.33185,40.93354],[29.33514,40.93046],[29.33662,40.93109],[29.34253,40.93318],[29.34668,40.93396],[29.35022,40.93389],[29.35567,40.93511],[29.35892,40.93726],[29.36011,40.93754],[29.36472,40.93968],[29.36743,40.94056],[29.3701,40.94116],[29.37279,40.94221],[29.37256,40.94305],[29.37325,40.94529],[29.37449,40.94595],[29.37618,40.94822],[29.37798,40.94855],[29.38226,40.94806],[29.3846,40.95135],[29.38991,40.95249],[29.39008,40.95459],[29.39189,40.95355],[29.39449,40.95345],[29.39588,40.95422],[29.39903,40.95916],[29.40026,40.96433],[29.4002,40.9659],[29.39943,40.9682],[29.39799,40.96877],[29.39621,40.9706],[29.39636,40.97279],[29.39597,40.97391],[29.39413,40.97606],[29.39301,40.97849],[29.39102,40.97943],[29.38849,40.97928],[29.38501,40.9769],[29.38347,40.97515],[29.379,40.9754],[29.37615,40.97574],[29.3725,40.97159],[29.37106,40.97128],[29.36883,40.96926],[29.36529,40.96989],[29.36299,40.97065],[29.3601,40.97334],[29.35821,40.97477],[29.35604,40.97543],[29.3543,40.97523],[29.35044,40.97614],[29.34795,40.97619],[29.34461,40.97545],[29.3428,40.97609],[29.34139,40.97601],[29.33761,40.97436],[29.33463,40.97334],[29.33302,40.97313],[29.33042,40.97408],[29.3271,40.9748],[29.32673,40.97592],[29.32553,40.97773],[29.32409,40.97856],[29.32169,40.9805],[29.32214,40.98179],[29.31695,40.98254],[29.31407,40.98415],[29.31129,40.98512]]]},"properties":{"id":9432145,"name":"Kurna Mahallesi","district_id":1276011}},{"type":"Feature","geometry":{"type":"Polygon","coordinates":[[[29.3309,40.93394],[29.32814,40.93502],[29.32286,40.93793],[29.32136,40.93568],[29.31939,40.93641],[29.3184,40.93495],[29.31808,40.9319],[29.31951,40.93054],[29.32104,40.93033],[29.3208,40.92823],[29.31586,40.92631],[29.32091,40.92688],[29.32141,40.92464],[29.32299,40.92284],[29.32518,40.92528],[29.32518,40.92385],[29.32974,40.92542],[29.32857,40.92632],[29.32797,40.92755],[29.33025,40.9289],[29.33194,40.92959],[29.33514,40.93046],[29.33185,40.93354],[29.3309,40.93394]]]},"properties":{"id":9432146,"name":"Harmandere Mahallesi","district_id":1276011}},{"type":"Feature","geometry":{"type":"Polygon","coordinates":[[[29.30684,40.9175],[29.30618,40.91773],[29.30448,40.91698],[29.30147,40.91937],[29.29762,40.91826],[29.29538,40.91979],[29.29127,40.92172],[29.29155,40.91968],[29.29229,40.91761],[29.28964,40.91801],[29.28734,40.91774],[29.28632,40.91795],[29.28456,40.9148],[29.28481,40.9144],[29.28702,40.91452],[29.28823,40.91325],[29.29132,40.91166],[29.29328,40.90872],[29.29708,40.90886],[29.29785,40.90871],[29.30178,40.90909],[29.3053,40.91035],[29.30575,40.91084],[29.3102,40.91064],[29.31092,40.912],[29.31005,40.91253],[29.30975,40.91497],[29.31092,40.91575],[29.31044,40.91729],[29.30847,40.91658],[29.30684,40.9175]]]},"properties":{"id":9432147,"name":"Kurtköy Mahallesi","district_id":1276011}},{"type":"Feature","geometry":{"type":"Polygon","coordinates":[[[29.36527,41.06056],[29.36206,41.05744],[29.36016,41.05501],[29.35871,41.05158],[29.35929,41.04968],[29.36097,41.04791],[29.36387,41.04653],[29.36541,41.04389],[29.36456,41.04285],[29.3618,41.04159],[29.36032,41.03846],[29.35925,41.03577],[29.35951,41.03434],[29.36091,41.03247],[29.36433,41.02906],[29.36437,41.02654],[29.36115,41.02575],[29.35558,41.02573],[29.35273,41.02382],[29.34905,41.02176],[29.34748,41.02039],[29.34492,41.01667],[29.34256,41.0159],[29.33587,41.01696],[29.32916,41.01711],[29.32222,41.01663],[29.31717,41.01685],[29.31544,41.0171],[29.31334,41.01635],[29.30932,41.01551],[29.30653,41.01575],[29.30274,41.0154],[29.29843,41.01584],[29.29488,41.0151],[29.29337,41.01357],[29.29417,41.01192],[29.29197,41.01059],[29.29106,41.00831],[29.28867,41.00752],[29.2878,41.00594],[29.28677,41.00239],[29.28622,41.00091],[29.28632,40.99963],[29.28764,40.99731],[29.28783,40.99486],[29.28724,40.99132],[29.2875,40.98925],[29.28873,40.98344],[29.28922,40.98011],[29.2895,40.97976],[29.29488,40.97987],[29.2989,40.98391],[29.30318,40.98427],[29.3091,40.98514],[29.31129,40.98512],[29.31149,40.99049],[29.31405,40.9929],[29.31543,40.99485],[29.31632,40.99784],[29.32713,41.00338],[29.33119,41.0037],[29.33331,41.00498],[29.3355,41.00547],[29.33777,41.00976],[29.34155,41.01157],[29.34288,41.01172],[29.3443,41.01036],[29.34408,41.00822],[29.34451,41.00469],[29.34861,41.00343],[29.35245,40.99962],[29.35507,40.99494],[29.35629,40.99232],[29.35404,40.98882],[29.35571,40.98824],[29.35822,40.99162],[29.35949,40.99203],[29.36324,40.99249],[29.36608,40.99241],[29.36741,40.99152],[29.37397,40.98984],[29.37498,40.98906],[29.37889,40.98793],[29.38241,40.98248],[29.38556,40.98689],[29.38844,40.9899],[29.39011,40.991],[29.38968,40.99215],[29.39062,40.99447],[29.39002,40.99594],[29.38987,40.99931],[29.39095,41.00338],[29.39275,41.00482],[29.39451,41.00788],[29.39751,41.01036],[29.4014,41.01496],[29.40451,41.02052],[29.40487,41.02226],[29.40468,41.02379],[29.39908,41.02453],[29.38933,41.02762],[29.38431,41.02892],[29.37944,41.03329],[29.37591,41.03489],[29.37665,41.03868],[29.37532,41.04211],[29.37827,41.04896],[29.37613,41.05217],[29.3761,41.05723],[29.36988,41.0576],[29.36648,41.0594],[29.36527,41.06056]]]},"properties":{"id":9432148,"name":"Kurtdoğmuş Mahallesi","district_id":1276011}},{"type":"Feature","geometry":{"type":"Polygon","coordinates":[[[29.37615,40.97574],[29.37845,40.97716],[29.37914,40.97799],[29.37792,40.98045],[29.37854,40.9815],[29.37755,40.98249],[29.37397,40.98268],[29.37519,40.98479],[29.37772,40.98621],[29.37889,40.98793],[29.37498,40.98906],[29.37397,40.98984],[29.36741,40.99152],[29.36608,40.99241],[29.36324,40.99249],[29.35949,40.99203],[29.35822,40.99162],[29.35571,40.98824],[29.35404,40.98882],[29.35629,40.99232],[29.35507,40.99494],[29.35245,40.99962],[29.34861,41.00343],[29.34451,41.00469],[29.34408,41.00822],[29.3443,41.01036],[29.34288,41.01172],[29.34155,41.01157],[29.33777,41.00976],[29.3355,41.00547],[29.33331,41.00498],[29.33119,41.0037],[29.32713,41.00338],[29.31632,40.99784],[29.31543,40.99485],[29.31405,40.9929],[29.31149,40.99049],[29.31129,40.98512],[29.31407,40.98415],[29.31695,40.98254],[29.32214,40.98179],[29.32169,40.9805],[29.32409,40.97856],[29.32553,40.97773],[29.32673,40.97592],[29.3271,40.9748],[29.33042,40.97408],[29.33302,40.97313],[29.33463,40.97334],[29.33761,40.97436],[29.34139,40.97601],[29.3428,40.97609],[29.34461,40.97545],[29.34795,40.97619],[29.35044,40.97614],[29.3543,40.97523],[29.35604,40.97543],[29.35821,40.97477],[29.3601,40.97334],[29.36299,40.97065],[29.36529,40.96989],[29.36883,40.96926],[29.37106,40.97128],[29.3725,40.97159],[29.37615,40.97574]]]},"properties":{"id":9432149,"name":"Emirli Mahallesi","district_id":1276011}},{"type":"Feature","geometry":{"type":"Polygon","coordinates":[[[29.4067,40.96009],[29.41114,40.9666],[29.41339,40.96953],[29.41587,40.97168],[29.41824,40.97287],[29.42471,40.97366],[29.4311,40.97431],[29.44164,40.97474],[29.44636,40.97546],[29.45217,40.97887],[29.45358,40.98063],[29.45298,40.98185],[29.45083,40.98333],[29.44749,40.98486],[29.44758,40.98756],[29.44701,40.98979],[29.44617,40.99077],[29.44367,40.99201],[29.44362,40.99276],[29.44468,40.99487],[29.44708,40.99769],[29.44599,40.99833],[29.44534,40.99833],[29.44254,40.99643],[29.44145,40.99643],[29.4406,40.99729],[29.4408,40.99863],[29.43982,40.99977],[29.43723,41.00151],[29.43522,41.00202],[29.43444,41.00259],[29.4346,41.00366],[29.43551,41.00534],[29.4364,41.00596],[29.43767,41.00778],[29.4381,41.00921],[29.43676,41.0103],[29.43579,41.01009],[29.43496,41.00852],[29.4336,41.0087],[29.43334,41.00977],[29.43482,41.01173],[29.43318,41.01442],[29.43067,41.01405],[29.42932,41.01439],[29.42832,41.01537],[29.42871,41.01671],[29.43071,41.01977],[29.4301,41.02068],[29.42882,41.02058],[29.42701,41.02134],[29.42432,41.02155],[29.42192,41.02285],[29.41956,41.02337],[29.41692,41.02512],[29.41377,41.02661],[29.41161,41.02666],[29.4092,41.02524],[29.40468,41.02379],[29.40487,41.02226],[29.40451,41.02052],[29.4014,41.01496],[29.39751,41.01036],[29.39451,41.00788],[29.39275,41.00482],[29.39095,41.00338],[29.38987,40.99931],[29.39002,40.99594],[29.39062,40.99447],[29.38968,40.99215],[29.39011,40.991],[29.38844,40.9899],[29.38556,40.98689],[29.38241,40.98248],[29.37889,40.98793],[29.37772,40.98621],[29.37519,40.98479],[29.37397,40.98268],[29.37755,40.98249],[29.37854,40.9815],[29.37792,40.98045],[29.37914,40.97799],[29.37845,40.97716],[29.37615,40.97574],[29.379,40.9754],[29.38347,40.97515],[29.38501,40.9769],[29.38849,40.97928],[29.39102,40.97943],[29.39301,40.97849],[29.39413,40.97606],[29.39597,40.97391],[29.39636,40.97279],[29.39621,40.9706],[29.39799,40.96877],[29.39943,40.9682],[29.4002,40.9659],[29.40026,40.96433],[29.4067,40.96009]]]},"properties":{"id":9432150,"name":"Ballıca Mahallesi","district_id":1276011}},{"type":"Feature","geometry":{"type":"Polygon","coordinates":[[[28.86305,41.01431],[28.85767,41.01497],[28.85732,41.01427],[28.85382,41.0145],[28.85045,41.01356],[28.84772,41.01337],[28.84693,41.01057],[28.84753,41.00878],[28.84705,41.00633],[28.84942,41.00618],[28.84956,41.00692],[28.85295,41.00675],[28.85357,41.00781],[28.85533,41.0071],[28.85913,41.00618],[28.85903,41.00906],[28.85945,41.00981],[28.86215,41.01184],[28.86469,41.01268],[28.86305,41.01431]]]},"properties":{"id":9437877,"name":"Soğanlı Mahallesi","district_id":1766095}},{"type":"Feature","geometry":{"type":"Polygon","coordinates":[[[28.85844,41.02026],[28.85847,41.01914],[28.85538,41.01995],[28.85459,41.02112],[28.84846,41.02143],[28.84879,41.01734],[28.84842,41.01405],[28.84772,41.01337],[28.85045,41.01356],[28.85382,41.0145],[28.85732,41.01427],[28.85767,41.01497],[28.86305,41.01431],[28.86149,41.01571],[28.86015,41.01756],[28.85844,41.02026]]]},"properties":{"id":9437947,"name":"Cumhuriyet Mahallesi","district_id":1766095}},{"type":"Feature","geometry":{"type":"Polygon","coordinates":[[[28.83886,41.00903],[28.84143,41.00889],[28.84139,41.00525],[28.84181,41.00392],[28.84565,41.00587],[28.84705,41.00633],[28.84753,41.00878],[28.84693,41.01057],[28.84772,41.01337],[28.84842,41.01405],[28.84879,41.01734],[28.84846,41.02143],[28.84754,41.02425],[28.84453,41.02162],[28.84149,41.02142],[28.83974,41.02228],[28.83799,41.02367],[28.83421,41.02276],[28.83022,41.02213],[28.82819,41.02212],[28.8271,41.02033],[28.83086,41.01877],[28.83151,41.01767],[28.83392,41.01719],[28.83198,41.01623],[28.83562,41.01484],[28.83595,41.01445],[28.83908,41.01457],[28.83911,41.0106],[28.83886,41.00903]]]},"properties":{"id":9437957,"name":"Kocasinan Merkez Mahallesi","district_id":1766095}},{"type":"Feature","geometry":{"type":"Polygon","coordinates":[[[28.84705,41.00633],[28.84565,41.00587],[28.84181,41.00392],[28.84233,41.00108],[28.84302,40.99349],[28.84337,40.99183],[28.84889,40.99166],[28.85125,40.99185],[28.85129,40.99279],[28.85211,40.99361],[28.85097,40.99611],[28.85221,40.99985],[28.85206,41.00198],[28.849,41.00206],[28.84942,41.00618],[28.84705,41.00633]]]},"properties":{"id":9437990,"name":"Şirinevler Mahallesi","district_id":1766095}},{"type":"Feature","geometry":{"type":"Polygon","coordinates":[[[28.8387,40.99212],[28.84337,40.99183],[28.84302,40.99349],[28.84233,41.00108],[28.84181,41.00392],[28.84139,41.00525],[28.84143,41.00889],[28.83886,41.00903],[28.83868,41.00783],[28.83876,41.00215],[28.83853,40.99857],[28.8387,40.99212]]]},"properties":{"id":9437991,"name":"Hürriyet Mahallesi","district_id":1766095}},{"type":"Feature","geometry":{"type":"Polygon","coordinates":[[[28.83568,40.9923],[28.8387,40.99212],[28.83853,40.99857],[28.83876,41.00215],[28.83868,41.00783],[28.83886,41.00903],[28.83911,41.0106],[28.83908,41.01457],[28.83595,41.01445],[28.83055,41.01435],[28.83094,41.01354],[28.83306,41.01136],[28.83123,41.00937],[28.83269,41.00817],[28.83309,41.00644],[28.83307,41.00338],[28.83412,41.00268],[28.83426,41.00031],[28.83568,40.9923]]]},"properties":{"id":9437992,"name":"Zafer Mahallesi","district_id":1766095}},{"type":"Feature","geometry":{"type":"Polygon","coordinates":[[[28.83595,41.01445],[28.83562,41.01484],[28.83198,41.01623],[28.83392,41.01719],[28.83151,41.01767],[28.83086,41.01877],[28.8271,41.02033],[28.82549,41.02036],[28.82286,41.01978],[28.82021,41.02126],[28.81539,41.02342],[28.81279,41.02537],[28.81096,41.02717],[28.80839,41.02795],[28.8079,41.02628],[28.80853,41.02495],[28.80773,41.02238],[28.80692,41.0219],[28.80642,41.02039],[28.80668,41.01805],[28.80596,41.0169],[28.80612,41.01554],[28.80824,41.01506],[28.80917,41.01144],[28.80932,41.00835],[28.80941,41.00742],[28.81185,41.0024],[28.81173,41.00058],[28.81351,40.99931],[28.81621,40.99544],[28.81935,40.99441],[28.81888,40.99353],[28.82171,40.9931],[28.82531,40.99293],[28.82336,40.99391],[28.82291,40.9992],[28.82232,41.001],[28.82154,41.00471],[28.82186,41.00665],[28.82288,41.01063],[28.82664,41.01026],[28.82751,41.00885],[28.8309,41.00818],[28.83123,41.00937],[28.83306,41.01136],[28.83094,41.01354],[28.83055,41.01435],[28.83595,41.01445]]]},"properties":{"id":9437993,"name":"Yenibosna Merkez Mahallesi","district_id":1766095}},{"type":"Feature","geometry":{"type":"Polygon","coordinates":[[[28.82531,40.99293],[28.82918,40.99271],[28.82997,40.99468],[28.83138,40.99462],[28.83121,40.99706],[28.83056,40.9992],[28.83027,41.00206],[28.83098,41.00406],[28.8311,41.0065],[28.8309,41.00818],[28.82751,41.00885],[28.82664,41.01026],[28.82288,41.01063],[28.82186,41.00665],[28.82154,41.00471],[28.82232,41.001],[28.82291,40.9992],[28.82336,40.99391],[28.82531,40.99293]]]},"properties":{"id":9437994,"name":"Çobançeşme Mahallesi","district_id":1766095}},{"type":"Feature","geometry":{"type":"Polygon","coordinates":[[[28.82918,40.99271],[28.83568,40.9923],[28.83426,41.00031],[28.83412,41.00268],[28.83307,41.00338],[28.83309,41.00644],[28.83269,41.00817],[28.83123,41.00937],[28.8309,41.00818],[28.8311,41.0065],[28.83098,41.00406],[28.83027,41.00206],[28.83056,40.9992],[28.83121,40.99706],[28.83138,40.99462],[28.82997,40.99468],[28.82918,40.99271]]]},"properties":{"id":9437995,"name":"Fevzi Çakmak Mahallesi","district_id":1766095}},{"type":"Feature","geometry":{"type":"Polygon","coordinates":[[[28.88996,40.98259],[28.89097,40.9837],[28.89185,40.98899],[28.89166,40.9906],[28.89286,40.99333],[28.89421,40.99557],[28.89251,40.99729],[28.8919,40.99832],[28.89184,40.99971],[28.89301,41.0023],[28.89503,41.00503],[28.89595,41.00669],[28.89258,41.00438],[28.89049,41.0032],[28.88576,41.0017],[28.87715,40.99911],[28.87411,40.99829],[28.87419,40.99333],[28.87724,40.99181],[28.87787,40.9908],[28.879,40.99026],[28.88083,40.99031],[28.88291,40.98879],[28.88451,40.98815],[28.88461,40.98253],[28.88996,40.98259]]]},"properties":{"id":9439702,"name":"Osmaniye Mahallesi","district_id":1766096}},{"type":"Feature","geometry":{"type":"Polygon","coordinates":[[[28.86973,40.9971],[28.87006,40.9918],[28.87222,40.98742],[28.8725,40.98379],[28.87385,40.98078],[28.87393,40.98045],[28.87739,40.98103],[28.88462,40.98222],[28.88461,40.98253],[28.88451,40.98815],[28.88291,40.98879],[28.88083,40.99031],[28.879,40.99026],[28.87787,40.9908],[28.87724,40.99181],[28.87419,40.99333],[28.87411,40.99829],[28.86973,40.9971]]]},"properties":{"id":9439829,"name":"Kartaltepe Mahallesi","district_id":1766096}},{"type":"Feature","geometry":{"type":"Polygon","coordinates":[[[28.86758,40.98005],[28.87385,40.98078],[28.8725,40.98379],[28.87222,40.98742],[28.87006,40.9918],[28.86973,40.9971],[28.86616,40.99589],[28.85587,40.99278],[28.85125,40.99185],[28.8528,40.98641],[28.85581,40.9859],[28.85645,40.98679],[28.85979,40.98605],[28.86574,40.98387],[28.86827,40.98266],[28.86758,40.98005]]]},"properties":{"id":9439830,"name":"Zuhuratbaba Mahallesi","district_id":1766096}},{"type":"Feature","geometry":{"type":"Polygon","coordinates":[[[28.88461,40.98253],[28.88462,40.98222],[28.87739,40.98103],[28.87768,40.97864],[28.882,40.97897],[28.88522,40.98013],[28.88534,40.9807],[28.88828,40.98196],[28.88991,40.98221],[28.88996,40.98259],[28.88461,40.98253]]]},"properties":{"id":9439859,"name":"Yenimahalle Mahallesi","district_id":1766096}},{"type":"Feature","geometry":{"type":"Polygon","coordinates":[[[28.87668,40.97406],[28.87803,40.9745],[28.87768,40.97864],[28.87739,40.98103],[28.87393,40.98045],[28.87566,40.97411],[28.87668,40.97406]]]},"properties":{"id":9439860,"name":"Cevizlik Mahallesi","district_id":1766096}},{"type":"Feature","geometry":{"type":"Polygon","coordinates":[[[28.89103,40.98003],[28.88991,40.98221],[28.88828,40.98196],[28.88534,40.9807],[28.88522,40.98013],[28.882,40.97897],[28.87768,40.97864],[28.87803,40.9745],[28.87964,40.9745],[28.88322,40.97676],[28.88551,40.97716],[28.88641,40.97813],[28.88931,40.97972],[28.89103,40.98003]]]},"properties":{"id":9439861,"name":"Sakızağacı Mahallesi","district_id":1766096}},{"type":"Feature","geometry":{"type":"Polygon","coordinates":[[[28.87393,40.98045],[28.87385,40.98078],[28.86758,40.98005],[28.86757,40.97978],[28.86761,40.97903],[28.86891,40.97798],[28.87232,40.97822],[28.87214,40.9754],[28.87344,40.975],[28.87435,40.97262],[28.87625,40.97257],[28.8775,40.9716],[28.87849,40.97235],[28.87668,40.97406],[28.87566,40.97411],[28.87393,40.98045]]]},"properties":{"id":9439884,"name":"Zeytinlik Mahallesi","district_id":1766096}},{"type":"Feature","geometry":{"type":"Polygon","coordinates":[[[29.03403,40.98211],[29.03423,40.98371],[29.03181,40.98367],[29.03189,40.98519],[29.03107,40.98616],[29.02838,40.98703],[29.02867,40.98837],[29.02668,40.98863],[29.02709,40.98966],[29.02399,40.99104],[29.02445,40.99223],[29.02354,40.99276],[29.02301,40.99212],[29.02036,40.9911],[29.01851,40.99106],[29.01593,40.99193],[29.01726,40.98953],[29.0202,40.98527],[29.02047,40.98342],[29.01984,40.98127],[29.02136,40.97889],[29.02221,40.97828],[29.02419,40.97909],[29.02482,40.97973],[29.02685,40.97989],[29.02772,40.97932],[29.02948,40.97969],[29.03249,40.98092],[29.03403,40.98211]]]},"properties":{"id":9441032,"name":"Caferağa Mahallesi","district_id":1276548}},{"type":"Feature","geometry":{"type":"Polygon","coordinates":[[[29.03886,41.01185],[29.03711,41.0123],[29.03523,41.01139],[29.0344,41.00985],[29.03282,41.00818],[29.02947,41.00624],[29.02868,41.00502],[29.02755,41.00431],[29.02753,41.00353],[29.02812,41.00283],[29.02944,41.00101],[29.03081,41.00136],[29.03313,41.00282],[29.03479,41.00454],[29.03731,41.00631],[29.04075,41.00589],[29.04255,41.0083],[29.0415,41.01011],[29.03886,41.01185]]]},"properties":{"id":9441078,"name":"Koşuyolu Mahallesi","district_id":1276548}},{"type":"Feature","geometry":{"type":"Polygon","coordinates":[[[29.11918,40.96494],[29.12106,40.9632],[29.12668,40.96575],[29.12383,40.9674],[29.12403,40.96829],[29.12738,40.96807],[29.13009,40.96738],[29.13156,40.96754],[29.13492,40.96843],[29.13861,40.96868],[29.13954,40.96833],[29.14191,40.9686],[29.14482,40.96991],[29.14612,40.97089],[29.14511,40.97212],[29.14479,40.97331],[29.14359,40.97296],[29.14152,40.97328],[29.14045,40.9739],[29.13666,40.97406],[29.13469,40.97317],[29.13151,40.97327],[29.12776,40.97309],[29.12578,40.9725],[29.12332,40.97061],[29.12252,40.96945],[29.12263,40.968],[29.12005,40.96613],[29.11918,40.96494]]]},"properties":{"id":9441153,"name":"Fındıklı Mahallesi","district_id":1276407}},{"type":"Feature","geometry":{"type":"Polygon","coordinates":[[[29.02812,41.00283],[29.02753,41.00353],[29.02158,41.01048],[29.02038,41.01232],[29.01946,41.01175],[29.01724,41.01339],[29.01453,41.01214],[29.01248,41.01167],[29.01098,41.01246],[29.00918,41.009],[29.01023,41.0071],[29.00671,41.00744],[29.00836,41.00486],[29.01244,41.00445],[29.01343,41.00255],[29.01053,41.00283],[29.01156,41.00091],[29.01548,41.00053],[29.01579,41.00025],[29.01765,41.00129],[29.02012,40.99896],[29.02118,40.99841],[29.02334,40.99976],[29.02383,41.0004],[29.02812,41.00283]]]},"properties":{"id":9441289,"name":"Selimiye Mahallesi","district_id":1276889}},{"type":"Feature","geometry":{"type":"Polygon","coordinates":[[[28.99258,41.07661],[28.98967,41.07804],[28.98927,41.07813],[28.98957,41.07538],[28.98877,41.07245],[28.98871,41.06984],[28.9882,41.06708],[28.99269,41.06678],[28.99322,41.07181],[28.99436,41.07294],[28.99296,41.07486],[28.99258,41.07661]]]},"properties":{"id":9441320,"name":"Kuştepe Mahallesi","district_id":1765896}},{"type":"Feature","geometry":{"type":"Polygon","coordinates":[[[29.05652,40.99885],[29.05186,41.00047],[29.0472,41.0016],[29.04586,41.00185],[29.04484,40.99977],[29.04366,40.99972],[29.04144,40.9977],[29.04075,40.99833],[29.03888,40.99633],[29.03443,40.99337],[29.0331,40.99372],[29.03448,40.99249],[29.03286,40.99184],[29.03494,40.99107],[29.03644,40.99116],[29.03917,40.99183],[29.04006,40.99239],[29.03994,40.99351],[29.0413,40.99376],[29.04347,40.99469],[29.04795,40.99599],[29.05247,40.99817],[29.0543,40.99815],[29.05464,40.99762],[29.05652,40.99885]]]},"properties":{"id":9441339,"name":"Hasanpaşa Mahallesi","district_id":1276548}},{"type":"Feature","geometry":{"type":"Polygon","coordinates":[[[29.0331,40.99372],[29.03443,40.99337],[29.03888,40.99633],[29.04075,40.99833],[29.04144,40.9977],[29.04366,40.99972],[29.04484,40.99977],[29.04586,41.00185],[29.0472,41.0016],[29.04795,41.00296],[29.04782,41.0055],[29.04647,41.00734],[29.04702,41.00835],[29.04716,41.01015],[29.04586,41.00961],[29.0415,41.01011],[29.04255,41.0083],[29.04075,41.00589],[29.03731,41.00631],[29.03479,41.00454],[29.03313,41.00282],[29.03081,41.00136],[29.02944,41.00101],[29.03012,40.99883],[29.03243,40.99533],[29.0331,40.99372]]]},"properties":{"id":9443987,"name":"Acıbadem Mahallesi","district_id":1276548}},{"type":"Feature","geometry":{"type":"Polygon","coordinates":[[[29.04024,40.98319],[29.04322,40.98401],[29.04292,40.98691],[29.04382,40.9881],[29.04177,40.9892],[29.03966,40.99106],[29.03917,40.99183],[29.03644,40.99116],[29.03476,40.98973],[29.03413,40.98844],[29.03445,40.98738],[29.03423,40.98371],[29.03403,40.98211],[29.03573,40.9807],[29.03731,40.98175],[29.03816,40.98099],[29.04024,40.98319]]]},"properties":{"id":9444034,"name":"Zühtüpaşa Mahallesi","district_id":1276548}},{"type":"Feature","geometry":{"type":"Polygon","coordinates":[[[29.05514,40.9892],[29.05397,40.99034],[29.04789,40.99259],[29.04552,40.99299],[29.04347,40.99469],[29.0413,40.99376],[29.03994,40.99351],[29.04006,40.99239],[29.03917,40.99183],[29.03966,40.99106],[29.04177,40.9892],[29.04382,40.9881],[29.04914,40.98557],[29.05343,40.98465],[29.05723,40.98446],[29.05864,40.98418],[29.05977,40.98631],[29.05514,40.9892]]]},"properties":{"id":9444099,"name":"Eğitim Mahallesi","district_id":1276548}},{"type":"Feature","geometry":{"type":"Polygon","coordinates":[[[29.04347,40.99469],[29.04552,40.99299],[29.04789,40.99259],[29.05397,40.99034],[29.05514,40.9892],[29.05732,40.99129],[29.05452,40.99215],[29.05554,40.996],[29.05464,40.99762],[29.0543,40.99815],[29.05247,40.99817],[29.04795,40.99599],[29.04347,40.99469]]]},"properties":{"id":9444116,"name":"Fikirtepe Mahallesi","district_id":1276548}},{"type":"Feature","geometry":{"type":"Polygon","coordinates":[[[29.04382,40.9881],[29.04292,40.98691],[29.04322,40.98401],[29.04024,40.98319],[29.04124,40.98161],[29.04271,40.98028],[29.04478,40.97935],[29.04759,40.97736],[29.05081,40.97591],[29.05334,40.98019],[29.05528,40.98121],[29.05644,40.9808],[29.05767,40.98164],[29.05881,40.98412],[29.05864,40.98418],[29.05723,40.98446],[29.05343,40.98465],[29.04914,40.98557],[29.04382,40.9881]]]},"properties":{"id":9444828,"name":"Feneryolu Mahallesi","district_id":1276548}},{"type":"Feature","geometry":{"type":"Polygon","coordinates":[[[29.05574,40.97367],[29.05205,40.97558],[29.05081,40.97591],[29.04759,40.97736],[29.04478,40.97935],[29.04271,40.98028],[29.04124,40.98161],[29.04024,40.98319],[29.03816,40.98099],[29.03731,40.98175],[29.03573,40.9807],[29.03752,40.97939],[29.03877,40.97774],[29.03964,40.97539],[29.03713,40.9743],[29.03772,40.97364],[29.03832,40.97095],[29.0365,40.96962],[29.03502,40.97106],[29.03376,40.97107],[29.0319,40.96927],[29.03143,40.96771],[29.03315,40.9666],[29.03447,40.96645],[29.03592,40.96803],[29.03753,40.96885],[29.03969,40.96813],[29.04024,40.96615],[29.04185,40.96564],[29.0444,40.96712],[29.04543,40.96957],[29.04679,40.96961],[29.04902,40.9691],[29.05173,40.97194],[29.05296,40.9706],[29.05574,40.97367]]]},"properties":{"id":9444841,"name":"Fenerbahçe Mahallesi","district_id":1276548}},{"type":"Feature","geometry":{"type":"Polygon","coordinates":[[[29.06655,40.99508],[29.05652,40.99885],[29.05464,40.99762],[29.05554,40.996],[29.05452,40.99215],[29.05732,40.99129],[29.05514,40.9892],[29.05977,40.98631],[29.06335,40.99187],[29.06504,40.9926],[29.06655,40.99508]]]},"properties":{"id":9444876,"name":"Dumlupınar Mahallesi","district_id":1276548}},{"type":"Feature","geometry":{"type":"Polygon","coordinates":[[[29.05081,40.97591],[29.05205,40.97558],[29.05574,40.97367],[29.0605,40.97118],[29.06188,40.97277],[29.06669,40.9702],[29.0694,40.97308],[29.07456,40.9804],[29.07054,40.98119],[29.06631,40.98251],[29.05881,40.98412],[29.05767,40.98164],[29.05644,40.9808],[29.05528,40.98121],[29.05334,40.98019],[29.05081,40.97591]]]},"properties":{"id":9444892,"name":"Göztepe Mahallesi","district_id":1276548}},{"type":"Feature","geometry":{"type":"Polygon","coordinates":[[[29.05977,40.98631],[29.05864,40.98418],[29.05881,40.98412],[29.06631,40.98251],[29.07054,40.98119],[29.07456,40.9804],[29.0752,40.98033],[29.07738,40.98074],[29.0765,40.98217],[29.07607,40.98704],[29.07759,40.98729],[29.07788,40.98898],[29.0798,40.9901],[29.07622,40.99144],[29.07335,40.99252],[29.06655,40.99508],[29.06504,40.9926],[29.06335,40.99187],[29.05977,40.98631]]]},"properties":{"id":9444902,"name":"Merdivenköy Mahallesi","district_id":1276548}},{"type":"Feature","geometry":{"type":"Polygon","coordinates":[[[29.04902,40.9691],[29.05129,40.96812],[29.05266,40.96791],[29.05381,40.96705],[29.0542,40.96607],[29.05616,40.96428],[29.05751,40.96451],[29.05852,40.9638],[29.05866,40.96282],[29.06084,40.96281],[29.06217,40.96206],[29.06572,40.96296],[29.06882,40.96244],[29.07112,40.95985],[29.07437,40.96313],[29.07677,40.96528],[29.07357,40.96692],[29.06669,40.9702],[29.06188,40.97277],[29.0605,40.97118],[29.05574,40.97367],[29.05296,40.9706],[29.05173,40.97194],[29.04902,40.9691]]]},"properties":{"id":9444910,"name":"Caddebostan Mahallesi","district_id":1276548}},{"type":"Feature","geometry":{"type":"Polygon","coordinates":[[[29.0947,40.98151],[29.0926,40.9836],[29.0896,40.98573],[29.08657,40.98742],[29.0798,40.9901],[29.07788,40.98898],[29.07759,40.98729],[29.07607,40.98704],[29.0765,40.98217],[29.07738,40.98074],[29.0752,40.98033],[29.07656,40.98008],[29.07938,40.9768],[29.08006,40.97556],[29.08311,40.97721],[29.08487,40.97851],[29.08593,40.97762],[29.08681,40.97932],[29.08702,40.98135],[29.09157,40.98107],[29.0947,40.98151]]]},"properties":{"id":9444927,"name":"Sahrayıcedit Mahallesi","district_id":1276548}},{"type":"Feature","geometry":{"type":"Polygon","coordinates":[[[29.0947,40.98151],[29.09157,40.98107],[29.08702,40.98135],[29.08681,40.97932],[29.08593,40.97762],[29.08487,40.97851],[29.08311,40.97721],[29.08006,40.97556],[29.0831,40.97256],[29.08427,40.97027],[29.08185,40.96797],[29.08682,40.96544],[29.08738,40.9658],[29.08709,40.96656],[29.08825,40.96816],[29.09264,40.97349],[29.09353,40.97428],[29.09523,40.97355],[29.09635,40.97572],[29.09792,40.97725],[29.09614,40.97999],[29.0947,40.98151]]]},"properties":{"id":9444949,"name":"19 Mayıs Mahallesi","district_id":1276548}},{"type":"Feature","geometry":{"type":"Polygon","coordinates":[[[29.08185,40.96797],[29.08427,40.97027],[29.0831,40.97256],[29.08006,40.97556],[29.07938,40.9768],[29.07656,40.98008],[29.0752,40.98033],[29.07456,40.9804],[29.0694,40.97308],[29.06669,40.9702],[29.07357,40.96692],[29.07677,40.96528],[29.08083,40.96714],[29.08185,40.96797]]]},"properties":{"id":9444950,"name":"Erenköy Mahallesi","district_id":1276548}},{"type":"Feature","geometry":{"type":"Polygon","coordinates":[[[29.12077,40.95054],[29.11854,40.95237],[29.11507,40.95556],[29.11436,40.95537],[29.11174,40.95198],[29.10685,40.95008],[29.10332,40.94979],[29.10157,40.95013],[29.09995,40.94915],[29.09879,40.94892],[29.09954,40.94824],[29.10307,40.94393],[29.1047,40.94384],[29.10673,40.94294],[29.11123,40.94631],[29.11215,40.94657],[29.11482,40.94865],[29.11668,40.94944],[29.11917,40.94962],[29.12077,40.95054]]]},"properties":{"id":9445120,"name":"Küçükyalı Merkez Mahallesi","district_id":1276407}},{"type":"Feature","geometry":{"type":"Polygon","coordinates":[[[29.11507,40.95556],[29.11854,40.95237],[29.12077,40.95054],[29.12412,40.94779],[29.1291,40.94381],[29.12987,40.94319],[29.13119,40.94386],[29.13266,40.94384],[29.13374,40.94455],[29.13311,40.94585],[29.13676,40.95049],[29.13585,40.95218],[29.13426,40.95176],[29.13171,40.95161],[29.13089,40.95348],[29.12805,40.95292],[29.12833,40.95399],[29.12731,40.95447],[29.1231,40.9557],[29.12108,40.95587],[29.117,40.95684],[29.11624,40.9582],[29.1168,40.95917],[29.11816,40.95943],[29.11712,40.96061],[29.1158,40.96066],[29.11448,40.95991],[29.11155,40.95944],[29.11123,40.95906],[29.11507,40.95556]]]},"properties":{"id":9445147,"name":"Aydınevler Mahallesi","district_id":1276407}},{"type":"Feature","geometry":{"type":"Polygon","coordinates":[[[29.1496,40.97245],[29.14803,40.97296],[29.14479,40.97331],[29.14511,40.97212],[29.14612,40.97089],[29.14482,40.96991],[29.14191,40.9686],[29.13954,40.96833],[29.13861,40.96868],[29.13492,40.96843],[29.13156,40.96754],[29.13009,40.96738],[29.12738,40.96807],[29.12403,40.96829],[29.12383,40.9674],[29.12668,40.96575],[29.12106,40.9632],[29.11918,40.96494],[29.11817,40.96385],[29.11659,40.96138],[29.1158,40.96066],[29.11712,40.96061],[29.11816,40.95943],[29.1168,40.95917],[29.11624,40.9582],[29.117,40.95684],[29.12108,40.95587],[29.1231,40.9557],[29.12731,40.95447],[29.12833,40.95399],[29.12805,40.95292],[29.13089,40.95348],[29.13171,40.95161],[29.13426,40.95176],[29.13585,40.95218],[29.13676,40.95049],[29.13311,40.94585],[29.13374,40.94455],[29.13637,40.94489],[29.13878,40.94574],[29.14114,40.94565],[29.14424,40.94502],[29.14513,40.94514],[29.14809,40.94641],[29.15064,40.94786],[29.15226,40.9485],[29.15372,40.9485],[29.15422,40.9494],[29.15612,40.95001],[29.15873,40.94983],[29.16064,40.9507],[29.16349,40.95109],[29.16532,40.9507],[29.16796,40.951],[29.16911,40.95172],[29.17091,40.95137],[29.16988,40.95261],[29.17402,40.95296],[29.17524,40.95345],[29.17559,40.95526],[29.17869,40.95558],[29.17525,40.95883],[29.17786,40.95986],[29.17851,40.9608],[29.1784,40.96298],[29.17863,40.96533],[29.17384,40.96772],[29.16775,40.96904],[29.16366,40.97058],[29.15661,40.97005],[29.15548,40.96924],[29.15424,40.96974],[29.15045,40.97212],[29.1496,40.97245]]]},"properties":{"id":9445177,"name":"Başıbüyük Mahallesi","district_id":1276407}},{"type":"Feature","geometry":{"type":"Polygon","coordinates":[[[29.2136,40.97343],[29.21405,40.97419],[29.21228,40.97593],[29.20829,40.97416],[29.20525,40.97364],[29.2061,40.97517],[29.20481,40.97616],[29.20323,40.97539],[29.20259,40.97619],[29.20144,40.97531],[29.1994,40.97435],[29.19898,40.97794],[29.19915,40.97974],[29.19796,40.98125],[29.19553,40.97999],[29.19302,40.9791],[29.18884,40.97816],[29.18585,40.97603],[29.18437,40.97531],[29.18074,40.97513],[29.17975,40.97534],[29.1789,40.97667],[29.17653,40.97727],[29.17396,40.97605],[29.1729,40.97628],[29.17232,40.9778],[29.16717,40.97932],[29.16518,40.97944],[29.16232,40.98077],[29.16082,40.97952],[29.15748,40.97911],[29.15599,40.97727],[29.15535,40.97569],[29.15403,40.97476],[29.15388,40.97419],[29.15137,40.97361],[29.1496,40.97245],[29.15045,40.97212],[29.15424,40.96974],[29.15548,40.96924],[29.15661,40.97005],[29.16366,40.97058],[29.16775,40.96904],[29.17384,40.96772],[29.17863,40.96533],[29.1784,40.96298],[29.17851,40.9608],[29.17786,40.95986],[29.17525,40.95883],[29.17869,40.95558],[29.17559,40.95526],[29.17524,40.95345],[29.17402,40.95296],[29.16988,40.95261],[29.17091,40.95137],[29.16974,40.95028],[29.16977,40.94937],[29.16864,40.94706],[29.16783,40.94654],[29.16683,40.94445],[29.16553,40.94366],[29.16612,40.94231],[29.16982,40.94141],[29.16979,40.94032],[29.16844,40.93932],[29.17011,40.93641],[29.17301,40.93523],[29.17392,40.9346],[29.17534,40.93238],[29.17313,40.9309],[29.16941,40.92974],[29.17008,40.92055],[29.16966,40.91947],[29.17022,40.91834],[29.17136,40.91895],[29.17802,40.91993],[29.17957,40.92068],[29.18353,40.92169],[29.18654,40.92115],[29.18772,40.92172],[29.19121,40.92168],[29.19403,40.92117],[29.19551,40.92196],[29.19836,40.92239],[29.19984,40.92132],[29.20378,40.9225],[29.20324,40.92315],[29.20471,40.92396],[29.20569,40.9239],[29.20561,40.92557],[29.20633,40.92776],[29.20665,40.93011],[29.20801,40.9342],[29.20973,40.9377],[29.21151,40.94052],[29.21359,40.94316],[29.2163,40.94604],[29.21562,40.94767],[29.21531,40.95152],[29.21429,40.95348],[29.21262,40.95559],[29.21123,40.95655],[29.20999,40.95867],[29.20742,40.96007],[29.20697,40.96093],[29.20808,40.96394],[29.20968,40.96652],[29.20977,40.96755],[29.21073,40.96918],[29.21335,40.97171],[29.2136,40.97343]]]},"properties":{"id":9445218,"name":"Büyükbakkalköy Mahallesi","district_id":1276407}},{"type":"Feature","geometry":{"type":"Polygon","coordinates":[[[29.10838,40.93706],[29.11497,40.94027],[29.11578,40.94121],[29.12084,40.94468],[29.12412,40.94779],[29.12077,40.95054],[29.11917,40.94962],[29.11668,40.94944],[29.11482,40.94865],[29.11215,40.94657],[29.11123,40.94631],[29.10673,40.94294],[29.10761,40.94217],[29.10655,40.9398],[29.10688,40.93877],[29.10838,40.93706]]]},"properties":{"id":9445274,"name":"Çınar Mahallesi","district_id":1276407}},{"type":"Feature","geometry":{"type":"Polygon","coordinates":[[[29.12412,40.94779],[29.12084,40.94468],[29.11578,40.94121],[29.11497,40.94027],[29.10838,40.93706],[29.11324,40.93156],[29.11439,40.93249],[29.11651,40.93326],[29.11737,40.93376],[29.11882,40.9353],[29.1214,40.9373],[29.12422,40.93773],[29.12521,40.93832],[29.12554,40.9407],[29.12775,40.94183],[29.1291,40.94381],[29.12412,40.94779]]]},"properties":{"id":9445299,"name":"İdealtepe Mahallesi","district_id":1276407}},{"type":"Feature","geometry":{"type":"Polygon","coordinates":[[[29.11737,40.93376],[29.11651,40.93326],[29.11447,40.93227],[29.11334,40.93026],[29.11368,40.9288],[29.11923,40.92254],[29.12171,40.91957],[29.12364,40.91871],[29.12721,40.91945],[29.13064,40.91534],[29.1328,40.91206],[29.13399,40.91075],[29.13828,40.90667],[29.13958,40.90739],[29.13975,40.90899],[29.13886,40.91042],[29.13949,40.91163],[29.14065,40.91253],[29.14285,40.91355],[29.14747,40.91412],[29.1494,40.91292],[29.15105,40.90968],[29.15479,40.91129],[29.15371,40.91203],[29.13875,40.91829],[29.12934,40.92234],[29.12745,40.92342],[29.12419,40.92662],[29.11885,40.93206],[29.11737,40.93376]]]},"properties":{"id":9445317,"name":"Yalı Mahallesi","district_id":1276407}},{"type":"Feature","geometry":{"type":"Polygon","coordinates":[[[29.13113,40.92474],[29.12979,40.92605],[29.12897,40.92989],[29.12841,40.93141],[29.12572,40.93416],[29.1214,40.9373],[29.11882,40.9353],[29.11737,40.93376],[29.11885,40.93206],[29.12419,40.92662],[29.12745,40.92342],[29.12934,40.92234],[29.13113,40.92474]]]},"properties":{"id":9445332,"name":"Feyzullah Mahallesi","district_id":1276407}},{"type":"Feature","geometry":{"type":"Polygon","coordinates":[[[29.13868,40.93601],[29.12987,40.94319],[29.1291,40.94381],[29.12775,40.94183],[29.12554,40.9407],[29.12521,40.93832],[29.12422,40.93773],[29.1214,40.9373],[29.12572,40.93416],[29.12841,40.93141],[29.12897,40.92989],[29.12979,40.92605],[29.13113,40.92474],[29.13266,40.92619],[29.13431,40.92824],[29.13469,40.93038],[29.13522,40.93127],[29.13816,40.93413],[29.13797,40.93558],[29.13868,40.93601]]]},"properties":{"id":9445347,"name":"Altayçeşme Mahallesi","district_id":1276407}},{"type":"Feature","geometry":{"type":"Polygon","coordinates":[[[29.13868,40.93601],[29.13958,40.93644],[29.14138,40.93853],[29.14535,40.94389],[29.14513,40.94514],[29.14424,40.94502],[29.14114,40.94565],[29.13878,40.94574],[29.13637,40.94489],[29.13374,40.94455],[29.13266,40.94384],[29.13119,40.94386],[29.12987,40.94319],[29.13868,40.93601]]]},"properties":{"id":9445356,"name":"Girne Mahallesi","district_id":1276407}},{"type":"Feature","geometry":{"type":"Polygon","coordinates":[[[29.13868,40.93601],[29.15093,40.92607],[29.15117,40.92588],[29.15252,40.92722],[29.15443,40.92796],[29.15508,40.92942],[29.15491,40.9303],[29.15322,40.9304],[29.15116,40.9316],[29.15413,40.93214],[29.15446,40.93301],[29.15572,40.93382],[29.15549,40.93527],[29.15567,40.93749],[29.15693,40.9391],[29.1578,40.94089],[29.16168,40.94184],[29.16355,40.94251],[29.16553,40.94366],[29.16683,40.94445],[29.16783,40.94654],[29.16864,40.94706],[29.16977,40.94937],[29.16974,40.95028],[29.17091,40.95137],[29.16911,40.95172],[29.16796,40.951],[29.16532,40.9507],[29.16349,40.95109],[29.16064,40.9507],[29.15873,40.94983],[29.15612,40.95001],[29.15422,40.9494],[29.15372,40.9485],[29.15226,40.9485],[29.15064,40.94786],[29.14809,40.94641],[29.14513,40.94514],[29.14535,40.94389],[29.14138,40.93853],[29.13958,40.93644],[29.13868,40.93601]]]},"properties":{"id":9445445,"name":"Zümrütevler Mahallesi","district_id":1276407}},{"type":"Feature","geometry":{"type":"Polygon","coordinates":[[[29.15093,40.92607],[29.13868,40.93601],[29.13797,40.93558],[29.13816,40.93413],[29.13522,40.93127],[29.13469,40.93038],[29.13431,40.92824],[29.13266,40.92619],[29.13113,40.92474],[29.12934,40.92234],[29.13875,40.91829],[29.14092,40.92088],[29.14454,40.92363],[29.148,40.92492],[29.14852,40.9255],[29.15093,40.92607]]]},"properties":{"id":9445460,"name":"Bağlarbaşı Mahallesi","district_id":1276407}},{"type":"Feature","geometry":{"type":"Polygon","coordinates":[[[29.16553,40.94366],[29.16355,40.94251],[29.16168,40.94184],[29.1578,40.94089],[29.15693,40.9391],[29.15567,40.93749],[29.15549,40.93527],[29.15572,40.93382],[29.15823,40.93377],[29.16162,40.93512],[29.16201,40.93381],[29.16491,40.93252],[29.16685,40.93426],[29.16665,40.93488],[29.16713,40.93698],[29.16655,40.93876],[29.16714,40.93914],[29.16848,40.93731],[29.17011,40.93641],[29.16844,40.93932],[29.16979,40.94032],[29.16982,40.94141],[29.16612,40.94231],[29.16553,40.94366]]]},"properties":{"id":9445486,"name":"Gülensu Mahallesi","district_id":1276407}},{"type":"Feature","geometry":{"type":"Polygon","coordinates":[[[29.17022,40.91834],[29.16966,40.91947],[29.15736,40.92326],[29.15271,40.92492],[29.15117,40.92588],[29.15093,40.92607],[29.14852,40.9255],[29.148,40.92492],[29.14454,40.92363],[29.14092,40.92088],[29.13875,40.91829],[29.15371,40.91203],[29.15479,40.91129],[29.15845,40.91252],[29.15935,40.9132],[29.15769,40.91389],[29.16012,40.91512],[29.16345,40.91598],[29.16463,40.91696],[29.16693,40.91784],[29.17022,40.91834]]]},"properties":{"id":9445507,"name":"Cevizli Mahallesi","district_id":1276407}},{"type":"Feature","geometry":{"type":"Polygon","coordinates":[[[29.17011,40.93641],[29.16848,40.93731],[29.16714,40.93914],[29.16655,40.93876],[29.16713,40.93698],[29.16665,40.93488],[29.16685,40.93426],[29.16664,40.93201],[29.16588,40.93176],[29.16646,40.93008],[29.1654,40.92906],[29.16326,40.92799],[29.16121,40.9275],[29.15976,40.92657],[29.15803,40.92463],[29.15736,40.92326],[29.16966,40.91947],[29.17008,40.92055],[29.16941,40.92974],[29.17313,40.9309],[29.17534,40.93238],[29.17392,40.9346],[29.17301,40.93523],[29.17011,40.93641]]]},"properties":{"id":9445548,"name":"Esenkent Mahallesi","district_id":1276407}},{"type":"Feature","geometry":{"type":"Polygon","coordinates":[[[29.15572,40.93382],[29.15446,40.93301],[29.15413,40.93214],[29.15116,40.9316],[29.15322,40.9304],[29.15491,40.9303],[29.15508,40.92942],[29.15443,40.92796],[29.15252,40.92722],[29.15117,40.92588],[29.15271,40.92492],[29.15736,40.92326],[29.15803,40.92463],[29.15976,40.92657],[29.16121,40.9275],[29.16326,40.92799],[29.1654,40.92906],[29.16646,40.93008],[29.16588,40.93176],[29.16664,40.93201],[29.16685,40.93426],[29.16491,40.93252],[29.16201,40.93381],[29.16162,40.93512],[29.15823,40.93377],[29.15572,40.93382]]]},"properties":{"id":9445549,"name":"Gülsuyu Mahallesi","district_id":1276407}},{"type":"Feature","geometry":{"type":"Polygon","coordinates":[[[28.6594,41.00664],[28.65912,41.00879],[28.65105,41.0118],[28.64965,41.0095],[28.64931,41.00742],[28.65009,41.00548],[28.6486,41.00268],[28.643,40.99751],[28.64214,40.99622],[28.64321,40.99216],[28.64356,40.99003],[28.64523,40.98751],[28.64717,40.98596],[28.64775,40.98464],[28.64889,40.98519],[28.64981,40.98647],[28.65408,40.99373],[28.6543,40.995],[28.65576,40.99652],[28.65708,40.99898],[28.65893,41.00127],[28.65929,41.00303],[28.6594,41.00664]]]},"properties":{"id":9445707,"name":"Barış Mahallesi","district_id":1766100}},{"type":"Feature","geometry":{"type":"Polygon","coordinates":[[[28.65187,40.96279],[28.65248,40.96671],[28.65103,40.96673],[28.65019,40.96863],[28.65056,40.97021],[28.65195,40.97127],[28.65198,40.97361],[28.65576,40.97398],[28.6581,40.97439],[28.65888,40.9755],[28.6553,40.97642],[28.6532,40.9767],[28.65097,40.97873],[28.65018,40.9801],[28.648,40.98023],[28.64716,40.97576],[28.64855,40.9739],[28.64827,40.9722],[28.64419,40.96938],[28.64237,40.9674],[28.63893,40.96735],[28.63619,40.96567],[28.63489,40.9659],[28.63344,40.96712],[28.63237,40.96651],[28.6332,40.96563],[28.63214,40.96497],[28.63346,40.96371],[28.63148,40.96267],[28.63034,40.96132],[28.63861,40.96235],[28.64443,40.96234],[28.64586,40.96267],[28.65187,40.96279]]]},"properties":{"id":9445744,"name":"Sahil Mahallesi","district_id":1766100}},{"type":"Feature","geometry":{"type":"Polygon","coordinates":[[[28.64356,40.99003],[28.63929,40.99074],[28.63577,40.99039],[28.63244,40.99108],[28.6312,40.98991],[28.63208,40.9893],[28.63243,40.98733],[28.632,40.98538],[28.63136,40.98383],[28.63007,40.98191],[28.62913,40.98134],[28.62917,40.97909],[28.62986,40.97849],[28.6295,40.9766],[28.62886,40.97581],[28.63091,40.97354],[28.63134,40.97159],[28.63218,40.97047],[28.63162,40.96986],[28.63282,40.96906],[28.63192,40.96854],[28.63344,40.96712],[28.63489,40.9659],[28.63619,40.96567],[28.63893,40.96735],[28.64237,40.9674],[28.64419,40.96938],[28.64827,40.9722],[28.64855,40.9739],[28.64716,40.97576],[28.648,40.98023],[28.65018,40.9801],[28.65097,40.97873],[28.6532,40.9767],[28.6553,40.97642],[28.65888,40.9755],[28.65978,40.97839],[28.66139,40.98019],[28.66371,40.98191],[28.6649,40.9831],[28.66604,40.98503],[28.66556,40.98506],[28.6648,40.98733],[28.66498,40.98949],[28.65628,40.99001],[28.65507,40.99103],[28.65539,40.99354],[28.65408,40.99373],[28.64981,40.98647],[28.64889,40.98519],[28.64775,40.98464],[28.64717,40.98596],[28.64523,40.98751],[28.64356,40.99003]]]},"properties":{"id":9445745,"name":"Kavaklı Mahallesi","district_id":1766100}},{"type":"Feature","geometry":{"type":"Polygon","coordinates":[[[28.6893,41.10608],[28.69144,41.10519],[28.69509,41.10299],[28.69657,41.10337],[28.69994,41.10293],[28.70455,41.10351],[28.70511,41.1045],[28.71084,41.10428],[28.71055,41.10516],[28.71323,41.10716],[28.7147,41.10669],[28.71606,41.10573],[28.72158,41.10645],[28.72237,41.10821],[28.7245,41.1105],[28.7275,41.11175],[28.7325,41.1135],[28.73188,41.11474],[28.73263,41.11573],[28.73242,41.11721],[28.73523,41.11663],[28.73691,41.11705],[28.73755,41.1179],[28.73988,41.11801],[28.74268,41.11911],[28.74535,41.12095],[28.74726,41.12129],[28.74749,41.1199],[28.74992,41.11881],[28.75054,41.11909],[28.75002,41.1207],[28.75118,41.12099],[28.753,41.12264],[28.7544,41.12302],[28.75825,41.12359],[28.76023,41.12511],[28.76138,41.12664],[28.76075,41.12823],[28.76138,41.12864],[28.76104,41.13041],[28.76241,41.13141],[28.7629,41.13377],[28.76396,41.1341],[28.76523,41.13556],[28.76807,41.13801],[28.76845,41.13864],[28.76589,41.13787],[28.76367,41.13687],[28.76208,41.1356],[28.75887,41.13245],[28.75462,41.13126],[28.75404,41.13212],[28.75075,41.13214],[28.75018,41.1317],[28.7485,41.1327],[28.747,41.13406],[28.74572,41.13355],[28.74031,41.1328],[28.73809,41.13395],[28.73803,41.13612],[28.73679,41.13658],[28.73514,41.13589],[28.73387,41.13101],[28.73352,41.12534],[28.72716,41.11436],[28.72172,41.11183],[28.71675,41.11175],[28.69168,41.12421],[28.68933,41.12538],[28.68372,41.12368],[28.6818,41.12228],[28.67906,41.11927],[28.67839,41.11793],[28.67713,41.11693],[28.67706,41.11581],[28.67513,41.11498],[28.67387,41.11347],[28.67375,41.11183],[28.67617,41.11122],[28.67806,41.11024],[28.68017,41.11004],[28.6837,41.11087],[28.68781,41.10831],[28.68854,41.10636],[28.6893,41.10608]]]},"properties":{"id":9446484,"name":"Şamlar Mahallesi","district_id":1766099}},{"type":"Feature","geometry":{"type":"Polygon","coordinates":[[[28.75667,40.98203],[28.74443,40.97778],[28.7418,40.97734],[28.73956,40.97734],[28.73633,40.9779],[28.73395,40.97887],[28.73208,40.97995],[28.72769,40.97895],[28.72508,40.97924],[28.7245,40.97745],[28.72238,40.97781],[28.72125,40.97408],[28.72113,40.972],[28.72378,40.97248],[28.72549,40.97327],[28.7258,40.97115],[28.72724,40.9715],[28.73285,40.97168],[28.7363,40.97117],[28.73747,40.97002],[28.73873,40.9707],[28.74119,40.97026],[28.74302,40.97184],[28.74389,40.97401],[28.74556,40.97534],[28.74854,40.97624],[28.75135,40.97826],[28.75234,40.97976],[28.75547,40.98022],[28.75677,40.97998],[28.75667,40.98203]]]},"properties":{"id":9447736,"name":"Denizköşkler Mahallesi","district_id":1766094}},{"type":"Feature","geometry":{"type":"Polygon","coordinates":[[[28.86586,40.97356],[28.8662,40.96951],[28.86877,40.96976],[28.87277,40.96984],[28.87295,40.9687],[28.87438,40.96918],[28.87304,40.97017],[28.87625,40.97257],[28.87435,40.97262],[28.87344,40.975],[28.87214,40.9754],[28.87232,40.97822],[28.86891,40.97798],[28.86761,40.97903],[28.86757,40.97978],[28.8634,40.97989],[28.86592,40.97702],[28.86631,40.97613],[28.86586,40.97356]]]},"properties":{"id":9449359,"name":"Ataköy 1. Kısım Mahallesi","district_id":1766096}},{"type":"Feature","geometry":{"type":"Polygon","coordinates":[[[28.8634,40.97989],[28.86757,40.97978],[28.86758,40.98005],[28.86827,40.98266],[28.86574,40.98387],[28.85979,40.98605],[28.85645,40.98679],[28.85581,40.9859],[28.8528,40.98641],[28.85365,40.98318],[28.85462,40.98291],[28.85676,40.98084],[28.85795,40.98083],[28.85849,40.98012],[28.8634,40.97989]]]},"properties":{"id":9449571,"name":"Ataköy 3-4-11. Kısım Mahallesi","district_id":1766096}},{"type":"Feature","geometry":{"type":"Polygon","coordinates":[[[28.84899,40.97189],[28.84964,40.97311],[28.85225,40.97448],[28.8552,40.97417],[28.85875,40.97406],[28.86182,40.97417],[28.86586,40.97356],[28.86631,40.97613],[28.86592,40.97702],[28.8634,40.97989],[28.85849,40.98012],[28.85795,40.98083],[28.85676,40.98084],[28.85462,40.98291],[28.85365,40.98318],[28.85041,40.98063],[28.85055,40.97985],[28.84741,40.97875],[28.84581,40.97786],[28.84402,40.97636],[28.84542,40.97563],[28.84716,40.97352],[28.84899,40.97189]]]},"properties":{"id":9449572,"name":"Ataköy 2-5-6. Kısım Mahallesi","district_id":1766096}},{"type":"Feature","geometry":{"type":"Polygon","coordinates":[[[28.84212,40.97903],[28.84323,40.9769],[28.84402,40.97636],[28.84581,40.97786],[28.84741,40.97875],[28.85055,40.97985],[28.85041,40.98063],[28.85365,40.98318],[28.8528,40.98641],[28.85125,40.99185],[28.84889,40.99166],[28.84337,40.99183],[28.8387,40.99212],[28.83568,40.9923],[28.82918,40.99271],[28.82531,40.99293],[28.82171,40.9931],[28.82241,40.99216],[28.83227,40.98883],[28.83636,40.98719],[28.83776,40.9864],[28.83963,40.98422],[28.84212,40.97903]]]},"properties":{"id":9449682,"name":"Ataköy 7-8-9-10. Kısım Mahallesi","district_id":1766096}},{"type":"Feature","geometry":{"type":"Polygon","coordinates":[[[28.83933,40.95833],[28.83458,40.96324],[28.83373,40.96463],[28.83398,40.96778],[28.83515,40.97122],[28.83781,40.97449],[28.8388,40.9766],[28.84067,40.97862],[28.84212,40.97903],[28.83963,40.98422],[28.83776,40.9864],[28.83636,40.98719],[28.83227,40.98883],[28.82241,40.99216],[28.82171,40.9931],[28.81888,40.99353],[28.81662,40.99423],[28.81521,40.99504],[28.81315,40.99749],[28.81157,40.99887],[28.8086,41.00018],[28.8062,41.00065],[28.80311,41.00051],[28.80044,40.9997],[28.79759,40.99802],[28.79691,40.99747],[28.79724,40.99728],[28.79823,40.99295],[28.79785,40.99281],[28.79842,40.98902],[28.79711,40.98697],[28.79882,40.98635],[28.80072,40.98427],[28.8039,40.97856],[28.80512,40.97532],[28.80479,40.96956],[28.80491,40.9687],[28.80674,40.96538],[28.80446,40.96473],[28.80289,40.96461],[28.80235,40.9625],[28.80521,40.96129],[28.80657,40.95992],[28.80916,40.95829],[28.80922,40.95683],[28.81095,40.95706],[28.81267,40.95686],[28.81419,40.95537],[28.815,40.95601],[28.81691,40.95532],[28.82215,40.95524],[28.82266,40.95698],[28.82628,40.95709],[28.82717,40.9564],[28.8288,40.95601],[28.83025,40.95479],[28.8348,40.95683],[28.83568,40.95761],[28.83705,40.95774],[28.83895,40.95715],[28.83933,40.95833]]]},"properties":{"id":9449714,"name":"Yeşilköy Mahallesi","district_id":1766096}},{"type":"Feature","geometry":{"type":"Polygon","coordinates":[[[28.83933,40.95833],[28.84144,40.96091],[28.84201,40.96112],[28.84323,40.96296],[28.84471,40.96597],[28.84576,40.96683],[28.84507,40.9678],[28.84521,40.96875],[28.84687,40.97065],[28.84899,40.97189],[28.84716,40.97352],[28.84542,40.97563],[28.84402,40.97636],[28.84323,40.9769],[28.84212,40.97903],[28.84067,40.97862],[28.8388,40.9766],[28.83781,40.97449],[28.83515,40.97122],[28.83398,40.96778],[28.83373,40.96463],[28.83458,40.96324],[28.83933,40.95833]]]},"properties":{"id":9449760,"name":"Yeşilyurt Mahallesi","district_id":1766096}},{"type":"Feature","geometry":{"type":"Polygon","coordinates":[[[28.79842,40.98902],[28.79455,40.98812],[28.79239,40.98918],[28.79073,40.98779],[28.7885,40.98664],[28.78456,40.98564],[28.77957,40.98443],[28.78166,40.98309],[28.78577,40.98142],[28.78816,40.98273],[28.79151,40.98119],[28.7935,40.9811],[28.78834,40.9708],[28.79391,40.968],[28.79447,40.96727],[28.79862,40.96377],[28.80235,40.9625],[28.80289,40.96461],[28.80446,40.96473],[28.80674,40.96538],[28.80491,40.9687],[28.80479,40.96956],[28.80512,40.97532],[28.8039,40.97856],[28.80072,40.98427],[28.79882,40.98635],[28.79711,40.98697],[28.79842,40.98902]]]},"properties":{"id":9451432,"name":"Şenlikköy Mahallesi","district_id":1766096}},{"type":"Feature","geometry":{"type":"Polygon","coordinates":[[[28.73208,40.97995],[28.73395,40.97887],[28.73633,40.9779],[28.73956,40.97734],[28.7418,40.97734],[28.74443,40.97778],[28.75667,40.98203],[28.7566,40.98315],[28.75444,40.98312],[28.74752,40.9825],[28.74061,40.98378],[28.73767,40.9841],[28.73482,40.98511],[28.73267,40.98544],[28.7308,40.98334],[28.72923,40.9837],[28.72796,40.98238],[28.73208,40.97995]]]},"properties":{"id":9453999,"name":"Gümüşpala Mahallesi","district_id":1766094}},{"type":"Feature","geometry":{"type":"Polygon","coordinates":[[[28.69062,41.04307],[28.69286,41.04225],[28.69704,41.04141],[28.69489,41.03917],[28.69178,41.03663],[28.6906,41.03633],[28.69105,41.03458],[28.69107,41.03175],[28.69635,41.03142],[28.69722,41.02925],[28.70186,41.02876],[28.70166,41.02734],[28.70154,41.02468],[28.70444,41.02434],[28.70562,41.02389],[28.70798,41.02153],[28.71224,41.02255],[28.71504,41.023],[28.71419,41.02514],[28.71428,41.02749],[28.71265,41.03145],[28.71142,41.03235],[28.71041,41.03403],[28.71002,41.0356],[28.70738,41.03745],[28.70503,41.04067],[28.70298,41.04231],[28.70399,41.04325],[28.70724,41.04428],[28.7064,41.04513],[28.70545,41.04881],[28.70346,41.05275],[28.70097,41.05678],[28.70023,41.0591],[28.6957,41.0588],[28.69156,41.05785],[28.68226,41.05499],[28.68341,41.05321],[28.68729,41.04987],[28.68969,41.04747],[28.69074,41.04471],[28.69062,41.04307]]]},"properties":{"id":9454000,"name":"Yeşilkent Mahallesi","district_id":1766094}},{"type":"Feature","geometry":{"type":"Polygon","coordinates":[[[28.71173,41.00116],[28.70573,40.99524],[28.71062,40.9925],[28.7176,40.9884],[28.72194,40.98597],[28.72796,40.98238],[28.72923,40.9837],[28.7308,40.98334],[28.73267,40.98544],[28.73482,40.98511],[28.73767,40.9841],[28.74061,40.98378],[28.73874,40.98437],[28.73793,40.98507],[28.73772,40.98624],[28.73629,40.98783],[28.73612,40.98997],[28.73498,40.99128],[28.73404,40.99302],[28.7327,40.9945],[28.73289,40.99563],[28.73244,40.99752],[28.72944,40.99772],[28.72809,40.99722],[28.72369,40.99767],[28.71876,40.99877],[28.71407,40.99705],[28.71306,40.99952],[28.71173,41.00116]]]},"properties":{"id":9454013,"name":"Üniversite Mahallesi","district_id":1766094}},{"type":"Feature","geometry":{"type":"Polygon","coordinates":[[[28.6992,41.00573],[28.69949,41.00501],[28.69882,41.00027],[28.69734,40.99979],[28.70017,40.99865],[28.70573,40.99524],[28.71173,41.00116],[28.7019,41.00941],[28.69979,41.00602],[28.6992,41.00573]]]},"properties":{"id":9454014,"name":"Mustafa Kemal Paşa Mahallesi","district_id":1766094}},{"type":"Feature","geometry":{"type":"Polygon","coordinates":[[[28.72796,40.98238],[28.72194,40.98597],[28.7176,40.9884],[28.71598,40.98412],[28.71639,40.98291],[28.71736,40.98288],[28.71674,40.98088],[28.71532,40.98112],[28.71467,40.97898],[28.71678,40.97891],[28.72238,40.97781],[28.7245,40.97745],[28.72508,40.97924],[28.72769,40.97895],[28.73208,40.97995],[28.72796,40.98238]]]},"properties":{"id":9454020,"name":"Merkez Mahallesi","district_id":1766094}},{"type":"Feature","geometry":{"type":"Polygon","coordinates":[[[28.7176,40.9884],[28.71062,40.9925],[28.70573,40.99524],[28.70017,40.99865],[28.69734,40.99979],[28.69302,40.9997],[28.69016,41.00052],[28.68773,41.00229],[28.68431,41.00114],[28.68439,40.99898],[28.68761,40.99132],[28.68785,40.99],[28.6898,40.9884],[28.69164,40.98783],[28.69444,40.98602],[28.69681,40.98359],[28.69788,40.98177],[28.69889,40.98489],[28.70569,40.98045],[28.71,40.98071],[28.71141,40.98204],[28.71532,40.98112],[28.71674,40.98088],[28.71736,40.98288],[28.71639,40.98291],[28.71598,40.98412],[28.7176,40.9884]]]},"properties":{"id":9454022,"name":"Cihangir Mahallesi","district_id":1766094}},{"type":"Feature","geometry":{"type":"Polygon","coordinates":[[[28.52099,41.06899],[28.52579,41.07188],[28.52431,41.07405],[28.51635,41.08434],[28.51522,41.08625],[28.51349,41.09147],[28.51164,41.09633],[28.50809,41.10268],[28.50454,41.10866],[28.50269,41.11139],[28.50147,41.11275],[28.49789,41.11591],[28.49345,41.12133],[28.49266,41.12195],[28.48978,41.11997],[28.48866,41.11864],[28.48884,41.1157],[28.48787,41.11449],[28.4853,41.1137],[28.4876,41.11092],[28.48521,41.11037],[28.48418,41.10977],[28.48229,41.11202],[28.4796,41.11329],[28.4788,41.11315],[28.47619,41.11094],[28.47659,41.10967],[28.47859,41.10875],[28.47977,41.1018],[28.47755,41.1022],[28.47797,41.09972],[28.47715,41.09855],[28.47938,41.09474],[28.48051,41.09397],[28.47928,41.09315],[28.48148,41.09143],[28.48241,41.09139],[28.48252,41.08933],[28.47672,41.08589],[28.47618,41.08572],[28.47721,41.08281],[28.47463,41.07864],[28.47403,41.07631],[28.4724,41.07537],[28.47128,41.07155],[28.47244,41.06974],[28.4718,41.06823],[28.47283,41.0674],[28.47416,41.06468],[28.4757,41.06326],[28.47584,41.06256],[28.4771,41.06162],[28.47742,41.06068],[28.47905,41.05911],[28.4805,41.05715],[28.48169,41.05631],[28.48303,41.05655],[28.48405,41.05584],[28.48551,41.05707],[28.48823,41.05709],[28.48945,41.05663],[28.49076,41.05731],[28.49482,41.05729],[28.49818,41.05797],[28.49984,41.0588],[28.50112,41.05881],[28.50254,41.05947],[28.50367,41.06145],[28.50536,41.06263],[28.506,41.06398],[28.50731,41.06519],[28.50977,41.0663],[28.51066,41.06706],[28.51239,41.06695],[28.51536,41.06775],[28.51596,41.06868],[28.51574,41.06957],[28.51664,41.07063],[28.51824,41.07044],[28.52099,41.06899]]]},"properties":{"id":9460089,"name":"Muratbey Merkez Mahallesi","district_id":1275389}},{"type":"Feature","geometry":{"type":"Polygon","coordinates":[[[28.39338,41.07772],[28.39417,41.07614],[28.39309,41.07513],[28.39356,41.07356],[28.3922,41.07099],[28.39303,41.06831],[28.39244,41.06643],[28.39439,41.06625],[28.39363,41.06491],[28.39363,41.06078],[28.39265,41.05926],[28.39346,41.05808],[28.39371,41.05651],[28.39322,41.05569],[28.39234,41.051],[28.39099,41.04809],[28.39367,41.04866],[28.39738,41.04785],[28.40581,41.04569],[28.41323,41.04355],[28.42256,41.04054],[28.42409,41.04289],[28.42584,41.04502],[28.42711,41.04731],[28.42834,41.04873],[28.43061,41.05269],[28.42985,41.05301],[28.43158,41.05708],[28.43035,41.05824],[28.43173,41.05923],[28.4335,41.06408],[28.43341,41.06555],[28.43483,41.06887],[28.43903,41.07363],[28.44043,41.07459],[28.44124,41.07651],[28.4381,41.07737],[28.43672,41.07843],[28.43509,41.07822],[28.43272,41.07902],[28.43035,41.07811],[28.42982,41.07721],[28.42707,41.07662],[28.42479,41.07661],[28.42223,41.07565],[28.42037,41.07701],[28.41712,41.0776],[28.4161,41.07833],[28.41538,41.07984],[28.41425,41.08126],[28.4122,41.08248],[28.4095,41.08272],[28.40777,41.08322],[28.40202,41.08573],[28.39912,41.08365],[28.39767,41.0842],[28.39489,41.08157],[28.39338,41.07772]]]},"properties":{"id":9460103,"name":"Celaliye Mahallesi","district_id":1275387}},{"type":"Feature","geometry":{"type":"Polygon","coordinates":[[[28.4718,41.06823],[28.47038,41.06846],[28.46732,41.06779],[28.46446,41.06803],[28.45946,41.06915],[28.45798,41.06849],[28.45667,41.06882],[28.45549,41.06984],[28.45204,41.0705],[28.45017,41.0725],[28.44855,41.07381],[28.44426,41.0761],[28.44268,41.07659],[28.44124,41.07651],[28.44043,41.07459],[28.43903,41.07363],[28.43483,41.06887],[28.43341,41.06555],[28.4335,41.06408],[28.43173,41.05923],[28.43035,41.05824],[28.43158,41.05708],[28.42985,41.05301],[28.43061,41.05269],[28.42834,41.04873],[28.42711,41.04731],[28.42584,41.04502],[28.42409,41.04289],[28.42256,41.04054],[28.42612,41.0394],[28.42924,41.03861],[28.43044,41.03795],[28.4361,41.03614],[28.43687,41.03603],[28.44129,41.03429],[28.44821,41.0318],[28.44982,41.03425],[28.4503,41.03416],[28.45219,41.03747],[28.45326,41.04129],[28.4545,41.04429],[28.45831,41.04319],[28.45889,41.04332],[28.46081,41.04686],[28.46716,41.05042],[28.46812,41.04969],[28.4705,41.04632],[28.47341,41.04411],[28.47427,41.04224],[28.47534,41.04075],[28.47687,41.03978],[28.48048,41.03952],[28.48304,41.04475],[28.48405,41.04824],[28.48436,41.05085],[28.4848,41.05185],[28.48236,41.05364],[28.48006,41.0546],[28.4805,41.05715],[28.47905,41.05911],[28.47742,41.06068],[28.4771,41.06162],[28.47584,41.06256],[28.4757,41.06326],[28.47416,41.06468],[28.47283,41.0674],[28.4718,41.06823]]]},"properties":{"id":9460117,"name":"Kamiloba Mahallesi","district_id":1275387}},{"type":"Feature","geometry":{"type":"Polygon","coordinates":[[[28.47714,41.03565],[28.47983,41.03801],[28.48048,41.03952],[28.47687,41.03978],[28.47534,41.04075],[28.47427,41.04224],[28.47341,41.04411],[28.4705,41.04632],[28.46812,41.04969],[28.46716,41.05042],[28.46081,41.04686],[28.45889,41.04332],[28.45831,41.04319],[28.4545,41.04429],[28.45326,41.04129],[28.45219,41.03747],[28.4503,41.03416],[28.44982,41.03425],[28.44821,41.0318],[28.45828,41.02779],[28.45953,41.02699],[28.46577,41.02463],[28.46697,41.0266],[28.47123,41.03005],[28.47213,41.03201],[28.47465,41.0333],[28.47714,41.03565]]]},"properties":{"id":9460130,"name":"Kumburgaz Mahallesi","district_id":1275387}},{"type":"Feature","geometry":{"type":"Polygon","coordinates":[[[28.46577,41.02463],[28.47171,41.02191],[28.47442,41.02019],[28.47539,41.01825],[28.47816,41.01711],[28.47921,41.01923],[28.48289,41.02286],[28.48406,41.02367],[28.48173,41.02581],[28.47965,41.02809],[28.47929,41.02911],[28.4812,41.03031],[28.48105,41.03147],[28.47972,41.03399],[28.47714,41.03565],[28.47465,41.0333],[28.47213,41.03201],[28.47123,41.03005],[28.46697,41.0266],[28.46577,41.02463]]]},"properties":{"id":9460292,"name":"Yenimahalle Mahallesi","district_id":1275387}},{"type":"Feature","geometry":{"type":"Polygon","coordinates":[[[28.47816,41.01711],[28.48024,41.0162],[28.48184,41.01484],[28.48165,41.01368],[28.48257,41.01299],[28.48683,41.01153],[28.49741,41.0074],[28.50212,41.00536],[28.50405,41.00886],[28.50043,41.01045],[28.50182,41.01258],[28.5014,41.01385],[28.50199,41.01513],[28.5012,41.01732],[28.50264,41.02089],[28.50342,41.02152],[28.50348,41.02826],[28.5044,41.03114],[28.49946,41.03783],[28.49775,41.03952],[28.49589,41.04417],[28.49344,41.04504],[28.49047,41.04767],[28.48682,41.04996],[28.4848,41.05185],[28.48436,41.05085],[28.48405,41.04824],[28.48304,41.04475],[28.48048,41.03952],[28.47983,41.03801],[28.47714,41.03565],[28.47972,41.03399],[28.48105,41.03147],[28.4812,41.03031],[28.47929,41.02911],[28.47965,41.02809],[28.48173,41.02581],[28.48406,41.02367],[28.48289,41.02286],[28.47921,41.01923],[28.47816,41.01711]]]},"properties":{"id":9460298,"name":"Bahçelievler Mahallesi","district_id":1275387}},{"type":"Feature","geometry":{"type":"Polygon","coordinates":[[[28.52902,41.02307],[28.53126,41.02557],[28.53173,41.02666],[28.53191,41.02993],[28.53305,41.03265],[28.53345,41.03446],[28.53537,41.03692],[28.53371,41.03768],[28.53173,41.03931],[28.53295,41.04],[28.53202,41.04138],[28.52927,41.04389],[28.52718,41.04617],[28.52747,41.04763],[28.52678,41.04985],[28.52479,41.05279],[28.52371,41.05377],[28.52102,41.05333],[28.5196,41.05355],[28.51706,41.05737],[28.51597,41.05829],[28.51424,41.06175],[28.51239,41.06695],[28.51066,41.06706],[28.50977,41.0663],[28.50731,41.06519],[28.506,41.06398],[28.50536,41.06263],[28.50367,41.06145],[28.50254,41.05947],[28.50112,41.05881],[28.49984,41.0588],[28.49818,41.05797],[28.49482,41.05729],[28.49076,41.05731],[28.48945,41.05663],[28.48823,41.05709],[28.48551,41.05707],[28.48405,41.05584],[28.48303,41.05655],[28.48169,41.05631],[28.4805,41.05715],[28.48006,41.0546],[28.48236,41.05364],[28.4848,41.05185],[28.48682,41.04996],[28.49047,41.04767],[28.49344,41.04504],[28.49589,41.04417],[28.49775,41.03952],[28.49946,41.03783],[28.5044,41.03114],[28.50348,41.02826],[28.50444,41.02791],[28.50776,41.02785],[28.50776,41.02736],[28.51053,41.02458],[28.51188,41.02379],[28.51308,41.02187],[28.51668,41.02103],[28.52053,41.02099],[28.52902,41.02307]]]},"properties":{"id":9460313,"name":"Türkoba Mahallesi","district_id":1275387}},{"type":"Feature","geometry":{"type":"Polygon","coordinates":[[[28.52753,41.01008],[28.52434,41.01611],[28.52053,41.02099],[28.51668,41.02103],[28.51308,41.02187],[28.51188,41.02379],[28.51053,41.02458],[28.50776,41.02736],[28.50776,41.02785],[28.50444,41.02791],[28.50348,41.02826],[28.50342,41.02152],[28.50264,41.02089],[28.5012,41.01732],[28.50199,41.01513],[28.5014,41.01385],[28.50182,41.01258],[28.50043,41.01045],[28.50405,41.00886],[28.50212,41.00536],[28.50613,41.00338],[28.50702,41.00252],[28.50842,41.00213],[28.50904,41.00054],[28.5104,40.99854],[28.51178,40.99837],[28.51299,40.9977],[28.51576,40.99728],[28.52443,40.99367],[28.52838,40.99178],[28.52992,40.99482],[28.53087,40.99604],[28.53168,40.99887],[28.53133,40.99992],[28.53131,41.00151],[28.53213,41.00254],[28.53113,41.00296],[28.52732,41.00555],[28.52802,41.00705],[28.52753,41.01008]]]},"properties":{"id":9460363,"name":"Güzelce Mahallesi","district_id":1275387}},{"type":"Feature","geometry":{"type":"MultiPolygon","coordinates":[[[[28.57121,41.02511],[28.56345,41.02603],[28.56458,41.02511],[28.57027,41.02454],[28.57117,41.02412],[28.57121,41.02511]]],[[[28.56341,41.02484],[28.56277,41.02406],[28.56126,41.02402],[28.55174,41.0231],[28.54767,41.02306],[28.54673,41.01927],[28.54955,41.01871],[28.55204,41.01734],[28.5501,41.01712],[28.54772,41.01618],[28.54574,41.01413],[28.54634,41.01385],[28.54851,41.01064],[28.54849,41.00958],[28.55059,41.00943],[28.55234,41.00755],[28.55364,41.00896],[28.55657,41.00991],[28.55842,41.01137],[28.56292,41.01372],[28.56305,41.01623],[28.56409,41.01685],[28.56525,41.01663],[28.5675,41.01816],[28.57059,41.01814],[28.57177,41.0185],[28.57182,41.01984],[28.56993,41.02093],[28.56725,41.02121],[28.56613,41.0218],[28.56329,41.02228],[28.56279,41.02308],[28.56367,41.02405],[28.56341,41.02484]]]]},"properties":{"id":9460377,"name":"Mimarsinan Mahallesi","district_id":1275387}},{"type":"Feature","geometry":{"type":"Polygon","coordinates":[[[28.53568,41.01188],[28.54574,41.01413],[28.54772,41.01618],[28.5501,41.01712],[28.55204,41.01734],[28.54955,41.01871],[28.54673,41.01927],[28.54767,41.02306],[28.54485,41.02356],[28.54276,41.02276],[28.53787,41.02325],[28.53414,41.02295],[28.53166,41.02348],[28.52902,41.02307],[28.52053,41.02099],[28.52434,41.01611],[28.52753,41.01008],[28.53568,41.01188]]]},"properties":{"id":9460378,"name":"Murat Çesme Mahallesi","district_id":1275387}},{"type":"Feature","geometry":{"type":"MultiPolygon","coordinates":[[[[28.99551,40.86565],[28.99446,40.86632],[28.99291,40.86596],[28.9902,40.86622],[28.99131,40.86397],[28.99351,40.86315],[28.99506,40.86354],[28.997,40.86499],[28.99551,40.86565]]],[[[29.05556,40.90878],[29.05579,40.91049],[29.05308,40.91349],[29.05055,40.91387],[29.0494,40.91439],[29.04591,40.91387],[29.0447,40.9139],[29.0399,40.91278],[29.03917,40.91184],[29.04064,40.9089],[29.04316,40.90663],[29.04479,40.90618],[29.04594,40.90457],[29.04506,40.90393],[29.0452,40.90278],[29.04679,40.90249],[29.05117,40.90281],[29.05237,40.90337],[29.05406,40.90351],[29.05697,40.9055],[29.0571,40.90665],[29.05663,40.90778],[29.05556,40.90878]]]]},"properties":{"id":9460393,"name":"Kınalıada Mahallesi","district_id":963209}},{"type":"Feature","geometry":{"type":"MultiPolygon","coordinates":[[[[29.05726,40.88365],[29.05703,40.88278],[29.05472,40.88127],[29.05405,40.87941],[29.05316,40.87801],[29.05381,40.87631],[29.05628,40.87522],[29.05871,40.87525],[29.06103,40.87487],[29.06306,40.87386],[29.0667,40.87475],[29.06886,40.87613],[29.07039,40.87847],[29.07247,40.87927],[29.07066,40.87968],[29.06972,40.8804],[29.06983,40.88128],[29.06877,40.88272],[29.06954,40.88459],[29.06518,40.88527],[29.06343,40.88516],[29.06264,40.88554],[29.06055,40.88535],[29.05999,40.88643],[29.05721,40.88623],[29.05633,40.88675],[29.05521,40.88626],[29.05665,40.88523],[29.05726,40.88365]]],[[[29.07727,40.88237],[29.07788,40.88384],[29.07881,40.88492],[29.07727,40.88573],[29.07605,40.88475],[29.07627,40.88364],[29.07727,40.88237]]],[[[28.97399,40.87645],[28.97223,40.87707],[28.96955,40.87582],[28.96917,40.87525],[28.97001,40.87398],[28.97164,40.8745],[28.97435,40.87476],[28.97353,40.87553],[28.97399,40.87645]]]]},"properties":{"id":9460394,"name":"Burgazada Mahallesi","district_id":963209}},{"type":"Feature","geometry":{"type":"Polygon","coordinates":[[[29.08321,40.8769],[29.08121,40.87672],[29.07831,40.87572],[29.07603,40.87404],[29.07486,40.87239],[29.07583,40.87204],[29.07613,40.8706],[29.07471,40.86922],[29.07517,40.86854],[29.0775,40.8681],[29.08056,40.86799],[29.0822,40.8674],[29.08328,40.86812],[29.08231,40.86981],[29.08328,40.8712],[29.08494,40.87162],[29.0876,40.87108],[29.08841,40.86984],[29.08719,40.86926],[29.08693,40.86819],[29.08822,40.86822],[29.08977,40.8691],[29.09197,40.86941],[29.09586,40.86961],[29.09717,40.86945],[29.09937,40.87077],[29.10005,40.87183],[29.10196,40.87286],[29.10175,40.87479],[29.10268,40.87544],[29.10067,40.87793],[29.09919,40.88049],[29.10022,40.88121],[29.09869,40.88382],[29.09649,40.88472],[29.09314,40.88482],[29.09123,40.88344],[29.08865,40.88259],[29.09053,40.88153],[29.09029,40.88041],[29.08507,40.87736],[29.08321,40.8769]]]},"properties":{"id":9460395,"name":"Heybeliada Mahallesi","district_id":963209}},{"type":"Feature","geometry":{"type":"Polygon","coordinates":[[[29.12361,40.83807],[29.12338,40.8397],[29.11942,40.84107],[29.11881,40.84149],[29.1194,40.84306],[29.11921,40.84458],[29.11975,40.8454],[29.12143,40.8466],[29.1219,40.84768],[29.12152,40.85054],[29.12174,40.85179],[29.12105,40.85421],[29.11992,40.85695],[29.12044,40.85843],[29.1196,40.86077],[29.12041,40.86129],[29.12288,40.86157],[29.12494,40.86331],[29.12666,40.86438],[29.12811,40.86647],[29.13083,40.86848],[29.13087,40.86974],[29.12997,40.87043],[29.12932,40.87422],[29.12961,40.8751],[29.12555,40.874],[29.12348,40.87324],[29.12033,40.87164],[29.11783,40.8717],[29.11701,40.87092],[29.11495,40.87046],[29.1152,40.86855],[29.11452,40.86722],[29.1146,40.86567],[29.11542,40.86449],[29.11524,40.86346],[29.11428,40.86209],[29.11327,40.86159],[29.10975,40.86115],[29.10813,40.86155],[29.10796,40.86037],[29.10922,40.86047],[29.11304,40.85969],[29.11278,40.85831],[29.11185,40.85757],[29.11191,40.85542],[29.11043,40.85401],[29.11053,40.85304],[29.11259,40.85111],[29.11456,40.84723],[29.11468,40.84638],[29.11404,40.8449],[29.11092,40.84326],[29.10994,40.84214],[29.11184,40.84181],[29.1128,40.84059],[29.11272,40.83915],[29.11474,40.83818],[29.11638,40.83855],[29.11929,40.83824],[29.12263,40.83856],[29.12361,40.83807]]]},"properties":{"id":9460396,"name":"Nizam Mahallesi","district_id":963209}},{"type":"Feature","geometry":{"type":"MultiPolygon","coordinates":[[[[29.12961,40.8751],[29.12932,40.87422],[29.12997,40.87043],[29.13087,40.86974],[29.13083,40.86848],[29.12811,40.86647],[29.12666,40.86438],[29.12494,40.86331],[29.12288,40.86157],[29.12041,40.86129],[29.1196,40.86077],[29.12044,40.85843],[29.11992,40.85695],[29.12105,40.85421],[29.12174,40.85179],[29.12152,40.85054],[29.1219,40.84768],[29.12143,40.8466],[29.11975,40.8454],[29.11921,40.84458],[29.1194,40.84306],[29.11881,40.84149],[29.11942,40.84107],[29.12338,40.8397],[29.12361,40.83807],[29.12508,40.83984],[29.12427,40.84141],[29.12483,40.84293],[29.12427,40.84391],[29.12659,40.84625],[29.12653,40.84774],[29.12576,40.85219],[29.12519,40.85391],[29.12552,40.85578],[29.12616,40.85734],[29.12884,40.8595],[29.1305,40.85988],[29.13153,40.86131],[29.133,40.86256],[29.13524,40.8654],[29.13752,40.86792],[29.13783,40.86921],[29.13905,40.8698],[29.13914,40.87089],[29.138,40.87225],[29.1361,40.87339],[29.13526,40.87469],[29.134,40.87495],[29.13209,40.87467],[29.12961,40.8751]]],[[[29.14821,40.84799],[29.14822,40.84917],[29.14695,40.85036],[29.1468,40.8519],[29.14623,40.85269],[29.14423,40.85372],[29.1441,40.85514],[29.14295,40.85548],[29.14239,40.85346],[29.14055,40.8509],[29.14313,40.84884],[29.14457,40.84739],[29.14578,40.84683],[29.14772,40.84685],[29.14821,40.84799]]],[[[29.11366,40.81803],[29.11395,40.81862],[29.11317,40.82067],[29.11102,40.82032],[29.11249,40.81941],[29.11366,40.81803]]]]},"properties":{"id":9460397,"name":"Maden Mahallesi","district_id":963209}},{"type":"Feature","geometry":{"type":"Polygon","coordinates":[[[28.83297,41.06804],[28.8338,41.06889],[28.83733,41.07231],[28.83843,41.0753],[28.83987,41.07823],[28.84284,41.08288],[28.84331,41.08388],[28.84508,41.09032],[28.84693,41.09519],[28.84904,41.09774],[28.85054,41.10158],[28.85015,41.10595],[28.84985,41.10743],[28.84766,41.11113],[28.84558,41.11215],[28.84508,41.11289],[28.84503,41.11484],[28.84576,41.11743],[28.84524,41.11899],[28.84419,41.12005],[28.83532,41.12613],[28.83206,41.12787],[28.82778,41.13056],[28.82385,41.13523],[28.82267,41.13582],[28.8203,41.13636],[28.81519,41.13633],[28.81162,41.13619],[28.80895,41.13671],[28.80731,41.13752],[28.79928,41.14288],[28.79557,41.14496],[28.7932,41.14387],[28.7936,41.14032],[28.79312,41.13938],[28.79431,41.13905],[28.79524,41.13718],[28.80016,41.13284],[28.80177,41.13216],[28.80229,41.13115],[28.80386,41.1298],[28.80512,41.12824],[28.80727,41.12625],[28.80636,41.12439],[28.80598,41.12121],[28.80443,41.11999],[28.80117,41.11901],[28.7994,41.11768],[28.79833,41.11553],[28.7951,41.10756],[28.79401,41.10463],[28.79639,41.10339],[28.79697,41.09873],[28.80107,41.09903],[28.80185,41.09453],[28.79942,41.09431],[28.79939,41.09328],[28.80189,41.09347],[28.80239,41.09068],[28.80318,41.09041],[28.80476,41.0876],[28.80637,41.08631],[28.80679,41.08545],[28.81008,41.08399],[28.81024,41.08227],[28.81152,41.08027],[28.81399,41.07528],[28.81384,41.07398],[28.81482,41.0716],[28.81408,41.06998],[28.81585,41.06988],[28.81765,41.07074],[28.81978,41.07075],[28.82367,41.06995],[28.82898,41.06967],[28.83297,41.06804]]]},"properties":{"id":9461411,"name":"Başak Mahallesi","district_id":1766099}},{"type":"Feature","geometry":{"type":"Polygon","coordinates":[[[28.78789,41.09119],[28.7865,41.0917],[28.78338,41.08936],[28.78321,41.08811],[28.78095,41.0873],[28.77738,41.08689],[28.77469,41.08752],[28.77532,41.08899],[28.77431,41.09282],[28.77281,41.093],[28.77034,41.09403],[28.7701,41.09311],[28.76617,41.09604],[28.76474,41.09523],[28.76459,41.09447],[28.76293,41.09311],[28.76186,41.08976],[28.76066,41.08895],[28.75858,41.0886],[28.75817,41.08755],[28.75836,41.08629],[28.75933,41.08481],[28.75885,41.08202],[28.75962,41.08024],[28.75868,41.07715],[28.75945,41.0748],[28.75898,41.07146],[28.75786,41.06592],[28.75799,41.06498],[28.75705,41.0623],[28.75689,41.06109],[28.76206,41.06196],[28.76685,41.06243],[28.77221,41.06221],[28.77755,41.06231],[28.78161,41.06274],[28.78466,41.06328],[28.7904,41.06408],[28.79449,41.06397],[28.79617,41.06371],[28.80507,41.06162],[28.80798,41.0613],[28.81163,41.06129],[28.81325,41.06382],[28.81378,41.06518],[28.8136,41.0674],[28.81003,41.06757],[28.8099,41.06574],[28.80636,41.06485],[28.80395,41.0647],[28.80321,41.06301],[28.796,41.06432],[28.78978,41.0645],[28.78466,41.06452],[28.78258,41.06393],[28.78096,41.06435],[28.781,41.06562],[28.78019,41.06752],[28.78095,41.06788],[28.78231,41.06736],[28.78371,41.06758],[28.78442,41.06839],[28.78404,41.06919],[28.77941,41.06906],[28.77935,41.07179],[28.78015,41.07293],[28.78239,41.07406],[28.78621,41.07384],[28.78561,41.07127],[28.78669,41.06643],[28.79357,41.06698],[28.7924,41.06993],[28.79257,41.07073],[28.79116,41.07202],[28.79346,41.07311],[28.79338,41.07864],[28.79126,41.07938],[28.78981,41.07903],[28.78644,41.0775],[28.78574,41.08058],[28.78558,41.08272],[28.78463,41.08554],[28.78789,41.09119]]]},"properties":{"id":9461512,"name":"Ziya Gökalp Mahallesi","district_id":1766099}},{"type":"Feature","geometry":{"type":"Polygon","coordinates":[[[28.76617,41.09604],[28.7701,41.09311],[28.77034,41.09403],[28.77281,41.093],[28.77431,41.09282],[28.77532,41.08899],[28.77469,41.08752],[28.77738,41.08689],[28.78095,41.0873],[28.78321,41.08811],[28.78338,41.08936],[28.7865,41.0917],[28.78789,41.09119],[28.79052,41.0957],[28.79165,41.09873],[28.79317,41.1017],[28.79401,41.10463],[28.7951,41.10756],[28.79833,41.11553],[28.7994,41.11768],[28.80117,41.11901],[28.80443,41.11999],[28.80598,41.12121],[28.80636,41.12439],[28.80727,41.12625],[28.80512,41.12824],[28.80386,41.1298],[28.80229,41.13115],[28.80177,41.13216],[28.80016,41.13284],[28.79524,41.13718],[28.79431,41.13905],[28.79312,41.13938],[28.79262,41.13788],[28.79129,41.13658],[28.79089,41.13522],[28.79129,41.13217],[28.79042,41.12918],[28.78857,41.12721],[28.78613,41.12553],[28.78418,41.1212],[28.77924,41.11671],[28.77814,41.11381],[28.77242,41.10859],[28.7733,41.10186],[28.7723,41.09976],[28.77172,41.09977],[28.767,41.09728],[28.76617,41.09604]]]},"properties":{"id":9461575,"name":"Başakşehir Mahallesi","district_id":1766099}},{"type":"Feature","geometry":{"type":"Polygon","coordinates":[[[28.76474,41.09523],[28.76151,41.09407],[28.76046,41.09671],[28.76139,41.09847],[28.76028,41.09942],[28.76037,41.10042],[28.75936,41.10152],[28.75566,41.10286],[28.75367,41.10296],[28.75263,41.10339],[28.74935,41.10349],[28.74768,41.10388],[28.74656,41.10467],[28.7467,41.10542],[28.74485,41.10609],[28.74234,41.10775],[28.74153,41.10739],[28.73941,41.10827],[28.73839,41.1066],[28.73814,41.10574],[28.73877,41.10209],[28.73936,41.10089],[28.73888,41.09931],[28.73969,41.09591],[28.73922,41.09449],[28.7377,41.09235],[28.7377,41.09124],[28.74034,41.08891],[28.74187,41.08849],[28.7422,41.08787],[28.74183,41.08362],[28.74072,41.0801],[28.73978,41.07626],[28.74241,41.07457],[28.74471,41.07371],[28.75898,41.07146],[28.75945,41.0748],[28.75868,41.07715],[28.75962,41.08024],[28.75885,41.08202],[28.75933,41.08481],[28.75836,41.08629],[28.75817,41.08755],[28.75858,41.0886],[28.76066,41.08895],[28.76186,41.08976],[28.76293,41.09311],[28.76459,41.09447],[28.76474,41.09523]]]},"properties":{"id":9461576,"name":"Güvercintepe Mahallesi","district_id":1766099}},{"type":"Feature","geometry":{"type":"Polygon","coordinates":[[[28.78789,41.09119],[28.78463,41.08554],[28.78558,41.08272],[28.78574,41.08058],[28.78644,41.0775],[28.78981,41.07903],[28.79126,41.07938],[28.79338,41.07864],[28.79346,41.07311],[28.79116,41.07202],[28.79257,41.07073],[28.7924,41.06993],[28.79357,41.06698],[28.78669,41.06643],[28.78561,41.07127],[28.78621,41.07384],[28.78239,41.07406],[28.78015,41.07293],[28.77935,41.07179],[28.77941,41.06906],[28.78404,41.06919],[28.78442,41.06839],[28.78371,41.06758],[28.78231,41.06736],[28.78095,41.06788],[28.78019,41.06752],[28.781,41.06562],[28.78096,41.06435],[28.78258,41.06393],[28.78466,41.06452],[28.78978,41.0645],[28.796,41.06432],[28.80321,41.06301],[28.80395,41.0647],[28.80636,41.06485],[28.8099,41.06574],[28.81003,41.06757],[28.8136,41.0674],[28.81344,41.06857],[28.81408,41.06998],[28.81482,41.0716],[28.81384,41.07398],[28.81399,41.07528],[28.81152,41.08027],[28.81024,41.08227],[28.81008,41.08399],[28.80679,41.08545],[28.80637,41.08631],[28.80476,41.0876],[28.80318,41.09041],[28.80239,41.09068],[28.80189,41.09347],[28.79939,41.09328],[28.79942,41.09431],[28.80185,41.09453],[28.80107,41.09903],[28.79697,41.09873],[28.79639,41.10339],[28.79401,41.10463],[28.79317,41.1017],[28.79165,41.09873],[28.79052,41.0957],[28.78789,41.09119]]]},"properties":{"id":9461611,"name":"İkitelli OSB Mahallesi","district_id":1766099}},{"type":"Feature","geometry":{"type":"Polygon","coordinates":[[[29.17916,41.00742],[29.17942,41.00966],[29.17776,41.01125],[29.17699,41.01154],[29.17444,41.01137],[29.17035,41.01164],[29.16875,41.01219],[29.16643,41.0125],[29.1643,41.01316],[29.16439,41.01048],[29.16203,41.00742],[29.15679,41.00157],[29.15609,41.00061],[29.15486,40.99816],[29.15532,40.99464],[29.15794,40.99464],[29.15801,40.99537],[29.15954,40.9967],[29.15532,40.99857],[29.15618,41.00062],[29.16194,41.007],[29.16979,41.00361],[29.17411,41.00677],[29.17916,41.00742]]]},"properties":{"id":9462467,"name":"Esenşehir Mahallesi","district_id":1276890}},{"type":"Feature","geometry":{"type":"Polygon","coordinates":[[[29.19007,41.0141],[29.18456,41.01468],[29.18345,41.01515],[29.18257,41.01631],[29.18145,41.01606],[29.17995,41.01417],[29.17812,41.01346],[29.17699,41.01154],[29.17776,41.01125],[29.17942,41.00966],[29.17916,41.00742],[29.1814,41.00766],[29.1863,41.0075],[29.18568,41.00904],[29.1878,41.00976],[29.19117,41.01013],[29.19466,41.0114],[29.19396,41.01332],[29.19083,41.01351],[29.19074,41.01401],[29.19007,41.0141]]]},"properties":{"id":9462497,"name":"Madenler Mahallesi","district_id":1276890}},{"type":"Feature","geometry":{"type":"Polygon","coordinates":[[[29.16979,41.00361],[29.17449,41.00173],[29.17528,41.00294],[29.17739,41.00387],[29.17707,41.00521],[29.17888,41.00569],[29.18182,41.00409],[29.18485,41.00305],[29.18638,41.0021],[29.18712,41.00017],[29.18705,40.99803],[29.18787,40.99617],[29.18919,40.99404],[29.18802,40.99304],[29.18507,40.99368],[29.17848,40.9938],[29.17739,40.99186],[29.1751,40.99281],[29.1748,40.99381],[29.17308,40.99336],[29.1709,40.99393],[29.1674,40.99398],[29.16301,40.99471],[29.16094,40.9961],[29.15954,40.9967],[29.15801,40.99537],[29.15794,40.99464],[29.16152,40.99457],[29.16509,40.99419],[29.1687,40.9933],[29.17295,40.99192],[29.17733,40.99084],[29.17961,40.99054],[29.18777,40.99026],[29.19039,40.98976],[29.19262,40.98897],[29.19334,40.98959],[29.19279,40.99247],[29.1913,40.99267],[29.19282,40.99562],[29.19294,40.9967],[29.19029,41.0026],[29.18941,41.00594],[29.18777,41.00671],[29.18777,41.00744],[29.1863,41.0075],[29.1814,41.00766],[29.17916,41.00742],[29.17411,41.00677],[29.16979,41.00361]]]},"properties":{"id":9462498,"name":"Esenkent Mahallesi","district_id":1276890}},{"type":"Feature","geometry":{"type":"Polygon","coordinates":[[[29.17711,41.02432],[29.17346,41.02741],[29.17175,41.02938],[29.16835,41.02274],[29.16783,41.02136],[29.16794,41.01862],[29.16769,41.01793],[29.16558,41.01677],[29.16365,41.01635],[29.1643,41.01316],[29.16643,41.0125],[29.16875,41.01219],[29.17035,41.01164],[29.17444,41.01137],[29.17699,41.01154],[29.17812,41.01346],[29.17995,41.01417],[29.18145,41.01606],[29.18257,41.01631],[29.17977,41.02132],[29.17711,41.02432]]]},"properties":{"id":9462526,"name":"Necip Fazıl Mahallesi","district_id":1276890}},{"type":"Feature","geometry":{"type":"Polygon","coordinates":[[[29.15969,41.02271],[29.15857,41.02137],[29.16044,41.01901],[29.15956,41.01652],[29.16114,41.01622],[29.16365,41.01635],[29.16558,41.01677],[29.16769,41.01793],[29.16794,41.01862],[29.16783,41.02136],[29.16835,41.02274],[29.17175,41.02938],[29.17004,41.03076],[29.1664,41.03176],[29.16414,41.03311],[29.16308,41.03192],[29.16504,41.03053],[29.16522,41.02828],[29.1646,41.02711],[29.16475,41.02557],[29.16326,41.02412],[29.16171,41.02356],[29.16083,41.0227],[29.15969,41.02271]]]},"properties":{"id":9462528,"name":"Aşağı Dudullu Mahallesi","district_id":1276890}},{"type":"Feature","geometry":{"type":"Polygon","coordinates":[[[29.16414,41.03311],[29.16124,41.03498],[29.1573,41.03566],[29.15776,41.03376],[29.15884,41.03145],[29.1579,41.02814],[29.15893,41.02647],[29.15969,41.02271],[29.16083,41.0227],[29.16171,41.02356],[29.16326,41.02412],[29.16475,41.02557],[29.1646,41.02711],[29.16522,41.02828],[29.16504,41.03053],[29.16308,41.03192],[29.16414,41.03311]]]},"properties":{"id":9462535,"name":"Huzur Mahallesi","district_id":1276890}},{"type":"Feature","geometry":{"type":"Polygon","coordinates":[[[29.15969,41.02271],[29.15752,41.02289],[29.15705,41.02386],[29.15531,41.02555],[29.15238,41.02633],[29.14942,41.02764],[29.15079,41.02595],[29.15038,41.02393],[29.15088,41.022],[29.14979,41.02007],[29.14957,41.01828],[29.15128,41.01584],[29.15239,41.01581],[29.15421,41.0165],[29.1561,41.01677],[29.15956,41.01652],[29.16044,41.01901],[29.15857,41.02137],[29.15969,41.02271]]]},"properties":{"id":9462548,"name":"Adem Yavuz Mahallesi","district_id":1276890}},{"type":"Feature","geometry":{"type":"Polygon","coordinates":[[[29.1573,41.03566],[29.15412,41.03673],[29.14946,41.03663],[29.1491,41.03361],[29.14738,41.03127],[29.1473,41.03042],[29.14804,41.0286],[29.14942,41.02764],[29.15238,41.02633],[29.15531,41.02555],[29.15705,41.02386],[29.15752,41.02289],[29.15969,41.02271],[29.15893,41.02647],[29.1579,41.02814],[29.15884,41.03145],[29.15776,41.03376],[29.1573,41.03566]]]},"properties":{"id":9462585,"name":"Parseller Mahallesi","district_id":1276890}},{"type":"Feature","geometry":{"type":"Polygon","coordinates":[[[29.11275,41.05937],[29.11068,41.05969],[29.10761,41.06122],[29.10346,41.0611],[29.1,41.06034],[29.09849,41.06108],[29.09644,41.0612],[29.09552,41.06304],[29.09661,41.06435],[29.09289,41.06536],[29.08988,41.06544],[29.08581,41.06417],[29.0836,41.06374],[29.08515,41.062],[29.0855,41.06047],[29.08787,41.0604],[29.09019,41.05741],[29.09216,41.05689],[29.09325,41.0559],[29.09551,41.05499],[29.09662,41.05413],[29.09883,41.0543],[29.10013,41.05513],[29.10398,41.05499],[29.10492,41.05464],[29.10606,41.05329],[29.10788,41.05347],[29.10859,41.05505],[29.11261,41.05778],[29.11275,41.05937]]]},"properties":{"id":9462597,"name":"Hekimbaşı Mahallesi","district_id":1276890}},{"type":"Feature","geometry":{"type":"Polygon","coordinates":[[[29.09948,41.04452],[29.10179,41.04426],[29.10357,41.04456],[29.10719,41.04697],[29.10926,41.04748],[29.1101,41.04874],[29.11065,41.04997],[29.11028,41.05086],[29.11081,41.05305],[29.10986,41.05346],[29.10788,41.05347],[29.10606,41.05329],[29.10492,41.05464],[29.10398,41.05499],[29.10013,41.05513],[29.09883,41.0543],[29.09662,41.05413],[29.09551,41.05499],[29.09325,41.0559],[29.09216,41.05689],[29.09019,41.05741],[29.08787,41.0604],[29.0855,41.06047],[29.08382,41.05804],[29.08584,41.05742],[29.08642,41.05673],[29.08864,41.05581],[29.08974,41.05451],[29.09417,41.053],[29.09514,41.05237],[29.09866,41.05089],[29.09995,41.04793],[29.10009,41.04534],[29.09948,41.04452]]]},"properties":{"id":9462625,"name":"Topağacı Mahallesi","district_id":1276890}},{"type":"Feature","geometry":{"type":"Polygon","coordinates":[[[29.1101,41.04874],[29.10926,41.04748],[29.10719,41.04697],[29.10357,41.04456],[29.10179,41.04426],[29.09948,41.04452],[29.09933,41.04433],[29.09961,41.04174],[29.10099,41.03916],[29.10174,41.03828],[29.10144,41.0372],[29.10327,41.03207],[29.10363,41.03557],[29.10466,41.03639],[29.10636,41.03848],[29.10761,41.03957],[29.10835,41.04111],[29.10974,41.04235],[29.11193,41.04357],[29.11272,41.0446],[29.11189,41.04525],[29.11115,41.04721],[29.1101,41.04874]]]},"properties":{"id":9462638,"name":"Kazım Karabekir Mahallesi","district_id":1276890}},{"type":"Feature","geometry":{"type":"Polygon","coordinates":[[[29.12091,41.03009],[29.12134,41.04595],[29.12133,41.0482],[29.12047,41.05231],[29.11938,41.05367],[29.1167,41.05569],[29.11356,41.05898],[29.11275,41.05937],[29.11261,41.05778],[29.10859,41.05505],[29.10788,41.05347],[29.10986,41.05346],[29.11081,41.05305],[29.11028,41.05086],[29.11065,41.04997],[29.1101,41.04874],[29.11115,41.04721],[29.11189,41.04525],[29.11272,41.0446],[29.11193,41.04357],[29.10974,41.04235],[29.10835,41.04111],[29.10761,41.03957],[29.10636,41.03848],[29.10466,41.03639],[29.10363,41.03557],[29.10327,41.03207],[29.10288,41.0314],[29.10052,41.03005],[29.10464,41.02922],[29.10866,41.02908],[29.11055,41.0295],[29.11379,41.03057],[29.11692,41.03092],[29.1184,41.03079],[29.12091,41.03009]]]},"properties":{"id":9462650,"name":"İnkılap Mahallesi","district_id":1276890}},{"type":"Feature","geometry":{"type":"Polygon","coordinates":[[[29.08309,41.05625],[29.08494,41.05533],[29.08685,41.055],[29.08871,41.05245],[29.08834,41.0518],[29.08902,41.04706],[29.08991,41.04537],[29.08994,41.04335],[29.09376,41.04419],[29.09541,41.04417],[29.09845,41.04369],[29.09933,41.04433],[29.09948,41.04452],[29.10009,41.04534],[29.09995,41.04793],[29.09866,41.05089],[29.09514,41.05237],[29.09417,41.053],[29.08974,41.05451],[29.08864,41.05581],[29.08642,41.05673],[29.08584,41.05742],[29.08382,41.05804],[29.08303,41.05716],[29.08309,41.05625]]]},"properties":{"id":9462671,"name":"Dumlupınar Mahallesi","district_id":1276890}},{"type":"Feature","geometry":{"type":"Polygon","coordinates":[[[29.09044,41.03776],[29.0925,41.03578],[29.09328,41.03311],[29.09317,41.03132],[29.09518,41.0311],[29.10052,41.03005],[29.10288,41.0314],[29.10327,41.03207],[29.10144,41.0372],[29.10174,41.03828],[29.10099,41.03916],[29.09961,41.04174],[29.09933,41.04433],[29.09845,41.04369],[29.09541,41.04417],[29.09376,41.04419],[29.08994,41.04335],[29.09053,41.04181],[29.09169,41.04042],[29.09041,41.03923],[29.09044,41.03776]]]},"properties":{"id":9462686,"name":"Elmalıkent Mahallesi","district_id":1276890}},{"type":"Feature","geometry":{"type":"Polygon","coordinates":[[[29.08035,41.02943],[29.0806,41.02819],[29.08193,41.02652],[29.0846,41.02471],[29.08457,41.02441],[29.08648,41.02469],[29.08583,41.02833],[29.08855,41.03044],[29.09111,41.03124],[29.09317,41.03132],[29.09328,41.03311],[29.0925,41.03578],[29.09044,41.03776],[29.08964,41.03638],[29.08799,41.03536],[29.08738,41.03404],[29.08694,41.03175],[29.08547,41.0308],[29.08132,41.02984],[29.08035,41.02943]]]},"properties":{"id":9462693,"name":"Tantavi Mahallesi","district_id":1276890}},{"type":"Feature","geometry":{"type":"Polygon","coordinates":[[[29.09317,41.03132],[29.09111,41.03124],[29.08855,41.03044],[29.08583,41.02833],[29.08648,41.02469],[29.08457,41.02441],[29.08458,41.02417],[29.08908,41.02386],[29.09079,41.02396],[29.0959,41.02332],[29.09664,41.02379],[29.0969,41.02567],[29.09592,41.02679],[29.09738,41.02753],[29.10052,41.03005],[29.09518,41.0311],[29.09317,41.03132]]]},"properties":{"id":9462770,"name":"Atatürk Mahallesi","district_id":1276890}},{"type":"Feature","geometry":{"type":"Polygon","coordinates":[[[29.12078,41.02089],[29.12091,41.03009],[29.1184,41.03079],[29.11692,41.03092],[29.11379,41.03057],[29.11055,41.0295],[29.10866,41.02908],[29.10464,41.02922],[29.10052,41.03005],[29.09738,41.02753],[29.09592,41.02679],[29.0969,41.02567],[29.10059,41.02482],[29.10363,41.02472],[29.10684,41.02434],[29.10926,41.02404],[29.11443,41.02259],[29.11924,41.02118],[29.12078,41.02089]]]},"properties":{"id":9462798,"name":"Yamanevler Mahallesi","district_id":1276890}},{"type":"Feature","geometry":{"type":"Polygon","coordinates":[[[29.08458,41.02417],[29.08309,41.02413],[29.08357,41.0228],[29.08323,41.02112],[29.08436,41.01838],[29.08551,41.01815],[29.08847,41.01831],[29.09039,41.01757],[29.092,41.01634],[29.09383,41.0159],[29.0963,41.01602],[29.09735,41.01807],[29.0959,41.02332],[29.09079,41.02396],[29.08908,41.02386],[29.08458,41.02417]]]},"properties":{"id":9462821,"name":"Namık Kemal Mahallesi","district_id":1276890}},{"type":"Feature","geometry":{"type":"Polygon","coordinates":[[[29.13906,41.04229],[29.13827,41.04363],[29.13827,41.04495],[29.1376,41.04621],[29.13432,41.04875],[29.13479,41.05195],[29.13382,41.05315],[29.1326,41.05341],[29.13166,41.05218],[29.12968,41.05147],[29.12623,41.04986],[29.12426,41.05027],[29.1229,41.05172],[29.12047,41.05231],[29.12133,41.0482],[29.12134,41.04595],[29.12091,41.03009],[29.12078,41.02089],[29.12413,41.02077],[29.12766,41.02125],[29.12912,41.02316],[29.13028,41.02659],[29.13014,41.02807],[29.13209,41.02906],[29.13844,41.03316],[29.14221,41.03495],[29.13987,41.03494],[29.13944,41.03657],[29.13999,41.03749],[29.13993,41.03872],[29.13843,41.03995],[29.13824,41.04074],[29.13906,41.04229]]]},"properties":{"id":9462835,"name":"Fatih Sultan Mehmet Mahallesi","district_id":1276890}},{"type":"Feature","geometry":{"type":"Polygon","coordinates":[[[29.09683,41.01143],[29.09619,41.01235],[29.09667,41.01477],[29.0963,41.01602],[29.09383,41.0159],[29.092,41.01634],[29.09039,41.01757],[29.08847,41.01831],[29.08551,41.01815],[29.08701,41.01507],[29.08813,41.01194],[29.08913,41.01194],[29.08944,41.00948],[29.09236,41.00904],[29.0949,41.00828],[29.09661,41.01066],[29.09683,41.01143]]]},"properties":{"id":9462845,"name":"Esenevler Mahallesi","district_id":1276890}},{"type":"Feature","geometry":{"type":"Polygon","coordinates":[[[29.10004,41.01037],[29.10323,41.01306],[29.10366,41.01582],[29.10148,41.01639],[29.10421,41.01851],[29.10595,41.02148],[29.10604,41.02325],[29.10684,41.02434],[29.10363,41.02472],[29.10059,41.02482],[29.0969,41.02567],[29.09664,41.02379],[29.0959,41.02332],[29.09735,41.01807],[29.0963,41.01602],[29.09667,41.01477],[29.09619,41.01235],[29.09683,41.01143],[29.09793,41.0103],[29.10004,41.01037]]]},"properties":{"id":9462868,"name":"İstiklal Mahallesi","district_id":1276890}},{"type":"Feature","geometry":{"type":"Polygon","coordinates":[[[29.10684,41.02434],[29.10604,41.02325],[29.10595,41.02148],[29.10421,41.01851],[29.10148,41.01639],[29.10366,41.01582],[29.10323,41.01306],[29.10004,41.01037],[29.10136,41.00907],[29.10315,41.00804],[29.10526,41.00734],[29.10467,41.00927],[29.10696,41.01267],[29.10952,41.01514],[29.11298,41.01878],[29.11443,41.02259],[29.10926,41.02404],[29.10684,41.02434]]]},"properties":{"id":9462888,"name":"Atakent Mahallesi","district_id":1276890}},{"type":"Feature","geometry":{"type":"Polygon","coordinates":[[[29.09718,41.0072],[29.09938,41.00586],[29.10242,41.00358],[29.10713,40.99985],[29.11081,40.99759],[29.1141,40.99636],[29.11614,40.99595],[29.1182,40.99852],[29.11973,41.00106],[29.12057,41.00291],[29.12146,41.00587],[29.11839,41.00612],[29.11778,41.00567],[29.11297,41.00451],[29.11123,41.0062],[29.10824,41.00682],[29.1071,41.00654],[29.10603,41.0062],[29.10526,41.00734],[29.10315,41.00804],[29.10136,41.00907],[29.10004,41.01037],[29.09793,41.0103],[29.09683,41.01143],[29.09661,41.01066],[29.0949,41.00828],[29.09718,41.0072]]]},"properties":{"id":9462890,"name":"Finanskent Mahallesi","district_id":1276890}},{"type":"Feature","geometry":{"type":"Polygon","coordinates":[[[29.12078,41.02089],[29.11924,41.02118],[29.11443,41.02259],[29.11298,41.01878],[29.10952,41.01514],[29.10696,41.01267],[29.10467,41.00927],[29.10526,41.00734],[29.10603,41.0062],[29.1071,41.00654],[29.10755,41.00779],[29.10979,41.01014],[29.11216,41.01032],[29.11499,41.01147],[29.11892,41.0136],[29.12162,41.01402],[29.12078,41.02089]]]},"properties":{"id":9462897,"name":"Armağanevler Mahallesi","district_id":1276890}},{"type":"Feature","geometry":{"type":"Polygon","coordinates":[[[29.12162,41.01402],[29.11892,41.0136],[29.11499,41.01147],[29.11216,41.01032],[29.10979,41.01014],[29.10755,41.00779],[29.1071,41.00654],[29.10824,41.00682],[29.11123,41.0062],[29.11297,41.00451],[29.11778,41.00567],[29.11839,41.00612],[29.12146,41.00587],[29.12181,41.00798],[29.12186,41.01137],[29.12162,41.01402]]]},"properties":{"id":9462905,"name":"Site Mahallesi","district_id":1276890}},{"type":"Feature","geometry":{"type":"Polygon","coordinates":[[[29.12995,41.00907],[29.13006,41.00935],[29.1298,41.0102],[29.12845,41.01058],[29.12288,41.01113],[29.12186,41.01137],[29.12181,41.00798],[29.12146,41.00587],[29.12057,41.00291],[29.11973,41.00106],[29.1182,40.99852],[29.11614,40.99595],[29.12063,40.99569],[29.12484,40.99607],[29.12971,40.9967],[29.12967,40.99745],[29.13101,40.99788],[29.13043,40.99903],[29.12804,40.99942],[29.12586,40.99893],[29.12694,41.00056],[29.12696,41.00181],[29.12779,41.00309],[29.12765,41.00473],[29.12808,41.00604],[29.12995,41.00907]]]},"properties":{"id":9462915,"name":"Çamlık Mahallesi","district_id":1276890}},{"type":"Feature","geometry":{"type":"Polygon","coordinates":[[[29.13831,40.99679],[29.13949,40.9972],[29.1402,40.9991],[29.14031,41.00109],[29.14178,41.0021],[29.13863,41.0035],[29.13527,41.00548],[29.13075,41.00778],[29.13116,41.00843],[29.12995,41.00907],[29.12808,41.00604],[29.12765,41.00473],[29.12779,41.00309],[29.12696,41.00181],[29.12694,41.00056],[29.12586,40.99893],[29.12804,40.99942],[29.13043,40.99903],[29.13101,40.99788],[29.12967,40.99745],[29.12971,40.9967],[29.13081,40.99682],[29.13238,40.997],[29.13624,40.99699],[29.13831,40.99679]]]},"properties":{"id":9462938,"name":"Tatlısu Mahallesi","district_id":1276890}},{"type":"Feature","geometry":{"type":"Polygon","coordinates":[[[29.1347,41.01353],[29.13169,41.01427],[29.13083,41.01536],[29.12762,41.01816],[29.12612,41.01887],[29.12766,41.02125],[29.12413,41.02077],[29.12078,41.02089],[29.12162,41.01402],[29.12186,41.01137],[29.12288,41.01113],[29.12845,41.01058],[29.1298,41.0102],[29.13006,41.00935],[29.13288,41.01137],[29.1347,41.01353]]]},"properties":{"id":9462941,"name":"Çakmak Mahallesi","district_id":1276890}},{"type":"Feature","geometry":{"type":"Polygon","coordinates":[[[29.13858,41.01663],[29.13638,41.0173],[29.13429,41.01769],[29.12766,41.02125],[29.12612,41.01887],[29.12762,41.01816],[29.13083,41.01536],[29.13169,41.01427],[29.1347,41.01353],[29.13655,41.01201],[29.13786,41.01389],[29.13858,41.01663]]]},"properties":{"id":9462967,"name":"Tepeüstü Mahallesi","district_id":1276890}},{"type":"Feature","geometry":{"type":"Polygon","coordinates":[[[29.12766,41.02125],[29.13429,41.01769],[29.13638,41.0173],[29.13996,41.01791],[29.14093,41.01857],[29.13978,41.02021],[29.14007,41.02136],[29.1414,41.02281],[29.14148,41.02454],[29.14305,41.02661],[29.1425,41.02774],[29.1413,41.02779],[29.14135,41.02941],[29.14022,41.03167],[29.13844,41.03316],[29.13209,41.02906],[29.13014,41.02807],[29.13028,41.02659],[29.12912,41.02316],[29.12766,41.02125]]]},"properties":{"id":9462968,"name":"Ihlamurkuyu Mahallesi","district_id":1276890}},{"type":"Feature","geometry":{"type":"Polygon","coordinates":[[[29.14178,41.0021],[29.1444,41.0048],[29.14599,41.00602],[29.14269,41.00727],[29.14041,41.00922],[29.13885,41.01002],[29.13655,41.01201],[29.1347,41.01353],[29.13288,41.01137],[29.13006,41.00935],[29.12995,41.00907],[29.13116,41.00843],[29.13075,41.00778],[29.13527,41.00548],[29.13863,41.0035],[29.14178,41.0021]]]},"properties":{"id":9462977,"name":"Mehmet Akif Mahallesi","district_id":1276890}},{"type":"Feature","geometry":{"type":"Polygon","coordinates":[[[29.14599,41.00602],[29.14671,41.00671],[29.14838,41.01146],[29.1491,41.01246],[29.14942,41.01593],[29.13858,41.01663],[29.13786,41.01389],[29.13655,41.01201],[29.13885,41.01002],[29.14041,41.00922],[29.14269,41.00727],[29.14599,41.00602]]]},"properties":{"id":9462981,"name":"Altınşehir Mahallesi","district_id":1276890}},{"type":"Feature","geometry":{"type":"Polygon","coordinates":[[[29.15128,41.01584],[29.14957,41.01828],[29.14979,41.02007],[29.15088,41.022],[29.15038,41.02393],[29.15079,41.02595],[29.14942,41.02764],[29.14804,41.0286],[29.1473,41.03042],[29.14738,41.03127],[29.1491,41.03361],[29.14946,41.03663],[29.14641,41.03675],[29.14221,41.03495],[29.13844,41.03316],[29.14022,41.03167],[29.14135,41.02941],[29.1413,41.02779],[29.1425,41.02774],[29.14305,41.02661],[29.14148,41.02454],[29.1414,41.02281],[29.14007,41.02136],[29.13978,41.02021],[29.14093,41.01857],[29.13996,41.01791],[29.13638,41.0173],[29.13858,41.01663],[29.14942,41.01593],[29.15128,41.01584]]]},"properties":{"id":9462984,"name":"Cemil Meriç Mahallesi","district_id":1276890}},{"type":"Feature","geometry":{"type":"Polygon","coordinates":[[[29.01624,41.01558],[29.01491,41.01652],[29.01408,41.01787],[29.01219,41.01892],[29.0106,41.01989],[29.01036,41.02119],[29.0082,41.02223],[29.00636,41.02214],[29.00751,41.02008],[29.00862,41.01923],[29.00852,41.01762],[29.00999,41.01654],[29.01057,41.01562],[29.01115,41.01299],[29.01098,41.01246],[29.01248,41.01167],[29.01453,41.01214],[29.01724,41.01339],[29.01637,41.01415],[29.01624,41.01558]]]},"properties":{"id":9463224,"name":"Salacak Mahallesi","district_id":1276889}},{"type":"Feature","geometry":{"type":"Polygon","coordinates":[[[29.01219,41.01892],[29.01503,41.0204],[29.01642,41.02178],[29.01571,41.024],[29.0133,41.02447],[29.01173,41.02434],[29.00952,41.02596],[29.00724,41.02376],[29.00636,41.02214],[29.0082,41.02223],[29.01036,41.02119],[29.0106,41.01989],[29.01219,41.01892]]]},"properties":{"id":9463235,"name":"Aziz Mahmut Hüdayi Mahallesi","district_id":1276889}},{"type":"Feature","geometry":{"type":"Polygon","coordinates":[[[29.01219,41.01892],[29.01408,41.01787],[29.01491,41.01652],[29.01624,41.01558],[29.01823,41.01671],[29.01923,41.01688],[29.01986,41.01891],[29.01805,41.02015],[29.01642,41.02178],[29.01503,41.0204],[29.01219,41.01892]]]},"properties":{"id":9463238,"name":"Ahmediye Mahallesi","district_id":1276889}},{"type":"Feature","geometry":{"type":"Polygon","coordinates":[[[29.02235,41.02624],[29.01789,41.02501],[29.0162,41.02583],[29.01609,41.02652],[29.01697,41.02853],[29.01684,41.02924],[29.01538,41.02822],[29.01317,41.02615],[29.00952,41.02596],[29.01173,41.02434],[29.0133,41.02447],[29.01571,41.024],[29.01642,41.02178],[29.01805,41.02015],[29.01986,41.01891],[29.01991,41.02014],[29.02125,41.01992],[29.0232,41.02045],[29.02343,41.02329],[29.02327,41.02512],[29.02235,41.02624]]]},"properties":{"id":9463242,"name":"Mimar Sinan Mahallesi","district_id":1276889}},{"type":"Feature","geometry":{"type":"Polygon","coordinates":[[[29.02235,41.02624],[29.02632,41.0279],[29.02796,41.02815],[29.02813,41.02989],[29.0267,41.03001],[29.02399,41.03329],[29.02101,41.03159],[29.0201,41.03155],[29.01754,41.02996],[29.01684,41.02924],[29.01697,41.02853],[29.01609,41.02652],[29.0162,41.02583],[29.01789,41.02501],[29.02235,41.02624]]]},"properties":{"id":9463258,"name":"Sultantepe Mahallesi","district_id":1276889}},{"type":"Feature","geometry":{"type":"Polygon","coordinates":[[[29.01986,41.01891],[29.01923,41.01688],[29.01823,41.01671],[29.01624,41.01558],[29.01637,41.01415],[29.01724,41.01339],[29.01946,41.01175],[29.02038,41.01232],[29.02005,41.01301],[29.02217,41.0131],[29.02699,41.01433],[29.02836,41.01513],[29.02591,41.01629],[29.02345,41.01693],[29.02165,41.01769],[29.01986,41.01891]]]},"properties":{"id":9463276,"name":"Zeynep Kamil Mahallesi","district_id":1276889}},{"type":"Feature","geometry":{"type":"Polygon","coordinates":[[[29.02753,41.00353],[29.02755,41.00431],[29.02868,41.00502],[29.02947,41.00624],[29.03282,41.00818],[29.0344,41.00985],[29.03523,41.01139],[29.03711,41.0123],[29.03886,41.01185],[29.03959,41.01271],[29.04141,41.01392],[29.04345,41.01696],[29.04202,41.01772],[29.03822,41.0183],[29.03537,41.01789],[29.03359,41.0193],[29.03017,41.0168],[29.02836,41.01513],[29.02699,41.01433],[29.02217,41.0131],[29.02005,41.01301],[29.02038,41.01232],[29.02158,41.01048],[29.02753,41.00353]]]},"properties":{"id":9463280,"name":"Barbaros Mahallesi","district_id":1276889}},{"type":"Feature","geometry":{"type":"Polygon","coordinates":[[[29.02836,41.01513],[29.03017,41.0168],[29.03359,41.0193],[29.03526,41.0211],[29.03366,41.02048],[29.03082,41.02058],[29.02617,41.01979],[29.02498,41.0205],[29.0232,41.02045],[29.02125,41.01992],[29.01991,41.02014],[29.01986,41.01891],[29.02165,41.01769],[29.02345,41.01693],[29.02591,41.01629],[29.02836,41.01513]]]},"properties":{"id":9463281,"name":"Valide-i Atik Mahallesi","district_id":1276889}},{"type":"Feature","geometry":{"type":"Polygon","coordinates":[[[29.03669,41.02366],[29.03434,41.02369],[29.03224,41.02403],[29.02914,41.0235],[29.02343,41.02329],[29.0232,41.02045],[29.02498,41.0205],[29.02617,41.01979],[29.03082,41.02058],[29.03366,41.02048],[29.03526,41.0211],[29.03669,41.02366]]]},"properties":{"id":9463285,"name":"Muratreis Mahallesi","district_id":1276889}},{"type":"Feature","geometry":{"type":"Polygon","coordinates":[[[29.03681,41.02383],[29.0345,41.02627],[29.03238,41.02745],[29.02796,41.02815],[29.02632,41.0279],[29.02235,41.02624],[29.02327,41.02512],[29.02343,41.02329],[29.02914,41.0235],[29.03224,41.02403],[29.03434,41.02369],[29.03669,41.02366],[29.03681,41.02383]]]},"properties":{"id":9463286,"name":"Selami Ali Mahallesi","district_id":1276889}},{"type":"Feature","geometry":{"type":"Polygon","coordinates":[[[29.02813,41.02989],[29.02918,41.03095],[29.02983,41.03239],[29.03291,41.03185],[29.03366,41.03106],[29.03548,41.03029],[29.03739,41.02988],[29.04056,41.02847],[29.0426,41.02668],[29.04648,41.02551],[29.04574,41.02874],[29.04539,41.03222],[29.04449,41.0348],[29.04374,41.03605],[29.03855,41.0392],[29.03624,41.03934],[29.03538,41.03999],[29.03187,41.03853],[29.02962,41.03686],[29.02754,41.03587],[29.02399,41.03329],[29.0267,41.03001],[29.02813,41.02989]]]},"properties":{"id":9463313,"name":"Kuzguncuk Mahallesi","district_id":1276889}},{"type":"Feature","geometry":{"type":"Polygon","coordinates":[[[29.06555,41.06166],[29.06596,41.06267],[29.06627,41.06513],[29.06566,41.06631],[29.06583,41.06907],[29.06475,41.07044],[29.06549,41.07413],[29.06787,41.07575],[29.06676,41.07675],[29.06425,41.07789],[29.06369,41.07637],[29.06204,41.07617],[29.06138,41.07556],[29.0581,41.07444],[29.05579,41.07423],[29.05535,41.07324],[29.05615,41.07056],[29.05714,41.06858],[29.05696,41.06642],[29.05418,41.06304],[29.05281,41.0621],[29.05245,41.06105],[29.0556,41.06154],[29.05852,41.06315],[29.06436,41.06295],[29.06555,41.06166]]]},"properties":{"id":9463324,"name":"Kandilli Mahallesi","district_id":1276889}},{"type":"Feature","geometry":{"type":"Polygon","coordinates":[[[29.02813,41.02989],[29.02796,41.02815],[29.03238,41.02745],[29.0345,41.02627],[29.03681,41.02383],[29.03832,41.02507],[29.04034,41.02762],[29.04056,41.02847],[29.03739,41.02988],[29.03548,41.03029],[29.03366,41.03106],[29.03291,41.03185],[29.02983,41.03239],[29.02918,41.03095],[29.02813,41.02989]]]},"properties":{"id":9463333,"name":"İcadiye Mahallesi","district_id":1276889}},{"type":"Feature","geometry":{"type":"Polygon","coordinates":[[[29.07253,41.07211],[29.07717,41.07523],[29.07756,41.07511],[29.07726,41.07605],[29.07618,41.0768],[29.07625,41.07752],[29.07516,41.07852],[29.0749,41.08063],[29.07085,41.08272],[29.06782,41.08207],[29.06627,41.08129],[29.0652,41.08052],[29.06525,41.07945],[29.06425,41.07789],[29.06676,41.07675],[29.06787,41.07575],[29.069,41.0748],[29.07085,41.07427],[29.07171,41.0736],[29.07253,41.07211]]]},"properties":{"id":9463334,"name":"Göksu Mahallesi","district_id":1276910}},{"type":"Feature","geometry":{"type":"Polygon","coordinates":[[[29.05206,41.0483],[29.04382,41.04464],[29.04312,41.04402],[29.04102,41.04363],[29.03925,41.04266],[29.03538,41.03999],[29.03624,41.03934],[29.03855,41.0392],[29.04374,41.03605],[29.04498,41.03637],[29.04702,41.03632],[29.04739,41.03756],[29.04843,41.03866],[29.04837,41.04009],[29.05369,41.03893],[29.05506,41.0428],[29.05382,41.04413],[29.05388,41.04575],[29.05206,41.0483]]]},"properties":{"id":9463364,"name":"Beylerbeyi Mahallesi","district_id":1276889}},{"type":"Feature","geometry":{"type":"Polygon","coordinates":[[[29.06329,41.0456],[29.06159,41.04633],[29.0608,41.04711],[29.06196,41.04787],[29.06251,41.04947],[29.06359,41.05086],[29.0654,41.05174],[29.06864,41.05259],[29.06993,41.05373],[29.07086,41.05568],[29.07329,41.05692],[29.07282,41.05733],[29.07111,41.05813],[29.06884,41.05814],[29.06539,41.05742],[29.06408,41.05762],[29.06321,41.05763],[29.06114,41.05639],[29.05909,41.05555],[29.05801,41.05463],[29.0561,41.05548],[29.05523,41.05523],[29.05347,41.05581],[29.05328,41.05746],[29.05217,41.05591],[29.05164,41.05413],[29.05144,41.05122],[29.05239,41.05042],[29.05206,41.0483],[29.05388,41.04575],[29.05382,41.04413],[29.05506,41.0428],[29.05663,41.04055],[29.06032,41.04186],[29.05923,41.04319],[29.05974,41.04428],[29.06329,41.0456]]]},"properties":{"id":9463376,"name":"Çengelköy Mahallesi","district_id":1276889}},{"type":"Feature","geometry":{"type":"Polygon","coordinates":[[[29.06939,41.01992],[29.06483,41.0211],[29.06361,41.02192],[29.06118,41.02205],[29.0574,41.02319],[29.05005,41.02302],[29.04777,41.02273],[29.04884,41.02127],[29.05141,41.01876],[29.05366,41.01711],[29.05935,41.01308],[29.0611,41.01125],[29.06164,41.00894],[29.06414,41.00713],[29.06765,41.00594],[29.07007,41.00561],[29.07264,41.00567],[29.07406,41.00871],[29.07502,41.01163],[29.07532,41.01386],[29.07548,41.01519],[29.07294,41.0169],[29.07207,41.01785],[29.06922,41.01967],[29.06939,41.01992]]]},"properties":{"id":9463385,"name":"Küçük Çamlıca Mahallesi","district_id":1276889}},{"type":"Feature","geometry":{"type":"Polygon","coordinates":[[[29.04374,41.03605],[29.04449,41.0348],[29.04539,41.03222],[29.04574,41.02874],[29.04648,41.02551],[29.04777,41.02273],[29.05005,41.02302],[29.0574,41.02319],[29.06118,41.02205],[29.06133,41.02301],[29.05976,41.02559],[29.06186,41.02724],[29.06239,41.02813],[29.06198,41.02899],[29.05832,41.03149],[29.05814,41.03227],[29.05413,41.03348],[29.05182,41.03498],[29.05054,41.0351],[29.04916,41.03442],[29.04702,41.03632],[29.04498,41.03637],[29.04374,41.03605]]]},"properties":{"id":9463387,"name":"Burhaniye Mahallesi","district_id":1276889}},{"type":"Feature","geometry":{"type":"Polygon","coordinates":[[[29.06408,41.05762],[29.06452,41.05832],[29.06555,41.06166],[29.06436,41.06295],[29.05852,41.06315],[29.0556,41.06154],[29.05245,41.06105],[29.05328,41.05746],[29.05347,41.05581],[29.05523,41.05523],[29.0561,41.05548],[29.05801,41.05463],[29.05909,41.05555],[29.06114,41.05639],[29.06321,41.05763],[29.06408,41.05762]]]},"properties":{"id":9463388,"name":"Kuleli Mahallesi","district_id":1276889}},{"type":"Feature","geometry":{"type":"Polygon","coordinates":[[[29.06164,41.00894],[29.0611,41.01125],[29.05935,41.01308],[29.05366,41.01711],[29.05317,41.01562],[29.05385,41.01459],[29.05057,41.01183],[29.04946,41.01197],[29.04716,41.01015],[29.04702,41.00835],[29.04647,41.00734],[29.04782,41.0055],[29.04795,41.00296],[29.0472,41.0016],[29.05186,41.00047],[29.05652,40.99885],[29.05769,41.00024],[29.06089,41.00663],[29.06164,41.00894]]]},"properties":{"id":9463391,"name":"Acıbadem Mahallesi","district_id":1276889}},{"type":"Feature","geometry":{"type":"Polygon","coordinates":[[[29.04648,41.02551],[29.0426,41.02668],[29.04056,41.02847],[29.04034,41.02762],[29.03832,41.02507],[29.03681,41.02383],[29.03669,41.02366],[29.03526,41.0211],[29.03359,41.0193],[29.03537,41.01789],[29.03822,41.0183],[29.04202,41.01772],[29.04345,41.01696],[29.04141,41.01392],[29.03959,41.01271],[29.03886,41.01185],[29.0415,41.01011],[29.04586,41.00961],[29.04716,41.01015],[29.04946,41.01197],[29.05057,41.01183],[29.05385,41.01459],[29.05317,41.01562],[29.05366,41.01711],[29.05141,41.01876],[29.04884,41.02127],[29.04777,41.02273],[29.04648,41.02551]]]},"properties":{"id":9463396,"name":"Altunizade Mahallesi","district_id":1276889}},{"type":"Feature","geometry":{"type":"Polygon","coordinates":[[[29.06482,41.02899],[29.06558,41.03017],[29.06518,41.03268],[29.06316,41.03435],[29.06259,41.03559],[29.06074,41.03539],[29.05899,41.03641],[29.05804,41.03836],[29.05719,41.03877],[29.05369,41.03893],[29.04837,41.04009],[29.04843,41.03866],[29.04739,41.03756],[29.04702,41.03632],[29.04916,41.03442],[29.05054,41.0351],[29.05182,41.03498],[29.05413,41.03348],[29.05814,41.03227],[29.05832,41.03149],[29.06198,41.02899],[29.06364,41.02981],[29.06482,41.02899]]]},"properties":{"id":9463397,"name":"Küplüce Mahallesi","district_id":1276889}},{"type":"Feature","geometry":{"type":"Polygon","coordinates":[[[29.06451,41.04511],[29.06329,41.0456],[29.05974,41.04428],[29.05923,41.04319],[29.06032,41.04186],[29.05663,41.04055],[29.05506,41.0428],[29.05369,41.03893],[29.05719,41.03877],[29.05804,41.03836],[29.05899,41.03641],[29.06074,41.03539],[29.06259,41.03559],[29.06316,41.03435],[29.06518,41.03268],[29.06762,41.03396],[29.0681,41.03522],[29.06599,41.03708],[29.06376,41.03755],[29.06312,41.03828],[29.0639,41.04071],[29.06515,41.04239],[29.06433,41.04394],[29.06451,41.04511]]]},"properties":{"id":9463407,"name":"Kirazlıtepe Mahallesi","district_id":1276889}},{"type":"Feature","geometry":{"type":"Polygon","coordinates":[[[29.06482,41.02899],[29.06715,41.02873],[29.0692,41.02937],[29.07142,41.0288],[29.07399,41.02882],[29.07606,41.02814],[29.07855,41.02863],[29.08035,41.02943],[29.07935,41.03431],[29.07841,41.03522],[29.07655,41.03623],[29.07364,41.03646],[29.07218,41.0373],[29.07039,41.03932],[29.06827,41.03939],[29.06761,41.03903],[29.06599,41.03708],[29.0681,41.03522],[29.06762,41.03396],[29.06518,41.03268],[29.06558,41.03017],[29.06482,41.02899]]]},"properties":{"id":9463410,"name":"Ferah Mahallesi","district_id":1276889}},{"type":"Feature","geometry":{"type":"Polygon","coordinates":[[[29.07935,41.03431],[29.0785,41.03903],[29.07782,41.04272],[29.07637,41.04602],[29.07504,41.04651],[29.07217,41.04642],[29.06911,41.04534],[29.06688,41.04563],[29.06451,41.04511],[29.06433,41.04394],[29.06515,41.04239],[29.0639,41.04071],[29.06312,41.03828],[29.06376,41.03755],[29.06599,41.03708],[29.06761,41.03903],[29.06827,41.03939],[29.07039,41.03932],[29.07218,41.0373],[29.07364,41.03646],[29.07655,41.03623],[29.07841,41.03522],[29.07935,41.03431]]]},"properties":{"id":9463414,"name":"Mehmet Akif Ersoy Mahallesi","district_id":1276889}},{"type":"Feature","geometry":{"type":"Polygon","coordinates":[[[29.07253,41.07211],[29.07171,41.0736],[29.07085,41.07427],[29.069,41.0748],[29.06787,41.07575],[29.06549,41.07413],[29.06475,41.07044],[29.06583,41.06907],[29.06566,41.06631],[29.06627,41.06513],[29.06596,41.06267],[29.06555,41.06166],[29.06452,41.05832],[29.06408,41.05762],[29.06539,41.05742],[29.06884,41.05814],[29.07111,41.05813],[29.07282,41.05733],[29.07568,41.06094],[29.07734,41.06157],[29.07842,41.06153],[29.0787,41.06259],[29.08139,41.06484],[29.07956,41.06503],[29.07705,41.06679],[29.07698,41.06788],[29.07353,41.07055],[29.07253,41.07211]]]},"properties":{"id":9463416,"name":"Küçüksu Mahallesi","district_id":1276889}},{"type":"Feature","geometry":{"type":"Polygon","coordinates":[[[29.06451,41.04511],[29.06688,41.04563],[29.06911,41.04534],[29.07217,41.04642],[29.07504,41.04651],[29.07637,41.04602],[29.07656,41.05034],[29.07604,41.05317],[29.07437,41.05573],[29.07329,41.05692],[29.07086,41.05568],[29.06993,41.05373],[29.06864,41.05259],[29.0654,41.05174],[29.06359,41.05086],[29.06251,41.04947],[29.06196,41.04787],[29.0608,41.04711],[29.06159,41.04633],[29.06329,41.0456],[29.06451,41.04511]]]},"properties":{"id":9463417,"name":"Güzeltepe Mahallesi","district_id":1276889}},{"type":"Feature","geometry":{"type":"Polygon","coordinates":[[[29.0855,41.06047],[29.08515,41.062],[29.0836,41.06374],[29.08289,41.06455],[29.08139,41.06484],[29.0787,41.06259],[29.07842,41.06153],[29.07734,41.06157],[29.07568,41.06094],[29.07282,41.05733],[29.07329,41.05692],[29.07437,41.05573],[29.07604,41.05317],[29.07656,41.05034],[29.07637,41.04602],[29.07782,41.04272],[29.0785,41.03903],[29.08267,41.04064],[29.08275,41.04257],[29.08193,41.04402],[29.08233,41.04668],[29.08173,41.04891],[29.08192,41.05031],[29.08471,41.05457],[29.08309,41.05625],[29.08303,41.05716],[29.08382,41.05804],[29.0855,41.06047]]]},"properties":{"id":9463420,"name":"Bahçelievler Mahallesi","district_id":1276889}},{"type":"Feature","geometry":{"type":"Polygon","coordinates":[[[29.08035,41.02943],[29.08132,41.02984],[29.08547,41.0308],[29.08694,41.03175],[29.08738,41.03404],[29.08799,41.03536],[29.08964,41.03638],[29.09044,41.03776],[29.09041,41.03923],[29.09169,41.04042],[29.09053,41.04181],[29.08994,41.04335],[29.08991,41.04537],[29.08902,41.04706],[29.08834,41.0518],[29.08871,41.05245],[29.08685,41.055],[29.08494,41.05533],[29.08309,41.05625],[29.08471,41.05457],[29.08192,41.05031],[29.08173,41.04891],[29.08233,41.04668],[29.08193,41.04402],[29.08275,41.04257],[29.08267,41.04064],[29.0785,41.03903],[29.07935,41.03431],[29.08035,41.02943]]]},"properties":{"id":9463421,"name":"Yavuztürk Mahallesi","district_id":1276889}},{"type":"Feature","geometry":{"type":"Polygon","coordinates":[[[29.18257,41.01631],[29.18345,41.01515],[29.18456,41.01468],[29.19007,41.0141],[29.19011,41.01512],[29.19192,41.0178],[29.19227,41.0196],[29.19314,41.02161],[29.19159,41.02167],[29.18973,41.02129],[29.18801,41.02146],[29.18552,41.0225],[29.18384,41.02403],[29.18148,41.0247],[29.18127,41.02524],[29.18012,41.02522],[29.179,41.02437],[29.17711,41.02432],[29.17977,41.02132],[29.18257,41.01631]]]},"properties":{"id":9463491,"name":"Mehmet Akif Mahallesi","district_id":1276034}},{"type":"Feature","geometry":{"type":"Polygon","coordinates":[[[29.19629,41.02382],[29.1946,41.02368],[29.19314,41.02161],[29.19227,41.0196],[29.19192,41.0178],[29.19011,41.01512],[29.19007,41.0141],[29.19074,41.01401],[29.19536,41.01369],[29.19975,41.01424],[29.20255,41.01492],[29.20471,41.01576],[29.20318,41.01662],[29.19913,41.01801],[29.19708,41.01953],[29.19651,41.02046],[29.19629,41.02382]]]},"properties":{"id":9463508,"name":"Çamlık Mahallesi","district_id":1276034}},{"type":"Feature","geometry":{"type":"Polygon","coordinates":[[[29.19307,41.03074],[29.19068,41.03039],[29.1899,41.03059],[29.1859,41.0307],[29.18416,41.03105],[29.18349,41.02968],[29.1811,41.02663],[29.18127,41.02524],[29.18148,41.0247],[29.18384,41.02403],[29.18552,41.0225],[29.18801,41.02146],[29.18973,41.02129],[29.19159,41.02167],[29.19314,41.02161],[29.1946,41.02368],[29.19629,41.02382],[29.19613,41.02587],[29.19543,41.02752],[29.19307,41.03074]]]},"properties":{"id":9463512,"name":"Hamidiye Mahallesi","district_id":1276034}},{"type":"Feature","geometry":{"type":"Polygon","coordinates":[[[28.52838,40.99178],[28.53729,40.98788],[28.54117,40.98459],[28.54225,40.98466],[28.54439,40.98617],[28.54405,40.98662],[28.54466,40.98976],[28.54444,40.99016],[28.54502,40.99254],[28.54676,40.99784],[28.54146,40.99897],[28.54103,40.99808],[28.53936,40.99859],[28.53685,40.99877],[28.53482,41.00015],[28.53292,40.99972],[28.53133,40.99992],[28.53168,40.99887],[28.53087,40.99604],[28.52992,40.99482],[28.52838,40.99178]]]},"properties":{"id":9463567,"name":"Sinanoba Mahallesi","district_id":1275387}},{"type":"Feature","geometry":{"type":"Polygon","coordinates":[[[28.54676,40.99784],[28.54746,40.99869],[28.54713,40.9995],[28.54828,41.00088],[28.54475,41.00152],[28.54264,41.0024],[28.54141,41.00569],[28.53673,41.00819],[28.53554,41.01114],[28.53568,41.01188],[28.52753,41.01008],[28.52802,41.00705],[28.52732,41.00555],[28.53113,41.00296],[28.53213,41.00254],[28.53131,41.00151],[28.53133,40.99992],[28.53292,40.99972],[28.53482,41.00015],[28.53685,40.99877],[28.53936,40.99859],[28.54103,40.99808],[28.54146,40.99897],[28.54676,40.99784]]]},"properties":{"id":9463576,"name":"Mimaroba Mahallesi","district_id":1275387}},{"type":"Feature","geometry":{"type":"Polygon","coordinates":[[[28.54574,41.01413],[28.53568,41.01188],[28.53554,41.01114],[28.53673,41.00819],[28.54141,41.00569],[28.54264,41.0024],[28.54475,41.00152],[28.54828,41.00088],[28.55093,41.00294],[28.5518,41.00447],[28.55195,41.00682],[28.55234,41.00755],[28.55059,41.00943],[28.54849,41.00958],[28.54851,41.01064],[28.54634,41.01385],[28.54574,41.01413]]]},"properties":{"id":9463578,"name":"Ekinoba Mahallesi","district_id":1275387}},{"type":"Feature","geometry":{"type":"Polygon","coordinates":[[[28.53257,41.0726],[28.52749,41.0694],[28.53076,41.06549],[28.53465,41.06013],[28.53676,41.05603],[28.54219,41.05072],[28.54305,41.04936],[28.54511,41.04385],[28.54583,41.0428],[28.54932,41.03866],[28.54927,41.03737],[28.55013,41.03465],[28.54824,41.03173],[28.54873,41.0309],[28.54831,41.02991],[28.54639,41.02725],[28.54522,41.02615],[28.54276,41.02276],[28.54485,41.02356],[28.54767,41.02306],[28.55174,41.0231],[28.56126,41.02402],[28.56277,41.02406],[28.56341,41.02484],[28.56114,41.02735],[28.55992,41.02919],[28.55838,41.03065],[28.55562,41.0325],[28.55645,41.03368],[28.55965,41.03628],[28.56091,41.03696],[28.5602,41.03938],[28.56048,41.03998],[28.5606,41.043],[28.5616,41.04554],[28.56182,41.04676],[28.56033,41.04685],[28.55832,41.04771],[28.55552,41.04788],[28.55474,41.0484],[28.55203,41.049],[28.55207,41.04808],[28.54797,41.049],[28.54594,41.04916],[28.54431,41.05025],[28.54347,41.05227],[28.54364,41.05294],[28.54634,41.05305],[28.5461,41.05475],[28.54544,41.05554],[28.54232,41.05701],[28.54093,41.05792],[28.53908,41.06013],[28.53865,41.06104],[28.53936,41.06261],[28.54152,41.06347],[28.54407,41.06283],[28.5451,41.06375],[28.54311,41.06559],[28.54122,41.06987],[28.53635,41.0708],[28.53402,41.07164],[28.53257,41.0726]]]},"properties":{"id":9463584,"name":"Ulus Mahallesi","district_id":1275387}},{"type":"Feature","geometry":{"type":"Polygon","coordinates":[[[28.51239,41.06695],[28.51424,41.06175],[28.51597,41.05829],[28.51706,41.05737],[28.5196,41.05355],[28.52102,41.05333],[28.52371,41.05377],[28.52479,41.05279],[28.52678,41.04985],[28.52747,41.04763],[28.52718,41.04617],[28.52927,41.04389],[28.53202,41.04138],[28.53295,41.04],[28.53173,41.03931],[28.53371,41.03768],[28.53537,41.03692],[28.53345,41.03446],[28.53305,41.03265],[28.53191,41.02993],[28.53173,41.02666],[28.53126,41.02557],[28.52902,41.02307],[28.53166,41.02348],[28.53414,41.02295],[28.53787,41.02325],[28.54276,41.02276],[28.54522,41.02615],[28.54639,41.02725],[28.54831,41.02991],[28.54873,41.0309],[28.54824,41.03173],[28.55013,41.03465],[28.54927,41.03737],[28.54932,41.03866],[28.54583,41.0428],[28.54511,41.04385],[28.54305,41.04936],[28.54219,41.05072],[28.53676,41.05603],[28.53465,41.06013],[28.53076,41.06549],[28.52752,41.0644],[28.52515,41.06684],[28.52391,41.06705],[28.52325,41.06779],[28.52099,41.06899],[28.51824,41.07044],[28.51664,41.07063],[28.51574,41.06957],[28.51596,41.06868],[28.51536,41.06775],[28.51239,41.06695]]]},"properties":{"id":9463590,"name":"Hürriyet Mahallesi","district_id":1275387}},{"type":"Feature","geometry":{"type":"Polygon","coordinates":[[[28.56203,41.11401],[28.56271,41.11311],[28.56423,41.11271],[28.56248,41.10818],[28.56132,41.10636],[28.56217,41.10326],[28.56157,41.1008],[28.56152,41.0985],[28.56181,41.09669],[28.56176,41.09438],[28.55884,41.09288],[28.55813,41.09135],[28.55517,41.08857],[28.55411,41.08653],[28.55351,41.08269],[28.55519,41.08189],[28.55551,41.08112],[28.55719,41.08033],[28.56001,41.07612],[28.56079,41.07559],[28.56287,41.07666],[28.56358,41.07819],[28.56633,41.07956],[28.56706,41.07897],[28.56667,41.07718],[28.56529,41.07592],[28.56456,41.07387],[28.56452,41.07233],[28.566,41.07],[28.568,41.06882],[28.57131,41.0675],[28.57082,41.06609],[28.57147,41.06505],[28.57176,41.06299],[28.57242,41.06221],[28.5725,41.06285],[28.57662,41.06391],[28.57768,41.06148],[28.58279,41.0605],[28.58199,41.05991],[28.58325,41.0588],[28.58443,41.05996],[28.58773,41.06491],[28.59017,41.06655],[28.59234,41.06857],[28.59228,41.06944],[28.59375,41.07128],[28.59626,41.07278],[28.59961,41.07527],[28.60241,41.07862],[28.60442,41.07978],[28.6081,41.08097],[28.61039,41.08122],[28.61448,41.08378],[28.61672,41.08595],[28.61685,41.08724],[28.61812,41.08857],[28.61748,41.08908],[28.6183,41.09072],[28.61757,41.09193],[28.62046,41.09184],[28.62489,41.09063],[28.62643,41.0881],[28.62929,41.08647],[28.63096,41.08571],[28.63402,41.08863],[28.63282,41.08973],[28.63112,41.09208],[28.63102,41.09317],[28.62906,41.09563],[28.628,41.09778],[28.62522,41.09966],[28.62417,41.10145],[28.62416,41.1024],[28.62276,41.10518],[28.62219,41.10567],[28.62136,41.10856],[28.62019,41.10896],[28.6194,41.11043],[28.61867,41.11068],[28.6172,41.11284],[28.61571,41.114],[28.61342,41.11853],[28.61274,41.11939],[28.61081,41.11854],[28.60849,41.11588],[28.6074,41.11375],[28.60716,41.11211],[28.60469,41.11285],[28.6038,41.11264],[28.60267,41.11458],[28.60246,41.11603],[28.60298,41.11844],[28.6034,41.11898],[28.59941,41.1205],[28.59724,41.12033],[28.59698,41.12167],[28.59456,41.12286],[28.59511,41.12431],[28.59392,41.12626],[28.59395,41.12734],[28.59325,41.12872],[28.59167,41.12963],[28.59099,41.12893],[28.59004,41.12647],[28.58754,41.12824],[28.5851,41.12806],[28.5813,41.12817],[28.57885,41.12659],[28.57787,41.12634],[28.57677,41.12477],[28.57677,41.12396],[28.57462,41.12233],[28.57228,41.11926],[28.57088,41.11875],[28.57046,41.1178],[28.56868,41.11798],[28.56735,41.11693],[28.56636,41.1153],[28.56529,41.11476],[28.56245,41.11556],[28.56203,41.11401]]]},"properties":{"id":9463608,"name":"Karaağaç Mahallesi","district_id":1275387}},{"type":"Feature","geometry":{"type":"Polygon","coordinates":[[[28.60268,41.06015],[28.6033,41.06078],[28.60818,41.0625],[28.61424,41.06574],[28.61572,41.06604],[28.61948,41.06732],[28.62086,41.06683],[28.62053,41.0682],[28.62102,41.07012],[28.62588,41.07999],[28.62672,41.08133],[28.62932,41.08402],[28.62836,41.08511],[28.62929,41.08647],[28.62643,41.0881],[28.62489,41.09063],[28.62046,41.09184],[28.61757,41.09193],[28.6183,41.09072],[28.61748,41.08908],[28.61812,41.08857],[28.61685,41.08724],[28.61672,41.08595],[28.61448,41.08378],[28.61039,41.08122],[28.6081,41.08097],[28.60442,41.07978],[28.60241,41.07862],[28.59961,41.07527],[28.59626,41.07278],[28.59375,41.07128],[28.59228,41.06944],[28.59234,41.06857],[28.59017,41.06655],[28.58773,41.06491],[28.58443,41.05996],[28.58325,41.0588],[28.58199,41.05991],[28.58279,41.0605],[28.57768,41.06148],[28.57662,41.06391],[28.5725,41.06285],[28.57242,41.06221],[28.57273,41.06067],[28.57387,41.05898],[28.57688,41.05737],[28.57681,41.05519],[28.57802,41.05502],[28.57963,41.05349],[28.58133,41.05284],[28.58386,41.05535],[28.58737,41.05595],[28.5918,41.05843],[28.59308,41.05943],[28.59522,41.06048],[28.59843,41.06152],[28.60023,41.06141],[28.60268,41.06015]]]},"properties":{"id":9463624,"name":"Alkent 2000 Mahallesi","district_id":1275387}},{"type":"Feature","geometry":{"type":"Polygon","coordinates":[[[28.60268,41.06015],[28.60421,41.05795],[28.6017,41.05623],[28.60016,41.05339],[28.59914,41.05207],[28.59971,41.05088],[28.6018,41.05142],[28.60213,41.04944],[28.60674,41.04976],[28.60602,41.0488],[28.60585,41.04684],[28.6065,41.04518],[28.60514,41.04442],[28.60313,41.04242],[28.6128,41.04135],[28.61382,41.04011],[28.61563,41.0389],[28.61679,41.0371],[28.61988,41.03557],[28.61977,41.03513],[28.62343,41.03402],[28.62356,41.03572],[28.62593,41.03936],[28.62676,41.04131],[28.62783,41.04466],[28.62812,41.05254],[28.62769,41.05421],[28.62515,41.05892],[28.62086,41.06683],[28.61948,41.06732],[28.61572,41.06604],[28.61424,41.06574],[28.60818,41.0625],[28.6033,41.06078],[28.60268,41.06015]]]},"properties":{"id":9463636,"name":"Çakmaklı Mahallesi","district_id":1275387}},{"type":"Feature","geometry":{"type":"Polygon","coordinates":[[[28.60268,41.06015],[28.60023,41.06141],[28.59843,41.06152],[28.59522,41.06048],[28.59308,41.05943],[28.5918,41.05843],[28.58737,41.05595],[28.58386,41.05535],[28.58133,41.05284],[28.58325,41.05136],[28.58614,41.0497],[28.58765,41.04761],[28.58841,41.04607],[28.58849,41.04292],[28.58754,41.04198],[28.58765,41.04036],[28.58665,41.03981],[28.58482,41.0348],[28.58548,41.03342],[28.58881,41.03361],[28.58846,41.03235],[28.5869,41.03019],[28.58318,41.02635],[28.58189,41.02371],[28.58006,41.02196],[28.58169,41.02069],[28.58545,41.0234],[28.58732,41.02433],[28.59151,41.0253],[28.59369,41.02507],[28.5961,41.02417],[28.59757,41.02411],[28.60012,41.02515],[28.60398,41.02583],[28.60771,41.02574],[28.60912,41.02675],[28.61049,41.02677],[28.61269,41.02582],[28.61618,41.02614],[28.62016,41.0339],[28.61977,41.03513],[28.61988,41.03557],[28.61679,41.0371],[28.61563,41.0389],[28.61382,41.04011],[28.6128,41.04135],[28.60313,41.04242],[28.60514,41.04442],[28.6065,41.04518],[28.60585,41.04684],[28.60602,41.0488],[28.60674,41.04976],[28.60213,41.04944],[28.6018,41.05142],[28.59971,41.05088],[28.59914,41.05207],[28.60016,41.05339],[28.6017,41.05623],[28.60421,41.05795],[28.60268,41.06015]]]},"properties":{"id":9463650,"name":"19 Mayıs Mahallesi","district_id":1275387}},{"type":"Feature","geometry":{"type":"Polygon","coordinates":[[[28.58548,41.03342],[28.585,41.0315],[28.58649,41.0302],[28.58425,41.02914],[28.58288,41.02921],[28.58238,41.02851],[28.5827,41.02675],[28.5822,41.02614],[28.58025,41.02563],[28.57718,41.02444],[28.57121,41.02511],[28.57117,41.02412],[28.57355,41.02369],[28.57411,41.02239],[28.57326,41.02148],[28.57273,41.01951],[28.57984,41.02008],[28.58169,41.02069],[28.58006,41.02196],[28.58189,41.02371],[28.58318,41.02635],[28.5869,41.03019],[28.58846,41.03235],[28.58881,41.03361],[28.58548,41.03342]]]},"properties":{"id":9464083,"name":"Dizdariye Mahallesi","district_id":1275387}},{"type":"Feature","geometry":{"type":"Polygon","coordinates":[[[28.59954,41.00723],[28.59892,41.0066],[28.59758,41.00407],[28.59697,40.99886],[28.5972,40.99701],[28.59991,40.99711],[28.60089,40.99791],[28.60264,40.99637],[28.6039,40.99739],[28.60482,40.99755],[28.60738,40.99473],[28.61102,40.99195],[28.61271,40.99167],[28.61409,40.99292],[28.61478,40.99632],[28.61765,40.9994],[28.61897,41.00222],[28.62018,41.00412],[28.62593,41.00977],[28.62597,41.01477],[28.6264,41.01669],[28.62441,41.01683],[28.61847,41.01648],[28.61579,41.01655],[28.61205,41.01368],[28.61057,41.01188],[28.61022,41.01089],[28.61052,41.0093],[28.60853,41.00904],[28.60682,41.00986],[28.60429,41.00919],[28.60185,41.00672],[28.59954,41.00723]]]},"properties":{"id":9464095,"name":"Pınartepe Mahallesi","district_id":1275387}},{"type":"Feature","geometry":{"type":"Polygon","coordinates":[[[28.57273,41.01951],[28.57282,41.01787],[28.57457,41.01656],[28.57489,41.01829],[28.57763,41.01802],[28.57986,41.01751],[28.58225,41.01729],[28.58335,41.01748],[28.5872,41.017],[28.59174,41.01575],[28.59273,41.01735],[28.59636,41.0174],[28.59948,41.01767],[28.60192,41.01883],[28.60466,41.02087],[28.60841,41.02067],[28.61019,41.02033],[28.61137,41.02301],[28.61091,41.02344],[28.61251,41.0249],[28.61269,41.02582],[28.61049,41.02677],[28.60912,41.02675],[28.60771,41.02574],[28.60398,41.02583],[28.60012,41.02515],[28.59757,41.02411],[28.5961,41.02417],[28.59369,41.02507],[28.59151,41.0253],[28.58732,41.02433],[28.58545,41.0234],[28.58169,41.02069],[28.57984,41.02008],[28.57273,41.01951]]]},"properties":{"id":9464113,"name":"Fatih Mahallesi","district_id":1275387}},{"type":"Feature","geometry":{"type":"Polygon","coordinates":[[[28.63177,41.01641],[28.63322,41.01858],[28.63065,41.01962],[28.62666,41.02268],[28.62549,41.02503],[28.62582,41.02959],[28.62379,41.03293],[28.62343,41.03402],[28.61977,41.03513],[28.62016,41.0339],[28.61618,41.02614],[28.61269,41.02582],[28.61251,41.0249],[28.61091,41.02344],[28.61137,41.02301],[28.61019,41.02033],[28.60841,41.02067],[28.60466,41.02087],[28.60192,41.01883],[28.59948,41.01767],[28.61033,41.016],[28.61243,41.0165],[28.61579,41.01655],[28.61847,41.01648],[28.62441,41.01683],[28.6264,41.01669],[28.63177,41.01641]]]},"properties":{"id":9464129,"name":"Cumhuriyet Mahallesi","district_id":1275387}},{"type":"Feature","geometry":{"type":"Polygon","coordinates":[[[28.61579,41.01655],[28.61243,41.0165],[28.61033,41.016],[28.59948,41.01767],[28.59636,41.0174],[28.59273,41.01735],[28.59174,41.01575],[28.59589,41.01385],[28.5989,41.01055],[28.59982,41.00856],[28.59954,41.00723],[28.60185,41.00672],[28.60429,41.00919],[28.60682,41.00986],[28.60853,41.00904],[28.61052,41.0093],[28.61022,41.01089],[28.61057,41.01188],[28.61205,41.01368],[28.61579,41.01655]]]},"properties":{"id":9464130,"name":"Atatürk Mahallesi","district_id":1275387}},{"type":"Feature","geometry":{"type":"Polygon","coordinates":[[[29.19307,41.03074],[29.19258,41.03208],[29.19271,41.03495],[29.19346,41.03655],[29.18822,41.03681],[29.1867,41.03516],[29.18291,41.03414],[29.18228,41.03479],[29.17939,41.03481],[29.17793,41.03558],[29.17393,41.03322],[29.17175,41.02938],[29.17346,41.02741],[29.17711,41.02432],[29.179,41.02437],[29.18012,41.02522],[29.18127,41.02524],[29.1811,41.02663],[29.18349,41.02968],[29.18416,41.03105],[29.1859,41.0307],[29.1899,41.03059],[29.19068,41.03039],[29.19307,41.03074]]]},"properties":{"id":9464444,"name":"Mimar Sinan Mahallesi","district_id":1276034}},{"type":"Feature","geometry":{"type":"Polygon","coordinates":[[[29.2163,40.94604],[29.21975,40.94977],[29.22113,40.95182],[29.2233,40.95208],[29.22591,40.95296],[29.22735,40.95242],[29.22875,40.95088],[29.23042,40.95302],[29.23182,40.95658],[29.23309,40.9593],[29.23113,40.95942],[29.22717,40.95926],[29.2228,40.9594],[29.22335,40.96399],[29.22377,40.96542],[29.22362,40.96763],[29.2245,40.96897],[29.22551,40.97362],[29.22708,40.97556],[29.2286,40.97659],[29.22629,40.97714],[29.22543,40.97606],[29.22376,40.97654],[29.22221,40.97469],[29.21934,40.97527],[29.21521,40.97428],[29.2136,40.97343],[29.21335,40.97171],[29.21073,40.96918],[29.20977,40.96755],[29.20968,40.96652],[29.20808,40.96394],[29.20697,40.96093],[29.20742,40.96007],[29.20999,40.95867],[29.21123,40.95655],[29.21262,40.95559],[29.21429,40.95348],[29.21531,40.95152],[29.21562,40.94767],[29.2163,40.94604]]]},"properties":{"id":9466595,"name":"Fatih Mahallesi","district_id":1276014}},{"type":"Feature","geometry":{"type":"Polygon","coordinates":[[[28.54471,41.12899],[28.545,41.12779],[28.54368,41.12726],[28.54376,41.1242],[28.5358,41.12181],[28.5347,41.12098],[28.53516,41.1181],[28.53495,41.11605],[28.53812,41.11396],[28.53841,41.1119],[28.53821,41.11078],[28.53653,41.11005],[28.53688,41.10921],[28.53819,41.10821],[28.54226,41.106],[28.5431,41.10504],[28.54249,41.10328],[28.54377,41.10156],[28.54617,41.09998],[28.54853,41.0974],[28.54934,41.09694],[28.55105,41.0981],[28.55331,41.10006],[28.55395,41.10116],[28.5543,41.10315],[28.55538,41.10441],[28.55714,41.10516],[28.55621,41.10658],[28.55717,41.10857],[28.55839,41.10958],[28.56022,41.11202],[28.56103,41.11365],[28.56203,41.11401],[28.56245,41.11556],[28.56255,41.11799],[28.56457,41.11993],[28.56638,41.12206],[28.56953,41.12386],[28.5716,41.12617],[28.57397,41.12731],[28.5744,41.12845],[28.57311,41.12983],[28.57276,41.13163],[28.57204,41.13273],[28.57147,41.13484],[28.57051,41.13694],[28.56957,41.13778],[28.56779,41.1402],[28.56969,41.14224],[28.57073,41.14296],[28.57255,41.14563],[28.57059,41.14782],[28.56754,41.14977],[28.56586,41.14828],[28.5655,41.14735],[28.56394,41.14602],[28.56016,41.14408],[28.55192,41.13836],[28.54681,41.13117],[28.54471,41.12899]]]},"properties":{"id":9467293,"name":"Bahşayiş Mahallesi","district_id":1275389}},{"type":"Feature","geometry":{"type":"Polygon","coordinates":[[[28.54471,41.12899],[28.54681,41.13117],[28.55192,41.13836],[28.56016,41.14408],[28.56394,41.14602],[28.5655,41.14735],[28.56586,41.14828],[28.56754,41.14977],[28.57059,41.14782],[28.57255,41.14563],[28.57488,41.14748],[28.57589,41.14774],[28.57665,41.14891],[28.57988,41.15181],[28.58193,41.15478],[28.58332,41.15809],[28.58442,41.16043],[28.58475,41.16193],[28.58633,41.16392],[28.59132,41.16566],[28.59305,41.16866],[28.59403,41.17215],[28.59419,41.17474],[28.59405,41.17884],[28.59457,41.18343],[28.5951,41.18503],[28.59508,41.19007],[28.59439,41.19166],[28.5927,41.19428],[28.59128,41.19702],[28.58846,41.20031],[28.58573,41.20507],[28.58608,41.2064],[28.58572,41.21016],[28.58488,41.21067],[28.58293,41.2137],[28.5833,41.21474],[28.58211,41.21757],[28.5828,41.21999],[28.58299,41.22255],[28.58221,41.22477],[28.5814,41.22816],[28.58081,41.22891],[28.581,41.23024],[28.57922,41.22939],[28.57636,41.22989],[28.57518,41.22977],[28.57016,41.23044],[28.5685,41.22914],[28.56693,41.23025],[28.56783,41.22715],[28.56332,41.22662],[28.56104,41.22668],[28.56048,41.22505],[28.55898,41.22375],[28.5557,41.22299],[28.55375,41.22147],[28.55062,41.22051],[28.54806,41.22014],[28.54643,41.22034],[28.54347,41.22214],[28.54281,41.22317],[28.54269,41.22252],[28.54054,41.22148],[28.53973,41.21983],[28.53881,41.21984],[28.538,41.21846],[28.53627,41.21763],[28.5356,41.21681],[28.53375,41.21558],[28.53325,41.21397],[28.53201,41.21219],[28.53229,41.21119],[28.53122,41.20971],[28.52986,41.20916],[28.52806,41.20697],[28.52424,41.20419],[28.52425,41.2031],[28.52268,41.2022],[28.52166,41.20066],[28.52058,41.20043],[28.5195,41.19871],[28.52025,41.19735],[28.51892,41.19469],[28.51695,41.1941],[28.51852,41.19365],[28.52015,41.1913],[28.52075,41.1884],[28.52152,41.18748],[28.5229,41.18673],[28.52366,41.18379],[28.52463,41.18218],[28.52554,41.17948],[28.52711,41.17838],[28.52934,41.17573],[28.52975,41.17383],[28.53047,41.17301],[28.53012,41.17189],[28.53074,41.16959],[28.52986,41.16919],[28.52866,41.16643],[28.52785,41.16536],[28.52727,41.16366],[28.52791,41.16055],[28.52737,41.15992],[28.52731,41.15803],[28.52858,41.15265],[28.53137,41.14609],[28.53117,41.14119],[28.53295,41.13812],[28.53334,41.13688],[28.5351,41.13578],[28.53898,41.13398],[28.54295,41.1314],[28.5444,41.13024],[28.54471,41.12899]]]},"properties":{"id":9471951,"name":"Nakkaş Mahallesi","district_id":1275389}},{"type":"Feature","geometry":{"type":"Polygon","coordinates":[[[28.68268,41.06254],[28.68092,41.06264],[28.67517,41.06378],[28.67249,41.06465],[28.66651,41.06894],[28.66584,41.06598],[28.66603,41.06425],[28.66867,41.06286],[28.66923,41.061],[28.67127,41.05811],[28.67135,41.05701],[28.67043,41.05476],[28.67313,41.05512],[28.68268,41.06254]]]},"properties":{"id":9472571,"name":"Aşık Veysel Mahallesi","district_id":1766102}},{"type":"Feature","geometry":{"type":"Polygon","coordinates":[[[28.68268,41.06254],[28.67313,41.05512],[28.67043,41.05476],[28.67031,41.05403],[28.67315,41.05383],[28.67652,41.05394],[28.67898,41.05426],[28.68226,41.05499],[28.69156,41.05785],[28.69032,41.05891],[28.68835,41.05968],[28.68604,41.06139],[28.68268,41.06254]]]},"properties":{"id":9472572,"name":"Esenkent Mahallesi","district_id":1766102}},{"type":"Feature","geometry":{"type":"Polygon","coordinates":[[[28.67031,41.05403],[28.67078,41.05222],[28.67303,41.05026],[28.67571,41.04316],[28.6764,41.04177],[28.67681,41.04238],[28.67927,41.04529],[28.67996,41.04577],[28.68418,41.04642],[28.68589,41.04565],[28.68772,41.04705],[28.68969,41.04747],[28.68729,41.04987],[28.68341,41.05321],[28.68226,41.05499],[28.67898,41.05426],[28.67652,41.05394],[28.67315,41.05383],[28.67031,41.05403]]]},"properties":{"id":9472573,"name":"Ardıçlı Mahallesi","district_id":1766102}},{"type":"Feature","geometry":{"type":"Polygon","coordinates":[[[28.94929,41.26178],[28.94848,41.25879],[28.94671,41.25708],[28.94325,41.25632],[28.9403,41.25119],[28.94073,41.24841],[28.93803,41.24506],[28.93668,41.24243],[28.93572,41.2372],[28.93257,41.23198],[28.93271,41.2313],[28.93362,41.23123],[28.93516,41.22959],[28.93567,41.22667],[28.93491,41.22496],[28.93533,41.22427],[28.93702,41.22439],[28.93634,41.22313],[28.9371,41.2223],[28.94056,41.2223],[28.94174,41.22148],[28.94704,41.22192],[28.94881,41.22148],[28.94999,41.22046],[28.95151,41.22021],[28.95326,41.2208],[28.95449,41.22237],[28.95447,41.22384],[28.95408,41.22681],[28.95684,41.22898],[28.95879,41.23126],[28.95946,41.23253],[28.96245,41.23364],[28.96269,41.23448],[28.96249,41.23691],[28.96166,41.23888],[28.96224,41.2409],[28.96415,41.24179],[28.96766,41.24226],[28.97103,41.24322],[28.97286,41.24576],[28.97816,41.24653],[28.97987,41.24768],[28.98051,41.24875],[28.985,41.24827],[28.98899,41.24984],[28.98542,41.2509],[28.98352,41.25197],[28.98099,41.25222],[28.97842,41.25309],[28.97643,41.2526],[28.97464,41.2525],[28.97251,41.25321],[28.9688,41.25392],[28.96517,41.25503],[28.96456,41.25663],[28.96288,41.25844],[28.96096,41.25915],[28.95919,41.25929],[28.95657,41.26023],[28.955,41.26194],[28.95432,41.26218],[28.95055,41.26152],[28.94929,41.26178]]]},"properties":{"id":9475337,"name":"Kısırkaya Mahallesi","district_id":1765895}},{"type":"Feature","geometry":{"type":"Polygon","coordinates":[[[28.95447,41.22384],[28.95623,41.22379],[28.95794,41.22446],[28.95966,41.22237],[28.96264,41.22108],[28.9632,41.21911],[28.96666,41.21832],[28.96936,41.21955],[28.97067,41.22049],[28.97151,41.2201],[28.97372,41.22077],[28.97729,41.22224],[28.97763,41.22106],[28.97946,41.22115],[28.9833,41.22231],[28.98296,41.2245],[28.98442,41.22539],[28.98776,41.22561],[28.98939,41.22634],[28.9913,41.22792],[28.99353,41.23094],[28.99452,41.23114],[29.0002,41.23438],[29.00219,41.23514],[29.00609,41.23736],[29.00697,41.23829],[29.01135,41.23979],[29.01332,41.23946],[29.01495,41.2403],[29.01533,41.24383],[29.01269,41.24573],[29.00984,41.24598],[28.9987,41.24768],[28.99256,41.24894],[28.98899,41.24984],[28.985,41.24827],[28.98051,41.24875],[28.97987,41.24768],[28.97816,41.24653],[28.97286,41.24576],[28.97103,41.24322],[28.96766,41.24226],[28.96415,41.24179],[28.96224,41.2409],[28.96166,41.23888],[28.96249,41.23691],[28.96269,41.23448],[28.96245,41.23364],[28.95946,41.23253],[28.95879,41.23126],[28.95684,41.22898],[28.95408,41.22681],[28.95447,41.22384]]]},"properties":{"id":9475338,"name":"Gümüşdere Mahallesi","district_id":1765895}},{"type":"Feature","geometry":{"type":"Polygon","coordinates":[[[28.74707,41.06182],[28.75228,41.06102],[28.75689,41.06109],[28.75705,41.0623],[28.75799,41.06498],[28.75786,41.06592],[28.75898,41.07146],[28.74471,41.07371],[28.74241,41.07457],[28.74361,41.0722],[28.74463,41.06963],[28.74488,41.06815],[28.74564,41.067],[28.74563,41.06587],[28.74658,41.06424],[28.74707,41.06182]]]},"properties":{"id":9475439,"name":"Altınşehir Mahallesi","district_id":1766099}},{"type":"Feature","geometry":{"type":"Polygon","coordinates":[[[28.73839,41.1066],[28.73941,41.10827],[28.74153,41.10739],[28.74234,41.10775],[28.74485,41.10609],[28.7467,41.10542],[28.74656,41.10467],[28.74768,41.10388],[28.74935,41.10349],[28.75263,41.10339],[28.75367,41.10296],[28.75566,41.10286],[28.75936,41.10152],[28.76037,41.10042],[28.76028,41.09942],[28.76139,41.09847],[28.76046,41.09671],[28.76151,41.09407],[28.76474,41.09523],[28.76617,41.09604],[28.767,41.09728],[28.77172,41.09977],[28.7723,41.09976],[28.7733,41.10186],[28.77242,41.10859],[28.77814,41.11381],[28.77924,41.11671],[28.78418,41.1212],[28.78613,41.12553],[28.78857,41.12721],[28.79042,41.12918],[28.79129,41.13217],[28.79089,41.13522],[28.79129,41.13658],[28.79262,41.13788],[28.79312,41.13938],[28.7936,41.14032],[28.7932,41.14387],[28.79557,41.14496],[28.79308,41.14637],[28.78983,41.14876],[28.78835,41.14844],[28.78627,41.14913],[28.78383,41.14944],[28.78146,41.14937],[28.77937,41.1477],[28.77519,41.14338],[28.77367,41.14129],[28.77187,41.13988],[28.76845,41.13864],[28.76807,41.13801],[28.76523,41.13556],[28.76396,41.1341],[28.7629,41.13377],[28.76241,41.13141],[28.76104,41.13041],[28.76138,41.12864],[28.76075,41.12823],[28.76138,41.12664],[28.76023,41.12511],[28.75825,41.12359],[28.7544,41.12302],[28.753,41.12264],[28.75118,41.12099],[28.75002,41.1207],[28.75054,41.11909],[28.74992,41.11881],[28.74749,41.1199],[28.74726,41.12129],[28.74535,41.12095],[28.74268,41.11911],[28.73988,41.11801],[28.73755,41.1179],[28.73691,41.11705],[28.73523,41.11663],[28.73242,41.11721],[28.73263,41.11573],[28.73188,41.11474],[28.7325,41.1135],[28.7275,41.11175],[28.7245,41.1105],[28.72237,41.10821],[28.72358,41.10694],[28.72756,41.10928],[28.72933,41.10937],[28.73146,41.10858],[28.73379,41.10713],[28.73388,41.10645],[28.73712,41.10625],[28.73839,41.1066]]]},"properties":{"id":9475447,"name":"Kayabaşı Mahallesi","district_id":1766099}},{"type":"Feature","geometry":{"type":"Polygon","coordinates":[[[28.74241,41.07457],[28.73978,41.07626],[28.74072,41.0801],[28.74183,41.08362],[28.7422,41.08787],[28.74187,41.08849],[28.74034,41.08891],[28.7377,41.09124],[28.7377,41.09235],[28.73922,41.09449],[28.73969,41.09591],[28.73888,41.09931],[28.73936,41.10089],[28.73877,41.10209],[28.73814,41.10574],[28.73839,41.1066],[28.73712,41.10625],[28.73388,41.10645],[28.73379,41.10713],[28.73146,41.10858],[28.72933,41.10937],[28.72756,41.10928],[28.72358,41.10694],[28.72237,41.10821],[28.72158,41.10645],[28.71606,41.10573],[28.7147,41.10669],[28.71323,41.10716],[28.71055,41.10516],[28.71084,41.10428],[28.70511,41.1045],[28.70455,41.10351],[28.69994,41.10293],[28.69657,41.10337],[28.69509,41.10299],[28.69779,41.10115],[28.70313,41.09394],[28.70457,41.09261],[28.70619,41.09032],[28.70578,41.08823],[28.7061,41.08768],[28.70873,41.08637],[28.71039,41.08413],[28.71374,41.08256],[28.71548,41.08048],[28.71827,41.07823],[28.72315,41.07355],[28.72652,41.07113],[28.72819,41.06856],[28.72888,41.06702],[28.73168,41.06575],[28.73235,41.06516],[28.73196,41.06412],[28.73588,41.06223],[28.73768,41.06303],[28.73979,41.06281],[28.74285,41.06368],[28.74308,41.0628],[28.74464,41.06209],[28.74707,41.06182],[28.74658,41.06424],[28.74563,41.06587],[28.74564,41.067],[28.74488,41.06815],[28.74463,41.06963],[28.74361,41.0722],[28.74241,41.07457]]]},"properties":{"id":9475448,"name":"Şahintepe Mahallesi","district_id":1766099}},{"type":"Feature","geometry":{"type":"Polygon","coordinates":[[[28.64308,41.10358],[28.6396,41.09811],[28.64441,41.09518],[28.6459,41.09169],[28.65145,41.08634],[28.65279,41.08271],[28.65306,41.08003],[28.65507,41.07636],[28.65563,41.07585],[28.66032,41.07277],[28.66651,41.06894],[28.67249,41.06465],[28.67517,41.06378],[28.68092,41.06264],[28.68268,41.06254],[28.68604,41.06139],[28.68835,41.05968],[28.69032,41.05891],[28.68875,41.06016],[28.68819,41.06193],[28.68544,41.06389],[28.684,41.06902],[28.68497,41.06993],[28.68768,41.07044],[28.68962,41.07236],[28.69131,41.07283],[28.69114,41.07357],[28.68817,41.0761],[28.6848,41.07942],[28.68386,41.07945],[28.68084,41.08126],[28.6793,41.08246],[28.67858,41.08359],[28.6763,41.08476],[28.67602,41.08589],[28.67456,41.08705],[28.67306,41.08896],[28.67181,41.08946],[28.67162,41.09093],[28.67046,41.0925],[28.67065,41.09352],[28.66842,41.09477],[28.66872,41.09557],[28.66606,41.09708],[28.66593,41.09852],[28.66424,41.10039],[28.66273,41.10083],[28.66229,41.1025],[28.66151,41.10164],[28.65973,41.10081],[28.65899,41.0993],[28.65737,41.09874],[28.65611,41.10014],[28.6527,41.09975],[28.64804,41.10148],[28.64567,41.10148],[28.64308,41.10358]]]},"properties":{"id":9475457,"name":"Bahçeşehir 2. Kısım Mahallesi","district_id":1766099}},{"type":"Feature","geometry":{"type":"Polygon","coordinates":[[[28.6893,41.10608],[28.68854,41.10636],[28.68781,41.10831],[28.6837,41.11087],[28.68017,41.11004],[28.67806,41.11024],[28.67158,41.10817],[28.66825,41.10683],[28.66521,41.10443],[28.66351,41.10382],[28.66229,41.1025],[28.66273,41.10083],[28.66424,41.10039],[28.66593,41.09852],[28.66606,41.09708],[28.66872,41.09557],[28.66842,41.09477],[28.67065,41.09352],[28.67046,41.0925],[28.67162,41.09093],[28.67181,41.08946],[28.67306,41.08896],[28.67456,41.08705],[28.67602,41.08589],[28.6763,41.08476],[28.67858,41.08359],[28.6793,41.08246],[28.68084,41.08126],[28.68386,41.07945],[28.6848,41.07942],[28.68817,41.0761],[28.69114,41.07357],[28.69131,41.07283],[28.68962,41.07236],[28.68768,41.07044],[28.68497,41.06993],[28.684,41.06902],[28.68544,41.06389],[28.68819,41.06193],[28.68875,41.06016],[28.69032,41.05891],[28.69156,41.05785],[28.6957,41.0588],[28.70023,41.0591],[28.70107,41.05995],[28.69932,41.06451],[28.70032,41.06591],[28.70006,41.07178],[28.69847,41.07613],[28.69711,41.07693],[28.69536,41.07945],[28.69386,41.08217],[28.6936,41.08383],[28.6923,41.08813],[28.69229,41.08984],[28.69154,41.09078],[28.69098,41.09246],[28.69254,41.09611],[28.69273,41.09849],[28.69248,41.10042],[28.69197,41.1015],[28.69134,41.10421],[28.6893,41.10608]]]},"properties":{"id":9475458,"name":"Bahçeşehir 1. Kısım Mahallesi","district_id":1766099}},{"type":"Feature","geometry":{"type":"Polygon","coordinates":[[[29.27847,41.13938],[29.27661,41.13631],[29.27547,41.1359],[29.27504,41.13496],[29.27704,41.13311],[29.27948,41.13289],[29.2819,41.13068],[29.28231,41.12961],[29.28263,41.12628],[29.28353,41.12631],[29.2851,41.12839],[29.28406,41.13067],[29.28404,41.1317],[29.2852,41.13254],[29.28715,41.13158],[29.28854,41.13147],[29.2916,41.13031],[29.29199,41.12946],[29.29418,41.12939],[29.29499,41.12868],[29.2986,41.12866],[29.2999,41.12754],[29.30139,41.12723],[29.30206,41.1261],[29.30661,41.12648],[29.31017,41.1264],[29.31207,41.12567],[29.31411,41.12792],[29.31691,41.12845],[29.31884,41.12972],[29.31972,41.12982],[29.32202,41.12783],[29.32406,41.12729],[29.32451,41.12665],[29.32783,41.12587],[29.33035,41.12627],[29.33297,41.12631],[29.33498,41.12738],[29.33798,41.12702],[29.34141,41.12921],[29.34642,41.12961],[29.34842,41.12911],[29.3508,41.12889],[29.34986,41.12734],[29.3499,41.12657],[29.35263,41.125],[29.35561,41.12528],[29.35366,41.12568],[29.35262,41.12701],[29.35182,41.1315],[29.35074,41.13266],[29.34716,41.13401],[29.34633,41.13552],[29.34715,41.13799],[29.34665,41.13925],[29.34463,41.14207],[29.34375,41.14267],[29.33911,41.14404],[29.33668,41.14411],[29.33521,41.14465],[29.33115,41.14749],[29.3282,41.14834],[29.32336,41.15024],[29.3188,41.15039],[29.31688,41.15117],[29.3147,41.15266],[29.31233,41.15304],[29.31202,41.15015],[29.3024,41.14925],[29.30087,41.14891],[29.29913,41.1491],[29.29749,41.14878],[29.29567,41.14797],[29.29391,41.14809],[29.28612,41.143],[29.28271,41.14261],[29.27889,41.14007],[29.27847,41.13938]]]},"properties":{"id":9479743,"name":"İshaklı Mahallesi","district_id":1276910}},{"type":"Feature","geometry":{"type":"Polygon","coordinates":[[[29.3228,41.19441],[29.31991,41.19595],[29.31989,41.19396],[29.31765,41.19196],[29.31865,41.18981],[29.31785,41.18846],[29.31529,41.18685],[29.31377,41.1853],[29.31354,41.18454],[29.31128,41.18372],[29.31054,41.18307],[29.30907,41.18367],[29.30746,41.18333],[29.30569,41.18186],[29.30327,41.18059],[29.30236,41.17974],[29.30232,41.17511],[29.3016,41.17469],[29.30024,41.17259],[29.29909,41.17211],[29.2977,41.1697],[29.29364,41.16828],[29.29245,41.16728],[29.29186,41.1651],[29.29007,41.16311],[29.28786,41.15975],[29.28874,41.15938],[29.28677,41.15629],[29.28868,41.15465],[29.28704,41.15477],[29.28556,41.15331],[29.28683,41.15227],[29.28529,41.15154],[29.28335,41.15141],[29.28168,41.15066],[29.28053,41.14898],[29.28114,41.14739],[29.27834,41.14592],[29.27511,41.14369],[29.27847,41.13938],[29.27889,41.14007],[29.28271,41.14261],[29.28612,41.143],[29.29391,41.14809],[29.29567,41.14797],[29.29749,41.14878],[29.29913,41.1491],[29.30087,41.14891],[29.3024,41.14925],[29.31202,41.15015],[29.31233,41.15304],[29.3147,41.15266],[29.31688,41.15117],[29.3188,41.15039],[29.32336,41.15024],[29.3282,41.14834],[29.33115,41.14749],[29.33521,41.14465],[29.33668,41.14411],[29.33911,41.14404],[29.34375,41.14267],[29.34463,41.14207],[29.34665,41.13925],[29.34715,41.13799],[29.34633,41.13552],[29.34716,41.13401],[29.35074,41.13266],[29.35182,41.1315],[29.35262,41.12701],[29.35366,41.12568],[29.35561,41.12528],[29.35911,41.12536],[29.36081,41.12669],[29.3605,41.12763],[29.36301,41.13002],[29.36479,41.13247],[29.3654,41.13433],[29.36509,41.13778],[29.36397,41.14093],[29.36234,41.14176],[29.36044,41.14163],[29.35917,41.14279],[29.35714,41.14326],[29.35374,41.14279],[29.3556,41.14613],[29.35661,41.14696],[29.35615,41.14857],[29.35683,41.14975],[29.35471,41.15084],[29.35387,41.15226],[29.35247,41.15253],[29.35078,41.15347],[29.3492,41.15312],[29.34612,41.1518],[29.34517,41.15208],[29.34633,41.15342],[29.34629,41.15417],[29.34508,41.15582],[29.34441,41.15547],[29.34303,41.15662],[29.34345,41.15852],[29.3416,41.16013],[29.34079,41.16137],[29.33993,41.15996],[29.33881,41.15937],[29.33648,41.15913],[29.33505,41.15932],[29.33228,41.15911],[29.32928,41.15784],[29.32975,41.16121],[29.3289,41.16304],[29.32818,41.16365],[29.32647,41.16382],[29.32713,41.16673],[29.32605,41.16942],[29.32417,41.16891],[29.32271,41.17293],[29.32318,41.17457],[29.32271,41.17641],[29.32328,41.17773],[29.32436,41.17893],[29.32421,41.18001],[29.32326,41.1816],[29.32239,41.18182],[29.32113,41.183],[29.32212,41.18576],[29.32214,41.18729],[29.3233,41.18948],[29.32216,41.18978],[29.32235,41.19264],[29.32313,41.19363],[29.3228,41.19441]]]},"properties":{"id":9479744,"name":"Kılıçlı Mahallesi","district_id":1276910}},{"type":"Feature","geometry":{"type":"Polygon","coordinates":[[[29.27547,41.1359],[29.27661,41.13631],[29.27847,41.13938],[29.27511,41.14369],[29.27834,41.14592],[29.28114,41.14739],[29.28053,41.14898],[29.28168,41.15066],[29.28335,41.15141],[29.28529,41.15154],[29.28683,41.15227],[29.28556,41.15331],[29.28704,41.15477],[29.28868,41.15465],[29.28677,41.15629],[29.28874,41.15938],[29.28786,41.15975],[29.29007,41.16311],[29.29186,41.1651],[29.29245,41.16728],[29.29364,41.16828],[29.2977,41.1697],[29.29909,41.17211],[29.30024,41.17259],[29.3016,41.17469],[29.30232,41.17511],[29.30236,41.17974],[29.30327,41.18059],[29.30569,41.18186],[29.30746,41.18333],[29.30907,41.18367],[29.31054,41.18307],[29.31128,41.18372],[29.31354,41.18454],[29.31377,41.1853],[29.31529,41.18685],[29.31785,41.18846],[29.31865,41.18981],[29.31765,41.19196],[29.31989,41.19396],[29.31991,41.19595],[29.3228,41.19441],[29.32335,41.19541],[29.32501,41.19665],[29.32605,41.19697],[29.32744,41.19859],[29.32835,41.1991],[29.32962,41.20086],[29.33065,41.20134],[29.33084,41.20226],[29.33245,41.20361],[29.33165,41.20485],[29.33283,41.20588],[29.33116,41.208],[29.33112,41.20919],[29.32972,41.21121],[29.33103,41.21316],[29.33228,41.21437],[29.33248,41.21663],[29.3321,41.21574],[29.33033,41.21538],[29.32973,41.2163],[29.32803,41.21596],[29.32713,41.21702],[29.32566,41.21644],[29.32316,41.21635],[29.32021,41.21693],[29.31918,41.21675],[29.31722,41.21784],[29.31677,41.21612],[29.31467,41.21504],[29.31236,41.21468],[29.31057,41.21299],[29.31046,41.21171],[29.30845,41.21038],[29.3075,41.20904],[29.30673,41.20675],[29.30408,41.20446],[29.3033,41.2035],[29.30349,41.20083],[29.30187,41.19923],[29.30063,41.19678],[29.30006,41.19423],[29.29909,41.19326],[29.29917,41.19252],[29.30065,41.19112],[29.30089,41.18808],[29.29999,41.18598],[29.29962,41.18372],[29.30016,41.18296],[29.29651,41.18225],[29.29711,41.18012],[29.28679,41.17736],[29.28063,41.17645],[29.27967,41.17532],[29.27705,41.17395],[29.27559,41.17347],[29.27259,41.17313],[29.26973,41.17397],[29.26885,41.1746],[29.26973,41.1731],[29.26926,41.1712],[29.27012,41.16978],[29.26986,41.16757],[29.27061,41.16575],[29.26965,41.1643],[29.26951,41.16267],[29.27047,41.16059],[29.27126,41.15772],[29.26841,41.15612],[29.26815,41.15409],[29.26499,41.15246],[29.26395,41.15015],[29.26154,41.14889],[29.26015,41.14937],[29.25818,41.14917],[29.25606,41.1463],[29.25603,41.14554],[29.25891,41.14431],[29.26056,41.14446],[29.26355,41.14447],[29.26512,41.14414],[29.26665,41.14273],[29.26716,41.14175],[29.26746,41.13974],[29.27047,41.13865],[29.27164,41.1376],[29.27454,41.13571],[29.27547,41.1359]]]},"properties":{"id":9479745,"name":"Bozhane Mahallesi","district_id":1276910}},{"type":"Feature","geometry":{"type":"Polygon","coordinates":[[[29.21005,41.08999],[29.21105,41.09035],[29.21138,41.0916],[29.21282,41.09099],[29.21438,41.09265],[29.21635,41.09257],[29.21782,41.09369],[29.21787,41.09434],[29.21972,41.09483],[29.2224,41.09677],[29.22282,41.0985],[29.22159,41.09962],[29.22176,41.10212],[29.22149,41.10299],[29.22196,41.10437],[29.22614,41.10578],[29.2277,41.10659],[29.22985,41.10691],[29.23009,41.10794],[29.23221,41.10997],[29.23355,41.10948],[29.23353,41.10781],[29.23419,41.1075],[29.23457,41.10556],[29.23535,41.10411],[29.23739,41.10382],[29.23944,41.10228],[29.24104,41.10299],[29.24245,41.10428],[29.24398,41.1039],[29.2438,41.10293],[29.24526,41.10294],[29.24728,41.10349],[29.24863,41.10457],[29.25012,41.10787],[29.24911,41.10848],[29.24896,41.11056],[29.24745,41.111],[29.24667,41.10924],[29.24501,41.10865],[29.2425,41.10883],[29.24,41.11017],[29.23876,41.11165],[29.23749,41.11203],[29.23369,41.1139],[29.23048,41.11413],[29.2308,41.11547],[29.22921,41.11688],[29.22859,41.11797],[29.22901,41.11972],[29.23056,41.12065],[29.23146,41.12298],[29.23435,41.12246],[29.2351,41.1228],[29.23665,41.12658],[29.23542,41.12708],[29.23525,41.12815],[29.23306,41.13008],[29.23255,41.13207],[29.23383,41.13423],[29.23232,41.13507],[29.23243,41.1363],[29.23226,41.13698],[29.22877,41.13833],[29.22743,41.13802],[29.22565,41.1383],[29.22279,41.13779],[29.22147,41.1381],[29.21984,41.13744],[29.21727,41.13724],[29.21542,41.13842],[29.21173,41.13588],[29.2087,41.13583],[29.20722,41.13535],[29.2043,41.13213],[29.20018,41.133],[29.19843,41.13376],[29.19718,41.13551],[29.19203,41.13097],[29.19107,41.13051],[29.18855,41.13114],[29.18686,41.13021],[29.18587,41.13173],[29.18409,41.13171],[29.18139,41.13076],[29.1795,41.12963],[29.17813,41.13001],[29.17757,41.1316],[29.17401,41.1323],[29.17253,41.13273],[29.16798,41.13087],[29.16439,41.12807],[29.16403,41.12647],[29.16244,41.12575],[29.16107,41.12369],[29.15926,41.12248],[29.15713,41.12058],[29.15756,41.12045],[29.15829,41.1183],[29.15776,41.1149],[29.15903,41.11209],[29.1592,41.10992],[29.1607,41.10861],[29.16321,41.10817],[29.16261,41.10627],[29.16585,41.10222],[29.16856,41.09964],[29.16948,41.09753],[29.17381,41.09768],[29.1765,41.09585],[29.17684,41.0922],[29.1786,41.09128],[29.17871,41.08995],[29.17954,41.08903],[29.17961,41.08575],[29.18169,41.08439],[29.18293,41.08549],[29.18259,41.08702],[29.18368,41.08693],[29.18405,41.08547],[29.18604,41.08423],[29.18609,41.0834],[29.18351,41.08264],[29.18611,41.0803],[29.18684,41.08101],[29.18853,41.08156],[29.1913,41.08138],[29.19231,41.08028],[29.19418,41.07957],[29.19712,41.0773],[29.1981,41.07719],[29.19967,41.07609],[29.20237,41.07507],[29.20403,41.0756],[29.20428,41.08012],[29.2061,41.08259],[29.20678,41.08439],[29.20644,41.0856],[29.2087,41.088],[29.20874,41.0902],[29.21005,41.08999]]]},"properties":{"id":9479803,"name":"Polonezköy Mahallesi","district_id":1276910}},{"type":"Feature","geometry":{"type":"Polygon","coordinates":[[[29.2521,41.11508],[29.25285,41.11603],[29.25451,41.11579],[29.25674,41.11593],[29.25721,41.11679],[29.25852,41.11675],[29.25873,41.11803],[29.25973,41.11876],[29.26072,41.11726],[29.26276,41.11621],[29.26509,41.11719],[29.26596,41.11715],[29.26813,41.11874],[29.26946,41.11868],[29.27215,41.11991],[29.27395,41.11995],[29.27499,41.12133],[29.27654,41.12175],[29.27855,41.12053],[29.28094,41.12062],[29.28104,41.12167],[29.28224,41.12303],[29.28185,41.12504],[29.28263,41.12628],[29.28231,41.12961],[29.2819,41.13068],[29.27948,41.13289],[29.27704,41.13311],[29.27504,41.13496],[29.27547,41.1359],[29.27454,41.13571],[29.27164,41.1376],[29.27047,41.13865],[29.26746,41.13974],[29.26716,41.14175],[29.26665,41.14273],[29.26512,41.14414],[29.26355,41.14447],[29.26056,41.14446],[29.26099,41.1422],[29.26009,41.14083],[29.2589,41.14057],[29.25224,41.14076],[29.24829,41.13995],[29.24708,41.13931],[29.24905,41.13727],[29.24752,41.13701],[29.2422,41.1382],[29.24063,41.13754],[29.24026,41.13636],[29.23632,41.13635],[29.23316,41.13587],[29.23243,41.1363],[29.23232,41.13507],[29.23383,41.13423],[29.23255,41.13207],[29.23306,41.13008],[29.23525,41.12815],[29.23542,41.12708],[29.23665,41.12658],[29.2351,41.1228],[29.23435,41.12246],[29.23146,41.12298],[29.23056,41.12065],[29.22901,41.11972],[29.22859,41.11797],[29.22921,41.11688],[29.2308,41.11547],[29.23048,41.11413],[29.23369,41.1139],[29.23749,41.11203],[29.23876,41.11165],[29.24,41.11017],[29.2425,41.10883],[29.24501,41.10865],[29.24667,41.10924],[29.24745,41.111],[29.24896,41.11056],[29.24896,41.11101],[29.2525,41.11161],[29.25369,41.11291],[29.25333,41.11386],[29.25167,41.11451],[29.2521,41.11508]]]},"properties":{"id":9479804,"name":"Cumhuriyetköy Mahallesi","district_id":1276910}},{"type":"Feature","geometry":{"type":"Polygon","coordinates":[[[29.26885,41.1746],[29.26925,41.17622],[29.26878,41.17961],[29.269,41.18205],[29.26998,41.18389],[29.26963,41.18453],[29.26775,41.18484],[29.2656,41.18422],[29.26384,41.18444],[29.26288,41.18206],[29.26285,41.18063],[29.26101,41.1784],[29.26,41.17635],[29.25729,41.17416],[29.25596,41.17263],[29.25474,41.172],[29.25158,41.16883],[29.25035,41.16644],[29.25186,41.16483],[29.25139,41.16345],[29.25031,41.16237],[29.24897,41.16209],[29.24805,41.16004],[29.24662,41.15906],[29.24577,41.15901],[29.24307,41.15771],[29.24249,41.15653],[29.24258,41.15549],[29.2411,41.15418],[29.23853,41.15312],[29.2364,41.15322],[29.23637,41.1521],[29.23417,41.15045],[29.2323,41.14967],[29.22942,41.14925],[29.22756,41.1497],[29.22581,41.15108],[29.22547,41.15235],[29.22352,41.15351],[29.2206,41.15349],[29.21986,41.1532],[29.21877,41.15134],[29.21853,41.14984],[29.21755,41.15001],[29.21578,41.14936],[29.21413,41.14769],[29.21624,41.14276],[29.21616,41.13965],[29.21542,41.13842],[29.21727,41.13724],[29.21984,41.13744],[29.22147,41.1381],[29.22279,41.13779],[29.22565,41.1383],[29.22743,41.13802],[29.22877,41.13833],[29.23226,41.13698],[29.23243,41.1363],[29.23316,41.13587],[29.23632,41.13635],[29.24026,41.13636],[29.24063,41.13754],[29.2422,41.1382],[29.24752,41.13701],[29.24905,41.13727],[29.24708,41.13931],[29.24829,41.13995],[29.25224,41.14076],[29.2589,41.14057],[29.26009,41.14083],[29.26099,41.1422],[29.26056,41.14446],[29.25891,41.14431],[29.25603,41.14554],[29.25606,41.1463],[29.25818,41.14917],[29.26015,41.14937],[29.26154,41.14889],[29.26395,41.15015],[29.26499,41.15246],[29.26815,41.15409],[29.26841,41.15612],[29.27126,41.15772],[29.27047,41.16059],[29.26951,41.16267],[29.26965,41.1643],[29.27061,41.16575],[29.26986,41.16757],[29.27012,41.16978],[29.26926,41.1712],[29.26973,41.1731],[29.26885,41.1746]]]},"properties":{"id":9479805,"name":"Öğümce Mahallesi","district_id":1276910}},{"type":"Feature","geometry":{"type":"Polygon","coordinates":[[[29.24885,41.18776],[29.25066,41.18629],[29.25422,41.18504],[29.2579,41.18554],[29.25901,41.1855],[29.26384,41.18444],[29.2656,41.18422],[29.26775,41.18484],[29.26963,41.18453],[29.26998,41.18389],[29.269,41.18205],[29.26878,41.17961],[29.26925,41.17622],[29.26885,41.1746],[29.26973,41.17397],[29.27259,41.17313],[29.27559,41.17347],[29.27705,41.17395],[29.27967,41.17532],[29.28063,41.17645],[29.28679,41.17736],[29.29711,41.18012],[29.29651,41.18225],[29.30016,41.18296],[29.29962,41.18372],[29.29999,41.18598],[29.30089,41.18808],[29.30065,41.19112],[29.29917,41.19252],[29.29909,41.19326],[29.30006,41.19423],[29.30063,41.19678],[29.30187,41.19923],[29.30349,41.20083],[29.3033,41.2035],[29.30408,41.20446],[29.30673,41.20675],[29.3075,41.20904],[29.30845,41.21038],[29.31046,41.21171],[29.31057,41.21299],[29.31236,41.21468],[29.31467,41.21504],[29.31677,41.21612],[29.31722,41.21784],[29.31605,41.21909],[29.31357,41.21921],[29.31169,41.2197],[29.30991,41.22094],[29.30824,41.22036],[29.30479,41.2205],[29.30407,41.22135],[29.30255,41.22105],[29.30044,41.22176],[29.29861,41.22157],[29.29689,41.22215],[29.29608,41.22156],[29.29346,41.22169],[29.29023,41.22232],[29.28739,41.22323],[29.28295,41.22124],[29.28175,41.22137],[29.28064,41.22079],[29.27796,41.21809],[29.27777,41.21712],[29.27868,41.21557],[29.27787,41.21205],[29.27901,41.21061],[29.27562,41.2059],[29.274,41.20095],[29.27112,41.19876],[29.27049,41.1967],[29.26775,41.19441],[29.26472,41.19364],[29.25856,41.19439],[29.2546,41.19446],[29.2525,41.19346],[29.2504,41.19158],[29.24885,41.18776]]]},"properties":{"id":9479806,"name":"Göllü Mahallesi","district_id":1276910}},{"type":"Feature","geometry":{"type":"Polygon","coordinates":[[[29.2206,41.15349],[29.22352,41.15351],[29.22547,41.15235],[29.22581,41.15108],[29.22756,41.1497],[29.22942,41.14925],[29.2323,41.14967],[29.23417,41.15045],[29.23637,41.1521],[29.2364,41.15322],[29.23853,41.15312],[29.2411,41.15418],[29.24258,41.15549],[29.24249,41.15653],[29.24307,41.15771],[29.24577,41.15901],[29.24662,41.15906],[29.24805,41.16004],[29.24897,41.16209],[29.25031,41.16237],[29.25139,41.16345],[29.25186,41.16483],[29.25035,41.16644],[29.25158,41.16883],[29.25474,41.172],[29.25596,41.17263],[29.25729,41.17416],[29.26,41.17635],[29.26101,41.1784],[29.26285,41.18063],[29.26288,41.18206],[29.26384,41.18444],[29.25901,41.1855],[29.2579,41.18554],[29.25422,41.18504],[29.25066,41.18629],[29.24885,41.18776],[29.24465,41.18677],[29.24222,41.18596],[29.24029,41.18677],[29.23918,41.18826],[29.23791,41.18861],[29.23538,41.18874],[29.23418,41.18908],[29.2316,41.191],[29.23107,41.19307],[29.23117,41.19531],[29.22855,41.19515],[29.22639,41.19386],[29.22667,41.19186],[29.22561,41.18863],[29.22589,41.18572],[29.22484,41.18517],[29.22319,41.18301],[29.22094,41.17853],[29.21898,41.17589],[29.21905,41.17447],[29.21772,41.17279],[29.21664,41.17244],[29.21535,41.17095],[29.21524,41.16921],[29.21455,41.16737],[29.2134,41.16614],[29.21329,41.16471],[29.21405,41.16207],[29.21466,41.16117],[29.21432,41.15901],[29.21285,41.15786],[29.21252,41.15666],[29.21382,41.15492],[29.21663,41.15462],[29.21801,41.15407],[29.21903,41.15307],[29.2206,41.15349]]]},"properties":{"id":9479807,"name":"Paşamandıra Mahallesi","district_id":1276910}},{"type":"Feature","geometry":{"type":"Polygon","coordinates":[[[29.28739,41.22323],[29.2826,41.22465],[29.28118,41.22607],[29.27779,41.22787],[29.27321,41.22767],[29.27121,41.22825],[29.27072,41.22962],[29.26765,41.22855],[29.26752,41.22985],[29.26543,41.23121],[29.2638,41.23077],[29.25792,41.23047],[29.25667,41.23147],[29.25739,41.2338],[29.25703,41.23502],[29.25489,41.23423],[29.2517,41.23411],[29.2506,41.23315],[29.24868,41.23228],[29.24572,41.2319],[29.24405,41.229],[29.24137,41.22788],[29.23871,41.22856],[29.23784,41.22934],[29.23684,41.22872],[29.23325,41.22962],[29.2328,41.22868],[29.23128,41.22901],[29.22876,41.22816],[29.225,41.22956],[29.22395,41.23058],[29.22296,41.23],[29.2229,41.22914],[29.2195,41.22895],[29.21898,41.23027],[29.21725,41.23099],[29.21563,41.23082],[29.21388,41.22998],[29.21685,41.22601],[29.21416,41.22348],[29.21145,41.22235],[29.20629,41.2215],[29.20296,41.22151],[29.20113,41.22254],[29.20149,41.22383],[29.19971,41.2239],[29.19944,41.22336],[29.20077,41.22242],[29.20057,41.22174],[29.19884,41.22067],[29.19567,41.22021],[29.19453,41.21552],[29.1941,41.21234],[29.19617,41.20827],[29.19461,41.20591],[29.19277,41.20472],[29.19098,41.20253],[29.19121,41.20145],[29.19242,41.20187],[29.19414,41.20318],[29.19929,41.20312],[29.20241,41.20347],[29.20572,41.20427],[29.20777,41.2052],[29.20943,41.20494],[29.21089,41.20405],[29.21222,41.20376],[29.21367,41.2047],[29.21311,41.20779],[29.21363,41.20983],[29.21531,41.21117],[29.21576,41.21254],[29.21723,41.21321],[29.21788,41.21564],[29.21903,41.21543],[29.22516,41.2125],[29.22911,41.20951],[29.23076,41.20727],[29.23107,41.20621],[29.23054,41.20461],[29.22949,41.20299],[29.22932,41.20139],[29.23017,41.19987],[29.23115,41.19704],[29.23117,41.19531],[29.23107,41.19307],[29.2316,41.191],[29.23418,41.18908],[29.23538,41.18874],[29.23791,41.18861],[29.23918,41.18826],[29.24029,41.18677],[29.24222,41.18596],[29.24465,41.18677],[29.24885,41.18776],[29.2504,41.19158],[29.2525,41.19346],[29.2546,41.19446],[29.25856,41.19439],[29.26472,41.19364],[29.26775,41.19441],[29.27049,41.1967],[29.27112,41.19876],[29.274,41.20095],[29.27562,41.2059],[29.27901,41.21061],[29.27787,41.21205],[29.27868,41.21557],[29.27777,41.21712],[29.27796,41.21809],[29.28064,41.22079],[29.28175,41.22137],[29.28295,41.22124],[29.28739,41.22323]]]},"properties":{"id":9479808,"name":"Riva Mahallesi","district_id":1276910}},{"type":"Feature","geometry":{"type":"Polygon","coordinates":[[[29.23117,41.19531],[29.23115,41.19704],[29.23017,41.19987],[29.22932,41.20139],[29.22949,41.20299],[29.23054,41.20461],[29.23107,41.20621],[29.23076,41.20727],[29.22911,41.20951],[29.22516,41.2125],[29.21903,41.21543],[29.21788,41.21564],[29.21723,41.21321],[29.21576,41.21254],[29.21531,41.21117],[29.21363,41.20983],[29.21311,41.20779],[29.21367,41.2047],[29.21222,41.20376],[29.21089,41.20405],[29.20943,41.20494],[29.20777,41.2052],[29.20572,41.20427],[29.20241,41.20347],[29.19929,41.20312],[29.19414,41.20318],[29.19242,41.20187],[29.19121,41.20145],[29.19058,41.20066],[29.19016,41.19897],[29.19138,41.19745],[29.192,41.19596],[29.19184,41.19478],[29.1906,41.19359],[29.19078,41.19206],[29.18998,41.19048],[29.19046,41.18568],[29.18959,41.18396],[29.18852,41.18307],[29.18737,41.18286],[29.18517,41.18174],[29.18413,41.1809],[29.18206,41.18012],[29.18061,41.17906],[29.1795,41.17768],[29.17838,41.17718],[29.17664,41.17783],[29.17386,41.17653],[29.17135,41.17358],[29.17316,41.17274],[29.17666,41.17306],[29.17827,41.17281],[29.18039,41.17399],[29.18057,41.17468],[29.18351,41.17606],[29.18546,41.1748],[29.18736,41.17443],[29.19097,41.17435],[29.19299,41.17396],[29.19446,41.17579],[29.19431,41.17693],[29.19555,41.17948],[29.1977,41.18049],[29.19905,41.17967],[29.20303,41.17873],[29.20417,41.17884],[29.2063,41.17814],[29.20864,41.17693],[29.21352,41.17562],[29.21775,41.1734],[29.21772,41.17279],[29.21905,41.17447],[29.21898,41.17589],[29.22094,41.17853],[29.22319,41.18301],[29.22484,41.18517],[29.22589,41.18572],[29.22561,41.18863],[29.22667,41.19186],[29.22639,41.19386],[29.22855,41.19515],[29.23117,41.19531]]]},"properties":{"id":9479839,"name":"Alibahadır Mahallesi","district_id":1276910}},{"type":"Feature","geometry":{"type":"Polygon","coordinates":[[[29.14758,41.12194],[29.14534,41.1207],[29.14495,41.11786],[29.1428,41.1157],[29.14266,41.11487],[29.14115,41.11239],[29.13939,41.11125],[29.13867,41.10835],[29.13711,41.1076],[29.13667,41.10643],[29.13432,41.10471],[29.13121,41.1046],[29.13053,41.10401],[29.13077,41.10287],[29.12984,41.10224],[29.1301,41.10096],[29.13231,41.09954],[29.13589,41.09894],[29.13783,41.09989],[29.1388,41.10139],[29.1409,41.10302],[29.14463,41.10427],[29.15029,41.10681],[29.15168,41.10694],[29.15396,41.10933],[29.1546,41.10815],[29.1542,41.10739],[29.15433,41.10549],[29.15702,41.10586],[29.15919,41.10723],[29.16046,41.10758],[29.1607,41.10861],[29.1592,41.10992],[29.15903,41.11209],[29.15776,41.1149],[29.15829,41.1183],[29.15756,41.12045],[29.15713,41.12058],[29.1541,41.12007],[29.15143,41.12047],[29.14758,41.12194]]]},"properties":{"id":9479917,"name":"Görele Mahallesi","district_id":1276910}},{"type":"Feature","geometry":{"type":"Polygon","coordinates":[[[29.17827,41.17281],[29.17689,41.16888],[29.17558,41.16808],[29.1751,41.16722],[29.17582,41.16614],[29.17577,41.16309],[29.17679,41.16012],[29.17687,41.15413],[29.178,41.15266],[29.17806,41.15128],[29.17661,41.14936],[29.1737,41.15005],[29.17203,41.14985],[29.17051,41.14886],[29.17005,41.14698],[29.1692,41.14657],[29.1684,41.1444],[29.17202,41.14519],[29.17462,41.14456],[29.1749,41.14265],[29.17593,41.14291],[29.17747,41.14187],[29.17729,41.14006],[29.17593,41.13746],[29.17476,41.13676],[29.17415,41.13471],[29.17401,41.1323],[29.17757,41.1316],[29.17813,41.13001],[29.1795,41.12963],[29.18139,41.13076],[29.18409,41.13171],[29.18587,41.13173],[29.18686,41.13021],[29.18855,41.13114],[29.19107,41.13051],[29.19203,41.13097],[29.19718,41.13551],[29.19843,41.13376],[29.20018,41.133],[29.2043,41.13213],[29.20722,41.13535],[29.2087,41.13583],[29.21173,41.13588],[29.21542,41.13842],[29.21616,41.13965],[29.21624,41.14276],[29.21413,41.14769],[29.21578,41.14936],[29.21755,41.15001],[29.21853,41.14984],[29.21877,41.15134],[29.21986,41.1532],[29.2206,41.15349],[29.21903,41.15307],[29.21801,41.15407],[29.21663,41.15462],[29.21382,41.15492],[29.21252,41.15666],[29.21285,41.15786],[29.21432,41.15901],[29.21466,41.16117],[29.21405,41.16207],[29.21329,41.16471],[29.2134,41.16614],[29.21455,41.16737],[29.21524,41.16921],[29.21535,41.17095],[29.21664,41.17244],[29.21772,41.17279],[29.21775,41.1734],[29.21352,41.17562],[29.20864,41.17693],[29.2063,41.17814],[29.20417,41.17884],[29.20303,41.17873],[29.19905,41.17967],[29.1977,41.18049],[29.19555,41.17948],[29.19431,41.17693],[29.19446,41.17579],[29.19299,41.17396],[29.19097,41.17435],[29.18736,41.17443],[29.18546,41.1748],[29.18351,41.17606],[29.18057,41.17468],[29.18039,41.17399],[29.17827,41.17281]]]},"properties":{"id":9479970,"name":"Mahmutşevketpaşa Mahallesi","district_id":1276910}},{"type":"Feature","geometry":{"type":"Polygon","coordinates":[[[29.23885,40.9758],[29.23305,40.97593],[29.2286,40.97659],[29.22708,40.97556],[29.22551,40.97362],[29.2245,40.96897],[29.22362,40.96763],[29.22377,40.96542],[29.22335,40.96399],[29.2228,40.9594],[29.22717,40.95926],[29.23113,40.95942],[29.23309,40.9593],[29.23331,40.96209],[29.234,40.96293],[29.23557,40.96705],[29.2405,40.97471],[29.23885,40.9758]]]},"properties":{"id":9480875,"name":"Akpınar Mahallesi","district_id":1276014}},{"type":"Feature","geometry":{"type":"Polygon","coordinates":[[[29.18777,41.00744],[29.18777,41.00671],[29.18941,41.00594],[29.19029,41.0026],[29.19294,40.9967],[29.19282,40.99562],[29.1913,40.99267],[29.19279,40.99247],[29.19661,40.99227],[29.20131,40.99083],[29.20161,40.9921],[29.20315,40.99486],[29.20585,40.99704],[29.20907,40.99758],[29.20904,40.99814],[29.20721,40.99987],[29.20559,41.0002],[29.20248,41.00508],[29.19937,41.00433],[29.19892,41.00674],[29.19909,41.00796],[29.19052,41.00739],[29.18777,41.00744]]]},"properties":{"id":9480877,"name":"Emek Mahallesi","district_id":1276014}},{"type":"Feature","geometry":{"type":"Polygon","coordinates":[[[29.19975,41.01424],[29.19536,41.01369],[29.19074,41.01401],[29.19083,41.01351],[29.19396,41.01332],[29.19466,41.0114],[29.19117,41.01013],[29.1878,41.00976],[29.18568,41.00904],[29.1863,41.0075],[29.18777,41.00744],[29.19052,41.00739],[29.19909,41.00796],[29.20952,41.00897],[29.21389,41.00845],[29.21164,41.00985],[29.20978,41.0105],[29.20703,41.01359],[29.20519,41.01303],[29.19975,41.01424]]]},"properties":{"id":9480879,"name":"Meclis Mahallesi","district_id":1276014}},{"type":"Feature","geometry":{"type":"Polygon","coordinates":[[[29.23309,40.9593],[29.23182,40.95658],[29.23042,40.95302],[29.22875,40.95088],[29.22875,40.94944],[29.23012,40.94931],[29.23107,40.94985],[29.23207,40.94914],[29.23542,40.94989],[29.23877,40.95006],[29.24071,40.94973],[29.24251,40.94986],[29.2466,40.9513],[29.24643,40.95195],[29.24937,40.95241],[29.24911,40.9531],[29.24969,40.95527],[29.24899,40.95817],[29.24764,40.95983],[29.24828,40.96112],[29.24717,40.96175],[29.24668,40.96393],[29.24534,40.96488],[29.24472,40.96771],[29.24553,40.97038],[29.24815,40.97261],[29.24899,40.97273],[29.25042,40.97424],[29.2477,40.97515],[29.24441,40.97572],[29.23885,40.9758],[29.2405,40.97471],[29.23557,40.96705],[29.234,40.96293],[29.23331,40.96209],[29.23309,40.9593]]]},"properties":{"id":9480886,"name":"Veysel Karani Mahallesi","district_id":1276014}},{"type":"Feature","geometry":{"type":"Polygon","coordinates":[[[29.19258,41.03208],[29.19485,41.03318],[29.19704,41.03384],[29.20256,41.0378],[29.20378,41.04078],[29.2014,41.04138],[29.20175,41.04282],[29.20097,41.0441],[29.1993,41.04395],[29.19838,41.04599],[29.19863,41.0467],[29.19724,41.05017],[29.19803,41.05157],[29.19764,41.05375],[29.1964,41.05403],[29.19497,41.05497],[29.19334,41.05546],[29.1894,41.05508],[29.1865,41.05514],[29.18316,41.05579],[29.17868,41.05433],[29.17515,41.05431],[29.17052,41.05471],[29.16839,41.05626],[29.16729,41.05403],[29.16452,41.05326],[29.16161,41.05273],[29.15888,41.05122],[29.15513,41.05016],[29.15258,41.04994],[29.15202,41.04935],[29.14841,41.0497],[29.14788,41.04946],[29.14787,41.04775],[29.1448,41.04813],[29.14288,41.04777],[29.14147,41.04575],[29.14172,41.0438],[29.14,41.04309],[29.13906,41.04229],[29.13824,41.04074],[29.13843,41.03995],[29.13993,41.03872],[29.13999,41.03749],[29.13944,41.03657],[29.13987,41.03494],[29.14221,41.03495],[29.14641,41.03675],[29.14946,41.03663],[29.15412,41.03673],[29.1573,41.03566],[29.16124,41.03498],[29.16414,41.03311],[29.1664,41.03176],[29.17004,41.03076],[29.17175,41.02938],[29.17393,41.03322],[29.17793,41.03558],[29.17939,41.03481],[29.18228,41.03479],[29.18291,41.03414],[29.1867,41.03516],[29.18822,41.03681],[29.19346,41.03655],[29.19271,41.03495],[29.19258,41.03208]]]},"properties":{"id":9481740,"name":"Merkez Mahallesi","district_id":1276034}},{"type":"Feature","geometry":{"type":"Polygon","coordinates":[[[29.19975,41.01424],[29.20519,41.01303],[29.20703,41.01359],[29.21373,41.01603],[29.21647,41.01602],[29.21746,41.01825],[29.22071,41.02082],[29.22133,41.02072],[29.22183,41.02206],[29.22155,41.02336],[29.21695,41.0224],[29.21493,41.02162],[29.21236,41.02001],[29.20471,41.01576],[29.20255,41.01492],[29.19975,41.01424]]]},"properties":{"id":9481748,"name":"Kirazlıdere Mahallesi","district_id":1276034}},{"type":"Feature","geometry":{"type":"Polygon","coordinates":[[[28.53043,41.1041],[28.53485,41.10803],[28.53542,41.10931],[28.53653,41.11005],[28.53821,41.11078],[28.53841,41.1119],[28.53812,41.11396],[28.53495,41.11605],[28.53516,41.1181],[28.5347,41.12098],[28.5358,41.12181],[28.54376,41.1242],[28.54368,41.12726],[28.545,41.12779],[28.54471,41.12899],[28.5444,41.13024],[28.54295,41.1314],[28.53898,41.13398],[28.5351,41.13578],[28.53334,41.13688],[28.53295,41.13812],[28.5307,41.13692],[28.52553,41.13869],[28.5163,41.13843],[28.51272,41.13875],[28.51115,41.13869],[28.51085,41.1418],[28.5104,41.14184],[28.50982,41.13885],[28.50883,41.13896],[28.50933,41.14227],[28.50566,41.143],[28.50296,41.14394],[28.50132,41.14602],[28.5007,41.14761],[28.49834,41.15126],[28.4974,41.15386],[28.49377,41.1532],[28.49476,41.15147],[28.49498,41.15009],[28.49128,41.15097],[28.49145,41.15195],[28.49278,41.15176],[28.49107,41.15434],[28.48974,41.15593],[28.48787,41.15748],[28.4835,41.15418],[28.47971,41.15137],[28.47806,41.15236],[28.47696,41.15176],[28.46867,41.14937],[28.4675,41.14855],[28.46369,41.14711],[28.46267,41.14549],[28.46128,41.14429],[28.45754,41.14226],[28.45605,41.14063],[28.45455,41.14136],[28.45414,41.14008],[28.45247,41.13809],[28.45259,41.1329],[28.45292,41.12947],[28.45333,41.12888],[28.45502,41.12792],[28.45682,41.12488],[28.45811,41.12382],[28.45974,41.12363],[28.46264,41.12162],[28.46444,41.12105],[28.46661,41.12123],[28.46753,41.11708],[28.46884,41.1159],[28.47103,41.11551],[28.47274,41.11423],[28.47508,41.1135],[28.47388,41.11139],[28.47619,41.11094],[28.4788,41.11315],[28.4796,41.11329],[28.48229,41.11202],[28.48418,41.10977],[28.48521,41.11037],[28.4876,41.11092],[28.4853,41.1137],[28.48787,41.11449],[28.48884,41.1157],[28.48866,41.11864],[28.48978,41.11997],[28.49266,41.12195],[28.49345,41.12133],[28.49789,41.11591],[28.50147,41.11275],[28.50269,41.11139],[28.50454,41.10866],[28.50809,41.10268],[28.51435,41.10519],[28.52137,41.10747],[28.5222,41.108],[28.52462,41.10671],[28.52805,41.10574],[28.53043,41.1041]]]},"properties":{"id":9483017,"name":"Ferhatpaşa Mahallesi","district_id":1275389}},{"type":"Feature","geometry":{"type":"Polygon","coordinates":[[[28.45333,41.12888],[28.45292,41.12947],[28.45259,41.1329],[28.45247,41.13809],[28.45414,41.14008],[28.45455,41.14136],[28.45605,41.14063],[28.45754,41.14226],[28.46128,41.14429],[28.46267,41.14549],[28.46369,41.14711],[28.4675,41.14855],[28.46867,41.14937],[28.47696,41.15176],[28.47806,41.15236],[28.47971,41.15137],[28.4835,41.15418],[28.48203,41.15737],[28.48119,41.15798],[28.48073,41.1605],[28.48105,41.16303],[28.47704,41.16659],[28.47436,41.17016],[28.47369,41.17131],[28.47268,41.17531],[28.47331,41.17997],[28.47382,41.18096],[28.46945,41.17965],[28.46667,41.17957],[28.46461,41.18105],[28.46337,41.18109],[28.45816,41.18034],[28.45895,41.18242],[28.45892,41.1834],[28.45781,41.18487],[28.45639,41.18528],[28.45601,41.18728],[28.45667,41.18826],[28.45647,41.18939],[28.45507,41.18897],[28.4539,41.18945],[28.4525,41.19123],[28.45125,41.19179],[28.44822,41.19215],[28.4471,41.19166],[28.44632,41.19005],[28.44666,41.18904],[28.44368,41.18753],[28.44219,41.18771],[28.44129,41.18617],[28.44001,41.18544],[28.43829,41.18592],[28.43756,41.1848],[28.43652,41.18464],[28.43725,41.18239],[28.43729,41.1808],[28.43662,41.17748],[28.43089,41.17739],[28.42817,41.17762],[28.42718,41.17804],[28.42382,41.17844],[28.42292,41.17892],[28.42008,41.17892],[28.42035,41.17809],[28.41915,41.1771],[28.41953,41.17446],[28.4181,41.17286],[28.4171,41.17399],[28.41395,41.17486],[28.41135,41.17375],[28.41014,41.17188],[28.41038,41.17058],[28.40753,41.17009],[28.40837,41.16838],[28.40824,41.16695],[28.40953,41.16578],[28.40841,41.1614],[28.40919,41.16086],[28.40928,41.15751],[28.41024,41.15661],[28.41242,41.15638],[28.41379,41.15577],[28.41588,41.15417],[28.41534,41.15258],[28.4153,41.14894],[28.41605,41.14782],[28.41936,41.14607],[28.4203,41.1471],[28.42225,41.14764],[28.43024,41.14463],[28.43098,41.14391],[28.43325,41.14001],[28.43405,41.13913],[28.4365,41.13805],[28.44216,41.13755],[28.44371,41.13499],[28.44547,41.13332],[28.4477,41.1298],[28.45056,41.12844],[28.45333,41.12888]]]},"properties":{"id":9483212,"name":"Kaleiçi Mahallesi","district_id":1275389}},{"type":"Feature","geometry":{"type":"Polygon","coordinates":[[[28.53295,41.13812],[28.53117,41.14119],[28.53137,41.14609],[28.52858,41.15265],[28.52731,41.15803],[28.52737,41.15992],[28.52791,41.16055],[28.52727,41.16366],[28.52785,41.16536],[28.52866,41.16643],[28.52986,41.16919],[28.53074,41.16959],[28.53012,41.17189],[28.53047,41.17301],[28.52975,41.17383],[28.52934,41.17573],[28.52711,41.17838],[28.52554,41.17948],[28.52463,41.18218],[28.52366,41.18379],[28.5229,41.18673],[28.52152,41.18748],[28.52075,41.1884],[28.52015,41.1913],[28.51852,41.19365],[28.51695,41.1941],[28.51549,41.19533],[28.51537,41.19715],[28.51274,41.20014],[28.51296,41.20057],[28.51195,41.20236],[28.50944,41.20312],[28.51008,41.20149],[28.50349,41.19722],[28.50128,41.19611],[28.49781,41.19587],[28.4976,41.19479],[28.49627,41.19488],[28.4949,41.19567],[28.49122,41.197],[28.48897,41.19747],[28.48737,41.20029],[28.48702,41.19901],[28.48579,41.19665],[28.4851,41.19398],[28.4841,41.19268],[28.48427,41.19115],[28.48296,41.19106],[28.48277,41.18911],[28.48055,41.18866],[28.48042,41.1856],[28.48038,41.18356],[28.47985,41.18188],[28.47836,41.18271],[28.47519,41.18392],[28.47382,41.18096],[28.47331,41.17997],[28.47268,41.17531],[28.47369,41.17131],[28.47436,41.17016],[28.47704,41.16659],[28.48105,41.16303],[28.48073,41.1605],[28.48119,41.15798],[28.48203,41.15737],[28.4835,41.15418],[28.48787,41.15748],[28.48974,41.15593],[28.49107,41.15434],[28.49278,41.15176],[28.49145,41.15195],[28.49128,41.15097],[28.49498,41.15009],[28.49476,41.15147],[28.49377,41.1532],[28.4974,41.15386],[28.49834,41.15126],[28.5007,41.14761],[28.50132,41.14602],[28.50296,41.14394],[28.50566,41.143],[28.50933,41.14227],[28.50883,41.13896],[28.50982,41.13885],[28.5104,41.14184],[28.51085,41.1418],[28.51115,41.13869],[28.51272,41.13875],[28.5163,41.13843],[28.52553,41.13869],[28.5307,41.13692],[28.53295,41.13812]]]},"properties":{"id":9483660,"name":"İzzettin Mahallesi","district_id":1275389}},{"type":"Feature","geometry":{"type":"Polygon","coordinates":[[[29.19567,41.22021],[29.19212,41.22019],[29.18559,41.22088],[29.18265,41.22104],[29.18206,41.22173],[29.17971,41.22136],[29.17699,41.22256],[29.17605,41.22159],[29.1749,41.22169],[29.17359,41.2226],[29.17319,41.22395],[29.16986,41.22485],[29.16672,41.22433],[29.16512,41.22433],[29.1646,41.22281],[29.16327,41.22185],[29.16265,41.21794],[29.16075,41.2171],[29.1602,41.21796],[29.15756,41.21833],[29.15663,41.21892],[29.15446,41.21936],[29.15353,41.21837],[29.15182,41.21853],[29.15061,41.21775],[29.15231,41.21572],[29.15196,41.21433],[29.1499,41.21304],[29.14831,41.21295],[29.1477,41.2119],[29.14549,41.2122],[29.14587,41.20864],[29.14656,41.20749],[29.14751,41.2021],[29.14703,41.19436],[29.1472,41.19277],[29.1468,41.18872],[29.14587,41.18809],[29.14405,41.18516],[29.14342,41.18295],[29.14336,41.17887],[29.14247,41.17665],[29.14372,41.17755],[29.14525,41.17799],[29.14754,41.17976],[29.14831,41.1811],[29.14924,41.18109],[29.15135,41.18244],[29.15197,41.18332],[29.15392,41.1849],[29.15556,41.18555],[29.15841,41.18543],[29.15817,41.18375],[29.15905,41.1831],[29.16151,41.18253],[29.16244,41.18318],[29.1641,41.18297],[29.16673,41.18129],[29.16744,41.18023],[29.16734,41.17809],[29.16841,41.17751],[29.17386,41.17653],[29.17664,41.17783],[29.17838,41.17718],[29.1795,41.17768],[29.18061,41.17906],[29.18206,41.18012],[29.18413,41.1809],[29.18517,41.18174],[29.18737,41.18286],[29.18852,41.18307],[29.18959,41.18396],[29.19046,41.18568],[29.18998,41.19048],[29.19078,41.19206],[29.1906,41.19359],[29.19184,41.19478],[29.192,41.19596],[29.19138,41.19745],[29.19016,41.19897],[29.19058,41.20066],[29.19121,41.20145],[29.19098,41.20253],[29.19277,41.20472],[29.19461,41.20591],[29.19617,41.20827],[29.1941,41.21234],[29.19453,41.21552],[29.19567,41.22021]]]},"properties":{"id":9488959,"name":"Anadolufeneri Mahallesi","district_id":1276910}},{"type":"Feature","geometry":{"type":"Polygon","coordinates":[[[29.17386,41.17653],[29.16841,41.17751],[29.16734,41.17809],[29.16744,41.18023],[29.16673,41.18129],[29.1641,41.18297],[29.16244,41.18318],[29.16151,41.18253],[29.15905,41.1831],[29.15817,41.18375],[29.15841,41.18543],[29.15556,41.18555],[29.15392,41.1849],[29.15197,41.18332],[29.15135,41.18244],[29.14924,41.18109],[29.14831,41.1811],[29.14754,41.17976],[29.14525,41.17799],[29.14372,41.17755],[29.14247,41.17665],[29.14064,41.17503],[29.13876,41.17486],[29.13567,41.17302],[29.13449,41.17296],[29.13282,41.17173],[29.13214,41.16897],[29.1314,41.16752],[29.12941,41.16631],[29.12651,41.16346],[29.1289,41.16492],[29.13343,41.16503],[29.13562,41.16364],[29.13715,41.16322],[29.13936,41.16347],[29.13991,41.16544],[29.14196,41.16585],[29.14541,41.16391],[29.14606,41.16257],[29.14699,41.16221],[29.15069,41.16194],[29.1554,41.16228],[29.15787,41.16208],[29.15858,41.16271],[29.15998,41.16582],[29.16189,41.16643],[29.16435,41.16598],[29.16613,41.16611],[29.16756,41.16972],[29.17148,41.16856],[29.17077,41.17097],[29.17135,41.17358],[29.17386,41.17653]]]},"properties":{"id":9488961,"name":"Kaynarca Mahallesi","district_id":1276910}},{"type":"Feature","geometry":{"type":"Polygon","coordinates":[[[29.14247,41.17665],[29.14336,41.17887],[29.14342,41.18295],[29.14405,41.18516],[29.14587,41.18809],[29.1468,41.18872],[29.1472,41.19277],[29.14703,41.19436],[29.14751,41.2021],[29.14656,41.20749],[29.14587,41.20864],[29.14549,41.2122],[29.14217,41.21273],[29.13763,41.21133],[29.13695,41.20991],[29.13506,41.20896],[29.13319,41.2093],[29.1325,41.20839],[29.13004,41.20842],[29.12973,41.2074],[29.13148,41.20604],[29.13171,41.20538],[29.13104,41.20314],[29.12947,41.20241],[29.12596,41.20246],[29.12224,41.20171],[29.12001,41.20042],[29.11833,41.2004],[29.11809,41.19901],[29.12011,41.19696],[29.11923,41.19509],[29.11912,41.1925],[29.11972,41.192],[29.11933,41.19047],[29.1179,41.18844],[29.11862,41.18777],[29.11775,41.18673],[29.1155,41.18642],[29.11446,41.18494],[29.1208,41.18092],[29.12229,41.17947],[29.12254,41.17784],[29.12105,41.17535],[29.11912,41.1741],[29.12367,41.17356],[29.12432,41.17293],[29.12481,41.17019],[29.12578,41.17006],[29.12697,41.16915],[29.12723,41.16817],[29.12941,41.16631],[29.1314,41.16752],[29.13214,41.16897],[29.13282,41.17173],[29.13449,41.17296],[29.13567,41.17302],[29.13876,41.17486],[29.14064,41.17503],[29.14247,41.17665]]]},"properties":{"id":9488997,"name":"Poyrazköy Mahallesi","district_id":1276910}},{"type":"Feature","geometry":{"type":"Polygon","coordinates":[[[29.07878,41.1439],[29.07925,41.14572],[29.07989,41.14669],[29.07977,41.14863],[29.08023,41.15195],[29.08133,41.15312],[29.08251,41.15335],[29.08407,41.15244],[29.08324,41.15441],[29.08458,41.15676],[29.08694,41.15822],[29.08659,41.15973],[29.08776,41.162],[29.09006,41.16231],[29.09214,41.16343],[29.09488,41.16714],[29.09447,41.16891],[29.0995,41.1705],[29.10286,41.17241],[29.1057,41.17336],[29.10724,41.17335],[29.11038,41.17483],[29.11432,41.17536],[29.11912,41.1741],[29.12105,41.17535],[29.12254,41.17784],[29.12229,41.17947],[29.1208,41.18092],[29.11446,41.18494],[29.11262,41.18443],[29.113,41.18328],[29.11169,41.18308],[29.11066,41.18401],[29.1082,41.18385],[29.10727,41.18274],[29.10742,41.18172],[29.10668,41.18074],[29.10317,41.18172],[29.10175,41.18165],[29.10007,41.18068],[29.09778,41.18072],[29.0966,41.18039],[29.09416,41.18056],[29.0912,41.18002],[29.08688,41.17844],[29.08758,41.17484],[29.0884,41.17337],[29.08792,41.17155],[29.08669,41.17005],[29.08461,41.16915],[29.08137,41.16735],[29.07578,41.16671],[29.07482,41.16621],[29.07368,41.16465],[29.07242,41.16119],[29.07622,41.15817],[29.07776,41.15603],[29.07791,41.1545],[29.07752,41.15259],[29.0756,41.14877],[29.07383,41.14682],[29.07618,41.14492],[29.07788,41.14395],[29.07878,41.1439]]]},"properties":{"id":9488998,"name":"Anadolu Kavağı Mahallesi","district_id":1276910}},{"type":"Feature","geometry":{"type":"Polygon","coordinates":[[[29.09479,41.14906],[29.1002,41.15566],[29.10183,41.15658],[29.10278,41.15863],[29.10439,41.16021],[29.10728,41.16066],[29.11014,41.16186],[29.11222,41.16333],[29.11445,41.16338],[29.11544,41.16478],[29.11548,41.16557],[29.11655,41.16732],[29.11763,41.16992],[29.11752,41.1717],[29.11844,41.17352],[29.11912,41.1741],[29.11432,41.17536],[29.11038,41.17483],[29.10724,41.17335],[29.1057,41.17336],[29.10286,41.17241],[29.0995,41.1705],[29.09447,41.16891],[29.09488,41.16714],[29.09214,41.16343],[29.09006,41.16231],[29.08776,41.162],[29.08659,41.15973],[29.08694,41.15822],[29.08458,41.15676],[29.08324,41.15441],[29.08407,41.15244],[29.08444,41.15166],[29.08689,41.15071],[29.0884,41.14954],[29.08786,41.1487],[29.08974,41.14915],[29.09137,41.15013],[29.09305,41.14921],[29.09479,41.14906]]]},"properties":{"id":9488999,"name":"Tokatköy Mahallesi","district_id":1276910}},{"type":"Feature","geometry":{"type":"Polygon","coordinates":[[[29.12392,41.14734],[29.12416,41.1481],[29.12299,41.15047],[29.12069,41.1501],[29.11998,41.15066],[29.11901,41.15241],[29.11942,41.15521],[29.12013,41.15584],[29.12128,41.15814],[29.12335,41.16134],[29.12502,41.16165],[29.12651,41.16346],[29.12941,41.16631],[29.12723,41.16817],[29.12697,41.16915],[29.12578,41.17006],[29.12481,41.17019],[29.12432,41.17293],[29.12367,41.17356],[29.11912,41.1741],[29.11844,41.17352],[29.11752,41.1717],[29.11763,41.16992],[29.11655,41.16732],[29.11548,41.16557],[29.11544,41.16478],[29.11445,41.16338],[29.11222,41.16333],[29.11014,41.16186],[29.10728,41.16066],[29.10439,41.16021],[29.10278,41.15863],[29.10183,41.15658],[29.1002,41.15566],[29.09479,41.14906],[29.09633,41.14829],[29.09915,41.14843],[29.10205,41.14762],[29.10015,41.14596],[29.10016,41.14551],[29.10194,41.14426],[29.10301,41.14281],[29.10345,41.14087],[29.1042,41.13946],[29.10609,41.14149],[29.10819,41.14323],[29.1111,41.14242],[29.11167,41.14502],[29.11371,41.14566],[29.11603,41.14709],[29.11653,41.148],[29.11883,41.14836],[29.12008,41.1482],[29.12142,41.14745],[29.12392,41.14734]]]},"properties":{"id":9489001,"name":"Akbaba Mahallesi","district_id":1276910}},{"type":"Feature","geometry":{"type":"Polygon","coordinates":[[[29.1042,41.13946],[29.10345,41.14087],[29.10301,41.14281],[29.10194,41.14426],[29.10016,41.14551],[29.09925,41.14428],[29.09743,41.14425],[29.09719,41.14314],[29.09562,41.14385],[29.09429,41.14225],[29.09312,41.14164],[29.09168,41.1399],[29.08977,41.13916],[29.09056,41.13858],[29.08752,41.13614],[29.08996,41.13471],[29.0917,41.13398],[29.09157,41.13274],[29.0924,41.1311],[29.09629,41.13308],[29.09755,41.13291],[29.1007,41.13113],[29.1061,41.13338],[29.10811,41.13289],[29.1086,41.13184],[29.1114,41.13134],[29.11338,41.12975],[29.11446,41.12924],[29.11595,41.1273],[29.11978,41.12619],[29.12179,41.12616],[29.12393,41.12574],[29.12684,41.12565],[29.13161,41.12632],[29.13233,41.12533],[29.13467,41.126],[29.13295,41.12779],[29.13203,41.12822],[29.13193,41.12924],[29.13046,41.13102],[29.12794,41.13355],[29.12739,41.13461],[29.12479,41.13605],[29.12444,41.13715],[29.12265,41.13789],[29.12137,41.13933],[29.11973,41.13851],[29.11622,41.13779],[29.11452,41.137],[29.1122,41.13646],[29.11015,41.13649],[29.10693,41.13736],[29.1042,41.13946]]]},"properties":{"id":9489100,"name":"Merkez Mahallesi","district_id":1276910}},{"type":"Feature","geometry":{"type":"Polygon","coordinates":[[[29.15092,41.13],[29.14897,41.12961],[29.14686,41.13171],[29.14682,41.13288],[29.14438,41.13621],[29.14363,41.13797],[29.14223,41.13813],[29.14053,41.13941],[29.13789,41.13949],[29.13405,41.13997],[29.133,41.14092],[29.13322,41.14229],[29.13169,41.14462],[29.1323,41.14587],[29.1308,41.1463],[29.12973,41.14583],[29.12412,41.14705],[29.12392,41.14734],[29.12142,41.14745],[29.12008,41.1482],[29.11883,41.14836],[29.11653,41.148],[29.11603,41.14709],[29.11371,41.14566],[29.11167,41.14502],[29.1111,41.14242],[29.10819,41.14323],[29.10609,41.14149],[29.1042,41.13946],[29.10693,41.13736],[29.11015,41.13649],[29.1122,41.13646],[29.11452,41.137],[29.11622,41.13779],[29.11973,41.13851],[29.12137,41.13933],[29.12265,41.13789],[29.12444,41.13715],[29.12479,41.13605],[29.12739,41.13461],[29.12794,41.13355],[29.13046,41.13102],[29.13193,41.12924],[29.13203,41.12822],[29.13295,41.12779],[29.13467,41.126],[29.13637,41.12512],[29.13995,41.1246],[29.14087,41.12417],[29.14289,41.12454],[29.14582,41.12618],[29.14988,41.12668],[29.1517,41.12721],[29.15092,41.13]]]},"properties":{"id":9489133,"name":"Elmalı Mahallesi","district_id":1276910}},{"type":"Feature","geometry":{"type":"Polygon","coordinates":[[[29.15092,41.13],[29.1517,41.12721],[29.14988,41.12668],[29.14582,41.12618],[29.14289,41.12454],[29.14538,41.12349],[29.14758,41.12194],[29.15143,41.12047],[29.1541,41.12007],[29.15713,41.12058],[29.15926,41.12248],[29.16107,41.12369],[29.16244,41.12575],[29.16403,41.12647],[29.16439,41.12807],[29.16798,41.13087],[29.17253,41.13273],[29.17401,41.1323],[29.17415,41.13471],[29.17476,41.13676],[29.17593,41.13746],[29.17729,41.14006],[29.17747,41.14187],[29.17593,41.14291],[29.1749,41.14265],[29.17462,41.14456],[29.17202,41.14519],[29.1684,41.1444],[29.16606,41.1437],[29.16545,41.14282],[29.1634,41.14216],[29.16228,41.14104],[29.16082,41.14022],[29.15924,41.13982],[29.15766,41.13874],[29.15539,41.13477],[29.15509,41.13207],[29.15398,41.13144],[29.15148,41.13083],[29.15092,41.13]]]},"properties":{"id":9489219,"name":"Zerzavatçı Mahallesi","district_id":1276910}},{"type":"Feature","geometry":{"type":"Polygon","coordinates":[[[29.178,41.15266],[29.17651,41.15248],[29.17505,41.15138],[29.17156,41.1535],[29.16937,41.15292],[29.16696,41.15192],[29.16493,41.15058],[29.16394,41.14944],[29.16155,41.14882],[29.15876,41.14897],[29.15658,41.14957],[29.15339,41.14871],[29.15146,41.14854],[29.15058,41.14747],[29.148,41.14689],[29.14742,41.14739],[29.14475,41.14618],[29.14114,41.14489],[29.13887,41.14501],[29.13706,41.14543],[29.1348,41.14497],[29.13323,41.14615],[29.1323,41.14587],[29.13169,41.14462],[29.13322,41.14229],[29.133,41.14092],[29.13405,41.13997],[29.13789,41.13949],[29.14053,41.13941],[29.14223,41.13813],[29.14363,41.13797],[29.14438,41.13621],[29.14682,41.13288],[29.14686,41.13171],[29.14897,41.12961],[29.15092,41.13],[29.15148,41.13083],[29.15398,41.13144],[29.15509,41.13207],[29.15539,41.13477],[29.15766,41.13874],[29.15924,41.13982],[29.16082,41.14022],[29.16228,41.14104],[29.1634,41.14216],[29.16545,41.14282],[29.16606,41.1437],[29.1684,41.1444],[29.1692,41.14657],[29.17005,41.14698],[29.17051,41.14886],[29.17203,41.14985],[29.1737,41.15005],[29.17661,41.14936],[29.17806,41.15128],[29.178,41.15266]]]},"properties":{"id":9489220,"name":"Örnekköy Mahallesi","district_id":1276910}},{"type":"Feature","geometry":{"type":"Polygon","coordinates":[[[29.1323,41.14587],[29.13323,41.14615],[29.1348,41.14497],[29.13706,41.14543],[29.13887,41.14501],[29.14114,41.14489],[29.14475,41.14618],[29.14742,41.14739],[29.148,41.14689],[29.15058,41.14747],[29.15146,41.14854],[29.15339,41.14871],[29.15658,41.14957],[29.15876,41.14897],[29.16155,41.14882],[29.16394,41.14944],[29.16493,41.15058],[29.16696,41.15192],[29.16937,41.15292],[29.17156,41.1535],[29.17505,41.15138],[29.17651,41.15248],[29.178,41.15266],[29.17687,41.15413],[29.17679,41.16012],[29.17577,41.16309],[29.17582,41.16614],[29.1751,41.16722],[29.17558,41.16808],[29.17689,41.16888],[29.17827,41.17281],[29.17666,41.17306],[29.17316,41.17274],[29.17135,41.17358],[29.17077,41.17097],[29.17148,41.16856],[29.16756,41.16972],[29.16613,41.16611],[29.16435,41.16598],[29.16189,41.16643],[29.15998,41.16582],[29.15858,41.16271],[29.15787,41.16208],[29.1554,41.16228],[29.15069,41.16194],[29.14699,41.16221],[29.14606,41.16257],[29.14541,41.16391],[29.14196,41.16585],[29.13991,41.16544],[29.13936,41.16347],[29.13715,41.16322],[29.13562,41.16364],[29.13343,41.16503],[29.1289,41.16492],[29.12651,41.16346],[29.12502,41.16165],[29.12335,41.16134],[29.12128,41.15814],[29.12013,41.15584],[29.11942,41.15521],[29.11901,41.15241],[29.11998,41.15066],[29.12069,41.1501],[29.12299,41.15047],[29.12416,41.1481],[29.12392,41.14734],[29.12412,41.14705],[29.12973,41.14583],[29.1308,41.1463],[29.1323,41.14587]]]},"properties":{"id":9489253,"name":"Dereseki Mahallesi","district_id":1276910}},{"type":"Feature","geometry":{"type":"Polygon","coordinates":[[[29.09479,41.14906],[29.09305,41.14921],[29.09137,41.15013],[29.08974,41.14915],[29.08786,41.1487],[29.08633,41.14754],[29.08584,41.14614],[29.08451,41.14456],[29.08472,41.14256],[29.08495,41.14104],[29.08712,41.14085],[29.08718,41.14169],[29.09015,41.14161],[29.09094,41.1432],[29.09562,41.14385],[29.09719,41.14314],[29.09743,41.14425],[29.09925,41.14428],[29.10016,41.14551],[29.10015,41.14596],[29.10205,41.14762],[29.09915,41.14843],[29.09633,41.14829],[29.09479,41.14906]]]},"properties":{"id":9489323,"name":"Ortaçeşme Mahallesi","district_id":1276910}},{"type":"Feature","geometry":{"type":"Polygon","coordinates":[[[29.08472,41.14256],[29.08451,41.14456],[29.08584,41.14614],[29.08633,41.14754],[29.08786,41.1487],[29.0884,41.14954],[29.08689,41.15071],[29.08444,41.15166],[29.08407,41.15244],[29.08251,41.15335],[29.08133,41.15312],[29.08023,41.15195],[29.07977,41.14863],[29.07989,41.14669],[29.07925,41.14572],[29.07878,41.1439],[29.08,41.14481],[29.08205,41.14474],[29.08249,41.14365],[29.08419,41.14413],[29.08472,41.14256]]]},"properties":{"id":9489348,"name":"Çamlıbahçe Mahallesi","district_id":1276910}},{"type":"Feature","geometry":{"type":"Polygon","coordinates":[[[29.08472,41.14256],[29.08419,41.14413],[29.08249,41.14365],[29.08205,41.14474],[29.08,41.14481],[29.07878,41.1439],[29.07788,41.14395],[29.07618,41.14492],[29.07383,41.14682],[29.07256,41.14575],[29.07169,41.14232],[29.07373,41.14134],[29.07647,41.14081],[29.07898,41.13961],[29.07818,41.13892],[29.07961,41.13815],[29.08035,41.13685],[29.08346,41.1372],[29.08546,41.13691],[29.08752,41.13614],[29.09056,41.13858],[29.08977,41.13916],[29.09168,41.1399],[29.09312,41.14164],[29.09429,41.14225],[29.09562,41.14385],[29.09094,41.1432],[29.09015,41.14161],[29.08718,41.14169],[29.08712,41.14085],[29.08495,41.14104],[29.08472,41.14256]]]},"properties":{"id":9493908,"name":"Yalıköy Mahallesi","district_id":1276910}},{"type":"Feature","geometry":{"type":"Polygon","coordinates":[[[29.13233,41.12533],[29.13161,41.12632],[29.12684,41.12565],[29.12393,41.12574],[29.12179,41.12616],[29.11978,41.12619],[29.11595,41.1273],[29.11446,41.12924],[29.11338,41.12975],[29.1114,41.13134],[29.1086,41.13184],[29.10811,41.13289],[29.1061,41.13338],[29.1007,41.13113],[29.09755,41.13291],[29.09629,41.13308],[29.0924,41.1311],[29.09495,41.12872],[29.09476,41.1283],[29.0973,41.12617],[29.09758,41.12442],[29.10001,41.1243],[29.10045,41.123],[29.10279,41.12332],[29.10347,41.12389],[29.10733,41.12299],[29.10921,41.12201],[29.10998,41.12095],[29.11354,41.12054],[29.11518,41.12003],[29.11809,41.12038],[29.11961,41.12082],[29.12121,41.12045],[29.12291,41.12055],[29.12569,41.12032],[29.12832,41.12097],[29.12838,41.1237],[29.12944,41.12365],[29.1298,41.12457],[29.13105,41.12465],[29.13233,41.12533]]]},"properties":{"id":9493939,"name":"Gümüşsuyu Mahallesi","district_id":1276910}},{"type":"Feature","geometry":{"type":"Polygon","coordinates":[[[29.10151,41.11507],[29.10326,41.11369],[29.10491,41.11416],[29.1063,41.11392],[29.1096,41.11442],[29.11085,41.11414],[29.11157,41.1152],[29.11431,41.11655],[29.11606,41.11694],[29.11751,41.11811],[29.11869,41.11815],[29.12461,41.11845],[29.1288,41.12048],[29.13211,41.12261],[29.13275,41.12186],[29.13486,41.12118],[29.13674,41.12101],[29.13901,41.12152],[29.14076,41.12273],[29.14261,41.12308],[29.14391,41.12224],[29.14589,41.12188],[29.14758,41.12194],[29.14538,41.12349],[29.14289,41.12454],[29.14087,41.12417],[29.13995,41.1246],[29.13637,41.12512],[29.13467,41.126],[29.13233,41.12533],[29.13105,41.12465],[29.1298,41.12457],[29.12944,41.12365],[29.12838,41.1237],[29.12832,41.12097],[29.12569,41.12032],[29.12291,41.12055],[29.12121,41.12045],[29.11961,41.12082],[29.11809,41.12038],[29.11518,41.12003],[29.11354,41.12054],[29.10998,41.12095],[29.10921,41.12201],[29.10733,41.12299],[29.10347,41.12389],[29.10279,41.12332],[29.10045,41.123],[29.10001,41.1243],[29.09758,41.12442],[29.09711,41.12345],[29.09765,41.12214],[29.09685,41.11962],[29.09767,41.1182],[29.09719,41.11738],[29.09876,41.11612],[29.09857,41.11547],[29.10151,41.11507]]]},"properties":{"id":9493940,"name":"İncirköy Mahallesi","district_id":1276910}},{"type":"Feature","geometry":{"type":"Polygon","coordinates":[[[29.11869,41.11815],[29.11884,41.11453],[29.11556,41.1114],[29.11648,41.11054],[29.11178,41.10887],[29.10697,41.10661],[29.10221,41.10522],[29.10109,41.10488],[29.10156,41.10416],[29.1007,41.10297],[29.10215,41.1022],[29.10283,41.10278],[29.10582,41.10387],[29.10617,41.10363],[29.10911,41.09811],[29.10956,41.09665],[29.11038,41.0968],[29.11449,41.09546],[29.11788,41.0957],[29.1217,41.09729],[29.12361,41.09993],[29.12549,41.10111],[29.12705,41.10138],[29.12803,41.10204],[29.12984,41.10224],[29.13077,41.10287],[29.13053,41.10401],[29.13121,41.1046],[29.13432,41.10471],[29.13667,41.10643],[29.13711,41.1076],[29.13867,41.10835],[29.13939,41.11125],[29.14115,41.11239],[29.14266,41.11487],[29.1428,41.1157],[29.14495,41.11786],[29.14534,41.1207],[29.14758,41.12194],[29.14589,41.12188],[29.14391,41.12224],[29.14261,41.12308],[29.14076,41.12273],[29.13901,41.12152],[29.13674,41.12101],[29.13486,41.12118],[29.13275,41.12186],[29.13211,41.12261],[29.1288,41.12048],[29.12461,41.11845],[29.11869,41.11815]]]},"properties":{"id":9493958,"name":"Acarlar Mahallesi","district_id":1276910}},{"type":"Feature","geometry":{"type":"Polygon","coordinates":[[[29.08461,41.10996],[29.08712,41.11183],[29.09039,41.11199],[29.09471,41.11169],[29.09763,41.11302],[29.09931,41.11337],[29.10098,41.11425],[29.10151,41.11507],[29.09857,41.11547],[29.09876,41.11612],[29.09719,41.11738],[29.09767,41.1182],[29.09685,41.11962],[29.09614,41.11779],[29.09483,41.11691],[29.08777,41.11505],[29.08696,41.11399],[29.08567,41.11324],[29.08364,41.11061],[29.08289,41.11025],[29.08461,41.10996]]]},"properties":{"id":9493991,"name":"Paşabahçe Mahallesi","district_id":1276910}},{"type":"Feature","geometry":{"type":"Polygon","coordinates":[[[29.10104,41.10618],[29.10221,41.10522],[29.10697,41.10661],[29.11178,41.10887],[29.11648,41.11054],[29.11556,41.1114],[29.11884,41.11453],[29.11869,41.11815],[29.11751,41.11811],[29.11606,41.11694],[29.11431,41.11655],[29.11157,41.1152],[29.11085,41.11414],[29.1096,41.11442],[29.1063,41.11392],[29.10527,41.11311],[29.1028,41.11234],[29.10299,41.11069],[29.10433,41.11004],[29.10392,41.10813],[29.10104,41.10618]]]},"properties":{"id":9494014,"name":"Soğuksu Mahallesi","district_id":1276910}},{"type":"Feature","geometry":{"type":"Polygon","coordinates":[[[29.21389,41.00845],[29.20952,41.00897],[29.19909,41.00796],[29.19892,41.00674],[29.19937,41.00433],[29.20248,41.00508],[29.20559,41.0002],[29.20721,40.99987],[29.20904,40.99814],[29.21039,40.99926],[29.21359,40.99992],[29.2162,40.99989],[29.21908,40.99891],[29.21669,41.00348],[29.21561,41.00702],[29.21389,41.00845]]]},"properties":{"id":9495280,"name":"Sarıgazi Mahallesi","district_id":1276014}},{"type":"Feature","geometry":{"type":"Polygon","coordinates":[[[29.23783,41.02077],[29.23505,41.0211],[29.23508,41.02006],[29.23247,41.02011],[29.23101,41.02136],[29.22809,41.01952],[29.2267,41.01985],[29.2215,41.01888],[29.22133,41.02072],[29.22071,41.02082],[29.21746,41.01825],[29.21647,41.01602],[29.21972,41.01654],[29.22198,41.01627],[29.22951,41.01633],[29.23528,41.01688],[29.23685,41.0168],[29.23689,41.01869],[29.23783,41.02077]]]},"properties":{"id":9525823,"name":"Aydınlar Mahallesi","district_id":1276034}},{"type":"Feature","geometry":{"type":"Polygon","coordinates":[[[29.24284,41.02194],[29.24229,41.02387],[29.24283,41.02555],[29.23989,41.02548],[29.2366,41.02712],[29.23028,41.0268],[29.22953,41.02571],[29.23057,41.02343],[29.23042,41.02218],[29.23101,41.02136],[29.23247,41.02011],[29.23508,41.02006],[29.23505,41.0211],[29.23783,41.02077],[29.23959,41.02147],[29.24284,41.02194]]]},"properties":{"id":9526165,"name":"Soğukpınar Mahallesi","district_id":1276034}},{"type":"Feature","geometry":{"type":"Polygon","coordinates":[[[29.22155,41.02336],[29.22183,41.02206],[29.22133,41.02072],[29.2215,41.01888],[29.2267,41.01985],[29.22809,41.01952],[29.23101,41.02136],[29.23042,41.02218],[29.23057,41.02343],[29.22953,41.02571],[29.23028,41.0268],[29.22732,41.02616],[29.22205,41.02354],[29.22155,41.02336]]]},"properties":{"id":9526221,"name":"Cumhuriyet Mahallesi","district_id":1276034}},{"type":"Feature","geometry":{"type":"Polygon","coordinates":[[[29.22205,41.02354],[29.2214,41.02477],[29.22372,41.02631],[29.22419,41.02885],[29.22351,41.02897],[29.22171,41.03058],[29.21956,41.03022],[29.21755,41.02924],[29.21724,41.03002],[29.19909,41.0287],[29.19307,41.03074],[29.19543,41.02752],[29.19613,41.02587],[29.19629,41.02382],[29.19651,41.02046],[29.19708,41.01953],[29.19913,41.01801],[29.20318,41.01662],[29.20471,41.01576],[29.21236,41.02001],[29.21493,41.02162],[29.21695,41.0224],[29.22155,41.02336],[29.22205,41.02354]]]},"properties":{"id":9526222,"name":"Güngören Mahallesi","district_id":1276034}},{"type":"Feature","geometry":{"type":"Polygon","coordinates":[[[29.19764,41.05375],[29.19803,41.05157],[29.19724,41.05017],[29.19863,41.0467],[29.19838,41.04599],[29.1993,41.04395],[29.20097,41.0441],[29.20175,41.04282],[29.2014,41.04138],[29.20378,41.04078],[29.20256,41.0378],[29.19704,41.03384],[29.19485,41.03318],[29.19258,41.03208],[29.19307,41.03074],[29.19909,41.0287],[29.21724,41.03002],[29.21755,41.02924],[29.21956,41.03022],[29.22171,41.03058],[29.22351,41.02897],[29.22419,41.02885],[29.22372,41.02631],[29.2214,41.02477],[29.22205,41.02354],[29.22732,41.02616],[29.23028,41.0268],[29.22853,41.03091],[29.22736,41.03138],[29.22791,41.0336],[29.22655,41.03509],[29.22359,41.0368],[29.22237,41.03598],[29.21876,41.03542],[29.21666,41.0355],[29.21481,41.03655],[29.2123,41.03891],[29.21047,41.04008],[29.21176,41.0433],[29.21026,41.04558],[29.20996,41.05064],[29.21057,41.05127],[29.21069,41.05285],[29.21121,41.05351],[29.20917,41.0548],[29.20823,41.05666],[29.2039,41.05631],[29.2019,41.05503],[29.19865,41.05369],[29.19764,41.05375]]]},"properties":{"id":9526253,"name":"Sultançiftliği Mahallesi","district_id":1276034}},{"type":"Feature","geometry":{"type":"Polygon","coordinates":[[[28.44426,41.0761],[28.44855,41.07381],[28.45017,41.0725],[28.45204,41.0705],[28.45549,41.06984],[28.45667,41.06882],[28.45798,41.06849],[28.45946,41.06915],[28.46446,41.06803],[28.46732,41.06779],[28.47038,41.06846],[28.4718,41.06823],[28.47244,41.06974],[28.47128,41.07155],[28.4724,41.07537],[28.47403,41.07631],[28.47463,41.07864],[28.47721,41.08281],[28.47618,41.08572],[28.47672,41.08589],[28.48252,41.08933],[28.48241,41.09139],[28.48148,41.09143],[28.47928,41.09315],[28.48051,41.09397],[28.47938,41.09474],[28.47715,41.09855],[28.47797,41.09972],[28.47755,41.1022],[28.47977,41.1018],[28.47859,41.10875],[28.47659,41.10967],[28.47619,41.11094],[28.47388,41.11139],[28.47508,41.1135],[28.47274,41.11423],[28.47103,41.11551],[28.46884,41.1159],[28.46753,41.11708],[28.46661,41.12123],[28.46444,41.12105],[28.46264,41.12162],[28.45974,41.12363],[28.45811,41.12382],[28.45682,41.12488],[28.45502,41.12792],[28.45333,41.12888],[28.45056,41.12844],[28.4477,41.1298],[28.44547,41.13332],[28.44371,41.13499],[28.44216,41.13755],[28.4365,41.13805],[28.43405,41.13913],[28.43325,41.14001],[28.4307,41.1372],[28.42975,41.13678],[28.42859,41.13431],[28.42616,41.13026],[28.42585,41.12757],[28.42538,41.12706],[28.42545,41.12501],[28.42474,41.12273],[28.4266,41.12013],[28.42525,41.1179],[28.42314,41.11548],[28.42572,41.11205],[28.42735,41.11103],[28.42725,41.11046],[28.42885,41.10908],[28.42967,41.1075],[28.42924,41.10681],[28.43119,41.10425],[28.43071,41.10186],[28.43179,41.09807],[28.43902,41.09833],[28.44077,41.09766],[28.44444,41.09726],[28.44722,41.0958],[28.44854,41.09351],[28.44857,41.09151],[28.44825,41.08926],[28.4587,41.08825],[28.4573,41.08721],[28.4575,41.08483],[28.45794,41.08358],[28.45682,41.08333],[28.45448,41.07982],[28.45277,41.07906],[28.44972,41.07921],[28.44581,41.07676],[28.44426,41.0761]]]},"properties":{"id":9530301,"name":"Çakıl Mahallesi","district_id":1275389}},{"type":"Feature","geometry":{"type":"Polygon","coordinates":[[[28.44426,41.0761],[28.44581,41.07676],[28.44972,41.07921],[28.45277,41.07906],[28.45448,41.07982],[28.45682,41.08333],[28.45794,41.08358],[28.4575,41.08483],[28.4573,41.08721],[28.4587,41.08825],[28.44825,41.08926],[28.44857,41.09151],[28.44854,41.09351],[28.44722,41.0958],[28.44444,41.09726],[28.44077,41.09766],[28.43902,41.09833],[28.43179,41.09807],[28.43071,41.10186],[28.43119,41.10425],[28.42924,41.10681],[28.42967,41.1075],[28.42885,41.10908],[28.42725,41.11046],[28.42735,41.11103],[28.42572,41.11205],[28.42314,41.11548],[28.42124,41.11517],[28.41941,41.11357],[28.41694,41.11418],[28.41355,41.11645],[28.41004,41.11823],[28.40671,41.11961],[28.4049,41.12007],[28.40464,41.12241],[28.40387,41.12333],[28.39998,41.12354],[28.40124,41.12618],[28.40165,41.1282],[28.39889,41.12819],[28.39949,41.13105],[28.3982,41.13443],[28.39702,41.13473],[28.39731,41.13779],[28.39706,41.13945],[28.39568,41.14211],[28.39478,41.14194],[28.39272,41.13931],[28.38968,41.1381],[28.3858,41.13762],[28.38753,41.13266],[28.38861,41.13116],[28.38874,41.12994],[28.38412,41.12956],[28.38152,41.12901],[28.38133,41.12852],[28.38343,41.12766],[28.38721,41.1246],[28.388,41.12014],[28.38739,41.11726],[28.38728,41.11551],[28.38764,41.1126],[28.3901,41.10722],[28.39011,41.10534],[28.39097,41.10355],[28.39127,41.09965],[28.39169,41.09854],[28.39545,41.09483],[28.39464,41.0926],[28.3936,41.09077],[28.39245,41.08944],[28.39098,41.08709],[28.39086,41.08295],[28.38965,41.08119],[28.39185,41.07828],[28.39338,41.07772],[28.39489,41.08157],[28.39767,41.0842],[28.39912,41.08365],[28.40202,41.08573],[28.40777,41.08322],[28.4095,41.08272],[28.4122,41.08248],[28.41425,41.08126],[28.41538,41.07984],[28.4161,41.07833],[28.41712,41.0776],[28.42037,41.07701],[28.42223,41.07565],[28.42479,41.07661],[28.42707,41.07662],[28.42982,41.07721],[28.43035,41.07811],[28.43272,41.07902],[28.43509,41.07822],[28.43672,41.07843],[28.4381,41.07737],[28.44124,41.07651],[28.44268,41.07659],[28.44426,41.0761]]]},"properties":{"id":9531481,"name":"Ovayenice Mahallesi","district_id":1275389}},{"type":"Feature","geometry":{"type":"Polygon","coordinates":[[[28.43325,41.14001],[28.43098,41.14391],[28.43024,41.14463],[28.42225,41.14764],[28.4203,41.1471],[28.41936,41.14607],[28.41605,41.14782],[28.4153,41.14894],[28.41534,41.15258],[28.41588,41.15417],[28.41379,41.15577],[28.41242,41.15638],[28.41024,41.15661],[28.40928,41.15751],[28.40919,41.16086],[28.40841,41.1614],[28.40953,41.16578],[28.40824,41.16695],[28.40633,41.16617],[28.40635,41.1638],[28.40574,41.16331],[28.40266,41.16287],[28.40043,41.16114],[28.39911,41.16083],[28.39808,41.1596],[28.3964,41.1584],[28.39395,41.16337],[28.39421,41.16512],[28.39183,41.16528],[28.38936,41.16617],[28.38741,41.16562],[28.38523,41.16731],[28.38431,41.16883],[28.38439,41.1696],[28.38354,41.17181],[28.38381,41.17347],[28.38311,41.17475],[28.38358,41.176],[28.38307,41.17752],[28.38086,41.17947],[28.37927,41.17987],[28.37877,41.18066],[28.37589,41.1799],[28.37455,41.18169],[28.37231,41.18298],[28.36967,41.17867],[28.36933,41.17769],[28.36817,41.17723],[28.36782,41.17617],[28.3656,41.17517],[28.36505,41.17429],[28.36594,41.17374],[28.36936,41.17295],[28.36987,41.17236],[28.37061,41.16982],[28.37068,41.16792],[28.37035,41.16616],[28.37102,41.16399],[28.37082,41.16268],[28.37232,41.16308],[28.37468,41.16308],[28.3762,41.16245],[28.37772,41.16377],[28.38042,41.16218],[28.38344,41.16092],[28.38398,41.16043],[28.38284,41.15823],[28.3816,41.15686],[28.38126,41.15511],[28.38238,41.15329],[28.38292,41.15134],[28.38458,41.15059],[28.38539,41.1494],[28.38337,41.1473],[28.38274,41.14539],[28.38199,41.14444],[28.38281,41.1425],[28.38254,41.14207],[28.38425,41.14],[28.3858,41.13762],[28.38968,41.1381],[28.39272,41.13931],[28.39478,41.14194],[28.39568,41.14211],[28.39706,41.13945],[28.39731,41.13779],[28.39702,41.13473],[28.3982,41.13443],[28.39949,41.13105],[28.39889,41.12819],[28.40165,41.1282],[28.40124,41.12618],[28.39998,41.12354],[28.40387,41.12333],[28.40464,41.12241],[28.4049,41.12007],[28.40671,41.11961],[28.41004,41.11823],[28.41355,41.11645],[28.41694,41.11418],[28.41941,41.11357],[28.42124,41.11517],[28.42314,41.11548],[28.42525,41.1179],[28.4266,41.12013],[28.42474,41.12273],[28.42545,41.12501],[28.42538,41.12706],[28.42585,41.12757],[28.42616,41.13026],[28.42859,41.13431],[28.42975,41.13678],[28.4307,41.1372],[28.43325,41.14001]]]},"properties":{"id":9531489,"name":"Elbasan Mahallesi","district_id":1275389}},{"type":"Feature","geometry":{"type":"Polygon","coordinates":[[[28.39099,41.04809],[28.39234,41.051],[28.39322,41.05569],[28.39371,41.05651],[28.39346,41.05808],[28.39265,41.05926],[28.39363,41.06078],[28.39363,41.06491],[28.39439,41.06625],[28.39244,41.06643],[28.39303,41.06831],[28.3922,41.07099],[28.39356,41.07356],[28.39309,41.07513],[28.39417,41.07614],[28.39338,41.07772],[28.39185,41.07828],[28.38965,41.08119],[28.39086,41.08295],[28.38902,41.08276],[28.38498,41.08158],[28.38316,41.08047],[28.38083,41.07799],[28.37997,41.07841],[28.37886,41.07747],[28.37708,41.07824],[28.37617,41.07722],[28.37311,41.07811],[28.37227,41.07798],[28.36846,41.07857],[28.36782,41.07899],[28.36582,41.07887],[28.36557,41.08064],[28.36289,41.08058],[28.35824,41.08138],[28.35603,41.0829],[28.35512,41.08268],[28.35337,41.08018],[28.35242,41.08032],[28.34726,41.08285],[28.34661,41.08163],[28.34394,41.08135],[28.34119,41.0816],[28.3368,41.0812],[28.33401,41.08067],[28.33322,41.0799],[28.33048,41.07955],[28.32812,41.07827],[28.32555,41.07742],[28.32455,41.07658],[28.32411,41.07427],[28.32214,41.07393],[28.32102,41.07187],[28.31911,41.0649],[28.31891,41.06222],[28.31499,41.06285],[28.3097,41.06471],[28.30669,41.06438],[28.3057,41.06204],[28.30294,41.0604],[28.31011,41.05914],[28.3118,41.05861],[28.31313,41.05757],[28.31755,41.05777],[28.32059,41.05748],[28.32298,41.05797],[28.32738,41.05766],[28.32974,41.05712],[28.33598,41.05676],[28.33659,41.05744],[28.33848,41.05825],[28.34062,41.05828],[28.34758,41.05717],[28.34779,41.05669],[28.34982,41.05649],[28.35164,41.0559],[28.35221,41.05417],[28.35445,41.05375],[28.3587,41.05352],[28.36322,41.05236],[28.36739,41.05229],[28.3686,41.05316],[28.37117,41.05307],[28.38148,41.05102],[28.38893,41.04923],[28.39099,41.04809]]]},"properties":{"id":9531780,"name":"Selimpaşa Mahallesi","district_id":1275379}},{"type":"Feature","geometry":{"type":"Polygon","coordinates":[[[28.41671,41.2242],[28.4155,41.22566],[28.41499,41.23027],[28.4142,41.23049],[28.41117,41.22953],[28.40808,41.23069],[28.40404,41.23195],[28.39694,41.23361],[28.39659,41.2318],[28.39565,41.22964],[28.39273,41.22707],[28.39223,41.22296],[28.38765,41.2158],[28.38564,41.21187],[28.38395,41.21215],[28.38155,41.21022],[28.38039,41.2079],[28.37816,41.20635],[28.37921,41.20534],[28.37824,41.20367],[28.3798,41.20335],[28.37848,41.20239],[28.37821,41.20129],[28.37532,41.19978],[28.37446,41.19819],[28.373,41.19761],[28.37309,41.19632],[28.37471,41.19569],[28.37404,41.19452],[28.36948,41.19437],[28.36728,41.19291],[28.36761,41.19124],[28.36847,41.1891],[28.37029,41.18946],[28.37155,41.18907],[28.3733,41.18771],[28.37468,41.18507],[28.37208,41.18426],[28.37231,41.18298],[28.37455,41.18169],[28.37589,41.1799],[28.37877,41.18066],[28.37927,41.17987],[28.38086,41.17947],[28.38307,41.17752],[28.38358,41.176],[28.38311,41.17475],[28.38381,41.17347],[28.38354,41.17181],[28.38439,41.1696],[28.38431,41.16883],[28.38523,41.16731],[28.38741,41.16562],[28.38936,41.16617],[28.39183,41.16528],[28.39421,41.16512],[28.39395,41.16337],[28.3964,41.1584],[28.39808,41.1596],[28.39911,41.16083],[28.40043,41.16114],[28.40266,41.16287],[28.40574,41.16331],[28.40635,41.1638],[28.40633,41.16617],[28.40824,41.16695],[28.40837,41.16838],[28.40753,41.17009],[28.41038,41.17058],[28.41014,41.17188],[28.41135,41.17375],[28.41395,41.17486],[28.4171,41.17399],[28.4181,41.17286],[28.41953,41.17446],[28.41915,41.1771],[28.42035,41.17809],[28.42008,41.17892],[28.42292,41.17892],[28.42382,41.17844],[28.42718,41.17804],[28.42817,41.17762],[28.43089,41.17739],[28.43662,41.17748],[28.43729,41.1808],[28.43725,41.18239],[28.43652,41.18464],[28.43413,41.18456],[28.43249,41.1857],[28.43143,41.18711],[28.42942,41.18708],[28.42847,41.18829],[28.42907,41.18931],[28.42663,41.18997],[28.42735,41.19263],[28.42628,41.19573],[28.42627,41.19737],[28.42532,41.19894],[28.42605,41.20019],[28.42301,41.20257],[28.42246,41.20398],[28.42099,41.20609],[28.41915,41.20732],[28.41819,41.20964],[28.41891,41.21091],[28.41909,41.21259],[28.41756,41.2156],[28.41749,41.21688],[28.41791,41.21882],[28.41751,41.22301],[28.41671,41.2242]]]},"properties":{"id":9531802,"name":"İnceğiz Mahallesi","district_id":1275389}},{"type":"Feature","geometry":{"type":"Polygon","coordinates":[[[28.45647,41.18939],[28.45721,41.18979],[28.45569,41.19307],[28.45527,41.195],[28.45427,41.19655],[28.45239,41.19651],[28.45011,41.19693],[28.44881,41.19884],[28.44998,41.19992],[28.45161,41.20252],[28.45168,41.20711],[28.44837,41.20697],[28.44687,41.20791],[28.44628,41.20947],[28.44636,41.21171],[28.44578,41.21225],[28.4458,41.2138],[28.44314,41.21681],[28.44387,41.21873],[28.44427,41.22184],[28.44342,41.22231],[28.44273,41.22408],[28.44087,41.22407],[28.43982,41.22448],[28.43916,41.22688],[28.4375,41.22534],[28.43557,41.22572],[28.43387,41.22465],[28.43143,41.22572],[28.43166,41.22367],[28.43089,41.22118],[28.43026,41.22075],[28.42706,41.22102],[28.42438,41.22234],[28.42374,41.22406],[28.42237,41.22421],[28.41671,41.2242],[28.41751,41.22301],[28.41791,41.21882],[28.41749,41.21688],[28.41756,41.2156],[28.41909,41.21259],[28.41891,41.21091],[28.41819,41.20964],[28.41915,41.20732],[28.42099,41.20609],[28.42246,41.20398],[28.42301,41.20257],[28.42605,41.20019],[28.42532,41.19894],[28.42627,41.19737],[28.42628,41.19573],[28.42735,41.19263],[28.42663,41.18997],[28.42907,41.18931],[28.42847,41.18829],[28.42942,41.18708],[28.43143,41.18711],[28.43249,41.1857],[28.43413,41.18456],[28.43652,41.18464],[28.43756,41.1848],[28.43829,41.18592],[28.44001,41.18544],[28.44129,41.18617],[28.44219,41.18771],[28.44368,41.18753],[28.44666,41.18904],[28.44632,41.19005],[28.4471,41.19166],[28.44822,41.19215],[28.45125,41.19179],[28.4525,41.19123],[28.4539,41.18945],[28.45507,41.18897],[28.45647,41.18939]]]},"properties":{"id":9531810,"name":"Gökçeali Mahallesi","district_id":1275389}},{"type":"Feature","geometry":{"type":"Polygon","coordinates":[[[28.37848,41.20239],[28.3798,41.20335],[28.37824,41.20367],[28.37921,41.20534],[28.37816,41.20635],[28.38039,41.2079],[28.38155,41.21022],[28.38395,41.21215],[28.38564,41.21187],[28.38765,41.2158],[28.39223,41.22296],[28.39273,41.22707],[28.39565,41.22964],[28.39659,41.2318],[28.39694,41.23361],[28.39823,41.23669],[28.39824,41.23834],[28.39694,41.23994],[28.39724,41.24222],[28.3966,41.24279],[28.39513,41.2469],[28.39557,41.24824],[28.39522,41.25001],[28.39709,41.25272],[28.39507,41.25381],[28.39484,41.25517],[28.39336,41.25575],[28.39286,41.25695],[28.39279,41.25894],[28.39199,41.26005],[28.39304,41.26201],[28.39278,41.26502],[28.39388,41.26653],[28.39344,41.26845],[28.39258,41.27022],[28.39246,41.27565],[28.39356,41.2802],[28.39554,41.28118],[28.3976,41.28326],[28.39928,41.28556],[28.3975,41.2849],[28.39566,41.28484],[28.39409,41.28442],[28.3906,41.2843],[28.38848,41.28532],[28.3878,41.28615],[28.38608,41.28422],[28.38396,41.28331],[28.38193,41.28055],[28.38202,41.27933],[28.38143,41.27851],[28.38166,41.27685],[28.38075,41.27533],[28.38093,41.27369],[28.37907,41.27313],[28.37637,41.2709],[28.37365,41.27045],[28.37171,41.27041],[28.37089,41.2681],[28.37018,41.26785],[28.36942,41.26538],[28.3671,41.26411],[28.36709,41.26329],[28.36836,41.26258],[28.3705,41.26211],[28.37245,41.26067],[28.37367,41.25804],[28.37145,41.25548],[28.37146,41.25423],[28.37069,41.25305],[28.36856,41.25199],[28.36709,41.25026],[28.36726,41.24843],[28.36584,41.24793],[28.36242,41.2478],[28.36116,41.24728],[28.36161,41.24602],[28.36133,41.24438],[28.36013,41.24405],[28.35764,41.24505],[28.35624,41.2452],[28.35562,41.24605],[28.35343,41.24511],[28.35105,41.24543],[28.35026,41.24436],[28.34728,41.24394],[28.34648,41.24177],[28.34462,41.24208],[28.34318,41.24187],[28.34429,41.24119],[28.3441,41.23956],[28.34712,41.23858],[28.34645,41.235],[28.34798,41.23305],[28.3491,41.22997],[28.34965,41.22607],[28.3521,41.22198],[28.35786,41.21838],[28.35846,41.21767],[28.35856,41.21633],[28.36027,41.21558],[28.36086,41.2144],[28.36429,41.21298],[28.36732,41.2122],[28.36701,41.20942],[28.3685,41.20781],[28.36982,41.2092],[28.37242,41.20897],[28.37399,41.20848],[28.37422,41.20712],[28.37381,41.20559],[28.37568,41.20514],[28.37671,41.2023],[28.37848,41.20239]]]},"properties":{"id":9533391,"name":"Kabakça Mahallesi","district_id":1275389}},{"type":"Feature","geometry":{"type":"Polygon","coordinates":[[[28.44614,41.25664],[28.44153,41.25863],[28.4397,41.25778],[28.4363,41.25786],[28.43502,41.25734],[28.4328,41.25702],[28.43081,41.25738],[28.42852,41.25951],[28.42771,41.26122],[28.42697,41.26146],[28.42524,41.26085],[28.42412,41.26267],[28.42319,41.26494],[28.4226,41.26903],[28.42055,41.26978],[28.4187,41.27113],[28.41885,41.27268],[28.41496,41.27328],[28.41173,41.2712],[28.4099,41.27174],[28.40839,41.27275],[28.40619,41.27276],[28.40602,41.27367],[28.40436,41.27499],[28.40171,41.27589],[28.40093,41.27803],[28.4011,41.27858],[28.4007,41.2829],[28.39928,41.28556],[28.3976,41.28326],[28.39554,41.28118],[28.39356,41.2802],[28.39246,41.27565],[28.39258,41.27022],[28.39344,41.26845],[28.39388,41.26653],[28.39278,41.26502],[28.39304,41.26201],[28.39199,41.26005],[28.39279,41.25894],[28.39286,41.25695],[28.39336,41.25575],[28.39484,41.25517],[28.39507,41.25381],[28.39709,41.25272],[28.39522,41.25001],[28.39557,41.24824],[28.39513,41.2469],[28.3966,41.24279],[28.39724,41.24222],[28.39694,41.23994],[28.39824,41.23834],[28.39823,41.23669],[28.39694,41.23361],[28.40404,41.23195],[28.40808,41.23069],[28.41117,41.22953],[28.4142,41.23049],[28.41499,41.23027],[28.4155,41.22566],[28.41671,41.2242],[28.42237,41.22421],[28.42374,41.22406],[28.42438,41.22234],[28.42706,41.22102],[28.43026,41.22075],[28.43089,41.22118],[28.43166,41.22367],[28.43143,41.22572],[28.43173,41.22843],[28.43036,41.23117],[28.43062,41.23374],[28.4332,41.23537],[28.43421,41.23637],[28.43682,41.2404],[28.43734,41.24209],[28.43698,41.24388],[28.43864,41.24532],[28.44011,41.24571],[28.44177,41.24733],[28.4409,41.24943],[28.44081,41.25152],[28.44169,41.25332],[28.44474,41.25465],[28.44661,41.25419],[28.44673,41.25557],[28.44614,41.25664]]]},"properties":{"id":9533419,"name":"Akalan Mahallesi","district_id":1275389}},{"type":"Feature","geometry":{"type":"Polygon","coordinates":[[[28.45621,41.25353],[28.45442,41.25328],[28.45021,41.25348],[28.44829,41.25462],[28.44614,41.25664],[28.44673,41.25557],[28.44661,41.25419],[28.44474,41.25465],[28.44169,41.25332],[28.44081,41.25152],[28.4409,41.24943],[28.44177,41.24733],[28.44011,41.24571],[28.43864,41.24532],[28.43698,41.24388],[28.43734,41.24209],[28.43682,41.2404],[28.43421,41.23637],[28.4332,41.23537],[28.43062,41.23374],[28.43036,41.23117],[28.43173,41.22843],[28.43143,41.22572],[28.43387,41.22465],[28.43557,41.22572],[28.4375,41.22534],[28.43916,41.22688],[28.43982,41.22448],[28.44087,41.22407],[28.44273,41.22408],[28.44342,41.22231],[28.44427,41.22184],[28.44387,41.21873],[28.44314,41.21681],[28.4458,41.2138],[28.44578,41.21225],[28.44636,41.21171],[28.44628,41.20947],[28.44687,41.20791],[28.44837,41.20697],[28.45168,41.20711],[28.45161,41.20252],[28.44998,41.19992],[28.44881,41.19884],[28.45011,41.19693],[28.45239,41.19651],[28.45427,41.19655],[28.45527,41.195],[28.45569,41.19307],[28.45721,41.18979],[28.45647,41.18939],[28.45667,41.18826],[28.45601,41.18728],[28.45639,41.18528],[28.45781,41.18487],[28.45892,41.1834],[28.45895,41.18242],[28.45816,41.18034],[28.46337,41.18109],[28.46461,41.18105],[28.46667,41.17957],[28.46945,41.17965],[28.47382,41.18096],[28.47519,41.18392],[28.47836,41.18271],[28.47985,41.18188],[28.48038,41.18356],[28.48042,41.1856],[28.47569,41.18597],[28.47588,41.18825],[28.47702,41.19265],[28.47922,41.19611],[28.47977,41.19789],[28.47585,41.19848],[28.47649,41.19977],[28.47508,41.20113],[28.47516,41.20206],[28.47625,41.20422],[28.47638,41.20765],[28.47613,41.2091],[28.4728,41.21163],[28.47077,41.21419],[28.47199,41.21658],[28.47331,41.22014],[28.47305,41.22133],[28.46933,41.22168],[28.4707,41.22486],[28.46868,41.22532],[28.46984,41.2271],[28.47026,41.22878],[28.46945,41.2307],[28.46982,41.23153],[28.46922,41.23482],[28.46961,41.23745],[28.46874,41.24102],[28.46817,41.2419],[28.46758,41.24464],[28.46643,41.24629],[28.46669,41.24881],[28.46635,41.24944],[28.46479,41.25006],[28.46402,41.25205],[28.46155,41.25236],[28.45992,41.25345],[28.45621,41.25353]]]},"properties":{"id":9533502,"name":"Subaşı Mahallesi","district_id":1275389}},{"type":"Feature","geometry":{"type":"Polygon","coordinates":[[[28.48042,41.1856],[28.48055,41.18866],[28.48277,41.18911],[28.48296,41.19106],[28.48427,41.19115],[28.4841,41.19268],[28.4851,41.19398],[28.48579,41.19665],[28.48702,41.19901],[28.48737,41.20029],[28.48744,41.20768],[28.48846,41.22014],[28.49198,41.22104],[28.49116,41.2226],[28.48967,41.224],[28.48887,41.22529],[28.48711,41.22695],[28.48634,41.22861],[28.48372,41.23047],[28.48312,41.2319],[28.47917,41.23665],[28.47633,41.24039],[28.47405,41.24171],[28.47295,41.24415],[28.47322,41.24586],[28.47297,41.24918],[28.47254,41.24957],[28.46963,41.2501],[28.4655,41.25139],[28.46494,41.25156],[28.46403,41.25348],[28.46195,41.25361],[28.46077,41.25442],[28.45918,41.25389],[28.45606,41.25376],[28.45621,41.25353],[28.45992,41.25345],[28.46155,41.25236],[28.46402,41.25205],[28.46479,41.25006],[28.46635,41.24944],[28.46669,41.24881],[28.46643,41.24629],[28.46758,41.24464],[28.46817,41.2419],[28.46874,41.24102],[28.46961,41.23745],[28.46922,41.23482],[28.46982,41.23153],[28.46945,41.2307],[28.47026,41.22878],[28.46984,41.2271],[28.46868,41.22532],[28.4707,41.22486],[28.46933,41.22168],[28.47305,41.22133],[28.47331,41.22014],[28.47199,41.21658],[28.47077,41.21419],[28.4728,41.21163],[28.47613,41.2091],[28.47638,41.20765],[28.47625,41.20422],[28.47516,41.20206],[28.47508,41.20113],[28.47649,41.19977],[28.47585,41.19848],[28.47977,41.19789],[28.47922,41.19611],[28.47702,41.19265],[28.47588,41.18825],[28.47569,41.18597],[28.48042,41.1856]]]},"properties":{"id":9533706,"name":"Oklalı Mahallesi","district_id":1275389}},{"type":"Feature","geometry":{"type":"Polygon","coordinates":[[[28.51783,41.2481],[28.51389,41.24726],[28.51272,41.24555],[28.50967,41.24201],[28.50737,41.24052],[28.50641,41.2403],[28.50488,41.2388],[28.50416,41.2398],[28.50234,41.24102],[28.50017,41.24048],[28.49693,41.2404],[28.49606,41.23994],[28.49322,41.23924],[28.49026,41.23966],[28.49018,41.24057],[28.48887,41.24124],[28.48834,41.24072],[28.48524,41.24232],[28.48407,41.24194],[28.481,41.24258],[28.47933,41.24393],[28.47596,41.24585],[28.47592,41.24621],[28.47788,41.24851],[28.47657,41.24904],[28.47363,41.25182],[28.47193,41.25219],[28.47028,41.25168],[28.46912,41.25084],[28.4655,41.25139],[28.46963,41.2501],[28.47254,41.24957],[28.47297,41.24918],[28.47322,41.24586],[28.47295,41.24415],[28.47405,41.24171],[28.47633,41.24039],[28.47917,41.23665],[28.48312,41.2319],[28.48372,41.23047],[28.48634,41.22861],[28.48711,41.22695],[28.48887,41.22529],[28.48967,41.224],[28.49116,41.2226],[28.49198,41.22104],[28.48846,41.22014],[28.48744,41.20768],[28.48737,41.20029],[28.48897,41.19747],[28.49122,41.197],[28.4949,41.19567],[28.49627,41.19488],[28.4976,41.19479],[28.49781,41.19587],[28.50128,41.19611],[28.50349,41.19722],[28.51008,41.20149],[28.50944,41.20312],[28.51195,41.20236],[28.51296,41.20057],[28.51274,41.20014],[28.51387,41.20067],[28.5123,41.20269],[28.51059,41.20568],[28.51091,41.20712],[28.50941,41.20694],[28.50901,41.20842],[28.50787,41.20938],[28.50855,41.21073],[28.50723,41.21494],[28.50715,41.2176],[28.50778,41.21995],[28.50773,41.22208],[28.50708,41.2221],[28.50664,41.22586],[28.50423,41.23065],[28.50621,41.23209],[28.5055,41.23432],[28.50718,41.23492],[28.51303,41.23968],[28.51475,41.23963],[28.5157,41.24067],[28.51717,41.24129],[28.52102,41.24236],[28.52087,41.24415],[28.52127,41.24472],[28.51997,41.24618],[28.51959,41.24722],[28.51783,41.2481]]]},"properties":{"id":9533733,"name":"Kestanelik Mahallesi","district_id":1275389}},{"type":"Feature","geometry":{"type":"Polygon","coordinates":[[[28.54281,41.22317],[28.54538,41.2253],[28.545,41.22634],[28.54562,41.22702],[28.54382,41.23028],[28.54173,41.23161],[28.54123,41.23249],[28.54149,41.23382],[28.53993,41.23494],[28.53898,41.23628],[28.54006,41.23906],[28.54069,41.2393],[28.54111,41.24204],[28.54058,41.24346],[28.54104,41.24485],[28.54129,41.24739],[28.54,41.24877],[28.54092,41.24905],[28.5398,41.25142],[28.53761,41.25198],[28.5366,41.25163],[28.5367,41.25451],[28.53138,41.25265],[28.52848,41.25098],[28.5258,41.24912],[28.52416,41.2489],[28.52285,41.24925],[28.51783,41.2481],[28.51959,41.24722],[28.51997,41.24618],[28.52127,41.24472],[28.52087,41.24415],[28.52102,41.24236],[28.51717,41.24129],[28.5157,41.24067],[28.51475,41.23963],[28.51303,41.23968],[28.50718,41.23492],[28.5055,41.23432],[28.50621,41.23209],[28.50423,41.23065],[28.50664,41.22586],[28.50708,41.2221],[28.50773,41.22208],[28.50778,41.21995],[28.50715,41.2176],[28.50723,41.21494],[28.50855,41.21073],[28.50787,41.20938],[28.50901,41.20842],[28.50941,41.20694],[28.51091,41.20712],[28.51059,41.20568],[28.5123,41.20269],[28.51387,41.20067],[28.51274,41.20014],[28.51537,41.19715],[28.51549,41.19533],[28.51695,41.1941],[28.51892,41.19469],[28.52025,41.19735],[28.5195,41.19871],[28.52058,41.20043],[28.52166,41.20066],[28.52268,41.2022],[28.52425,41.2031],[28.52424,41.20419],[28.52806,41.20697],[28.52986,41.20916],[28.53122,41.20971],[28.53229,41.21119],[28.53201,41.21219],[28.53325,41.21397],[28.53375,41.21558],[28.5356,41.21681],[28.53627,41.21763],[28.538,41.21846],[28.53881,41.21984],[28.53973,41.21983],[28.54054,41.22148],[28.54269,41.22252],[28.54281,41.22317]]]},"properties":{"id":9533881,"name":"Örcünlü Mahallesi","district_id":1275389}},{"type":"Feature","geometry":{"type":"Polygon","coordinates":[[[28.5367,41.25451],[28.5366,41.25163],[28.53761,41.25198],[28.5398,41.25142],[28.54092,41.24905],[28.54,41.24877],[28.54129,41.24739],[28.54104,41.24485],[28.54058,41.24346],[28.54111,41.24204],[28.54069,41.2393],[28.54006,41.23906],[28.53898,41.23628],[28.53993,41.23494],[28.54149,41.23382],[28.54123,41.23249],[28.54173,41.23161],[28.54382,41.23028],[28.54562,41.22702],[28.545,41.22634],[28.54538,41.2253],[28.54281,41.22317],[28.54347,41.22214],[28.54643,41.22034],[28.54806,41.22014],[28.55062,41.22051],[28.55375,41.22147],[28.5557,41.22299],[28.55898,41.22375],[28.56048,41.22505],[28.56104,41.22668],[28.56332,41.22662],[28.56783,41.22715],[28.56693,41.23025],[28.5685,41.22914],[28.57016,41.23044],[28.57518,41.22977],[28.57636,41.22989],[28.57922,41.22939],[28.57911,41.23035],[28.57797,41.23132],[28.57716,41.23282],[28.57402,41.23457],[28.57649,41.23607],[28.57724,41.23715],[28.577,41.2403],[28.57533,41.24195],[28.57503,41.24375],[28.5754,41.2458],[28.57686,41.24728],[28.57666,41.24813],[28.57447,41.24907],[28.57505,41.25054],[28.57414,41.25306],[28.57544,41.25428],[28.57415,41.25502],[28.5738,41.25589],[28.57503,41.25766],[28.57432,41.25884],[28.57257,41.25962],[28.56979,41.25994],[28.56845,41.26055],[28.56565,41.26033],[28.56428,41.2612],[28.56201,41.26178],[28.55984,41.2619],[28.55862,41.26119],[28.55574,41.26169],[28.55284,41.26019],[28.54925,41.26046],[28.54766,41.2632],[28.546,41.26456],[28.54465,41.26432],[28.54184,41.26187],[28.54169,41.2606],[28.53888,41.25758],[28.5367,41.25451]]]},"properties":{"id":9533888,"name":"Kızılcaali Mahallesi","district_id":1275389}},{"type":"Feature","geometry":{"type":"Polygon","coordinates":[[[28.546,41.26456],[28.54553,41.26518],[28.54551,41.267],[28.54508,41.26937],[28.54393,41.27032],[28.54477,41.27187],[28.54336,41.27501],[28.54329,41.27651],[28.54705,41.27736],[28.54753,41.27727],[28.54661,41.27765],[28.54204,41.27707],[28.53926,41.27654],[28.53684,41.27545],[28.53572,41.27569],[28.53341,41.27457],[28.53255,41.27352],[28.52963,41.27405],[28.52689,41.27423],[28.52527,41.275],[28.52299,41.27486],[28.52053,41.27379],[28.51882,41.27247],[28.51722,41.27218],[28.51557,41.27323],[28.51354,41.2737],[28.51214,41.27298],[28.51092,41.27313],[28.50873,41.27426],[28.50721,41.27449],[28.50534,41.27207],[28.5036,41.27101],[28.50334,41.27042],[28.50112,41.26899],[28.49915,41.26725],[28.50022,41.26667],[28.49883,41.26588],[28.49994,41.26224],[28.50105,41.26276],[28.50066,41.26384],[28.50393,41.26359],[28.50447,41.26185],[28.50109,41.26091],[28.49838,41.25903],[28.49649,41.25825],[28.4921,41.25698],[28.49097,41.2562],[28.49051,41.25757],[28.48851,41.25713],[28.48653,41.2544],[28.4865,41.25318],[28.48513,41.25219],[28.48496,41.25075],[28.48356,41.2484],[28.48281,41.24615],[28.48443,41.24477],[28.48588,41.24434],[28.48845,41.24205],[28.48887,41.24124],[28.49018,41.24057],[28.49026,41.23966],[28.49322,41.23924],[28.49606,41.23994],[28.49693,41.2404],[28.50017,41.24048],[28.50234,41.24102],[28.50416,41.2398],[28.50488,41.2388],[28.50641,41.2403],[28.50737,41.24052],[28.50967,41.24201],[28.51272,41.24555],[28.51389,41.24726],[28.51783,41.2481],[28.52285,41.24925],[28.52416,41.2489],[28.5258,41.24912],[28.52848,41.25098],[28.53138,41.25265],[28.5367,41.25451],[28.53888,41.25758],[28.54169,41.2606],[28.54184,41.26187],[28.54465,41.26432],[28.546,41.26456]]]},"properties":{"id":9533923,"name":"Çanakça Mahallesi","district_id":1275389}},{"type":"Feature","geometry":{"type":"Polygon","coordinates":[[[28.34787,41.34217],[28.3441,41.34189],[28.34172,41.34074],[28.34133,41.34034],[28.34197,41.3384],[28.34277,41.33418],[28.34121,41.33137],[28.33978,41.3295],[28.34078,41.32745],[28.33847,41.32388],[28.3382,41.32258],[28.33554,41.32048],[28.33396,41.32075],[28.33259,41.32032],[28.33197,41.31898],[28.33264,41.31569],[28.33088,41.31281],[28.33031,41.30898],[28.32916,41.30828],[28.32646,41.30738],[28.32167,41.30739],[28.31884,41.30539],[28.31698,41.30242],[28.31603,41.30029],[28.31536,41.29763],[28.31314,41.29303],[28.31335,41.29139],[28.30969,41.28928],[28.30965,41.2871],[28.30707,41.28501],[28.30479,41.28231],[28.30229,41.28146],[28.29854,41.27786],[28.29652,41.27559],[28.29853,41.27548],[28.30081,41.27625],[28.30263,41.27554],[28.30206,41.2743],[28.3029,41.27361],[28.30281,41.27121],[28.30229,41.27069],[28.30256,41.26927],[28.3044,41.26837],[28.30544,41.26846],[28.30616,41.26615],[28.30597,41.26506],[28.30659,41.26419],[28.30698,41.26146],[28.30762,41.25948],[28.30892,41.25829],[28.31028,41.25815],[28.31226,41.25654],[28.31388,41.25565],[28.31504,41.2544],[28.31732,41.25286],[28.31854,41.25022],[28.31884,41.24882],[28.31568,41.2466],[28.31717,41.24631],[28.31739,41.24516],[28.31881,41.24452],[28.31986,41.24373],[28.32181,41.24375],[28.32486,41.24255],[28.32562,41.24133],[28.32725,41.24084],[28.32907,41.23921],[28.33143,41.24046],[28.3329,41.24062],[28.33346,41.23948],[28.33445,41.23933],[28.33944,41.24181],[28.34064,41.2412],[28.34211,41.24122],[28.34318,41.24187],[28.34462,41.24208],[28.34648,41.24177],[28.34728,41.24394],[28.35026,41.24436],[28.35105,41.24543],[28.35343,41.24511],[28.35562,41.24605],[28.35624,41.2452],[28.35764,41.24505],[28.36013,41.24405],[28.36133,41.24438],[28.36161,41.24602],[28.36116,41.24728],[28.36242,41.2478],[28.36584,41.24793],[28.36726,41.24843],[28.36709,41.25026],[28.36856,41.25199],[28.37069,41.25305],[28.37146,41.25423],[28.37145,41.25548],[28.37367,41.25804],[28.37245,41.26067],[28.3705,41.26211],[28.36836,41.26258],[28.36709,41.26329],[28.3671,41.26411],[28.36942,41.26538],[28.37018,41.26785],[28.37089,41.2681],[28.37171,41.27041],[28.37365,41.27045],[28.37637,41.2709],[28.37907,41.27313],[28.38093,41.27369],[28.38075,41.27533],[28.38166,41.27685],[28.38143,41.27851],[28.38202,41.27933],[28.38193,41.28055],[28.38396,41.28331],[28.38608,41.28422],[28.3878,41.28615],[28.38848,41.28532],[28.3906,41.2843],[28.39409,41.28442],[28.39566,41.28484],[28.39681,41.28537],[28.39691,41.28715],[28.39602,41.28826],[28.39701,41.28904],[28.3977,41.2912],[28.39922,41.29162],[28.40022,41.29305],[28.40101,41.29509],[28.40262,41.29685],[28.40313,41.29984],[28.40282,41.30316],[28.4043,41.30453],[28.40634,41.30545],[28.40709,41.30707],[28.40811,41.30788],[28.41095,41.30781],[28.41356,41.30957],[28.4157,41.31012],[28.41696,41.31116],[28.41817,41.31159],[28.42017,41.31334],[28.42135,41.31366],[28.42108,41.31508],[28.42149,41.31657],[28.40046,41.33017],[28.40047,41.33345],[28.40178,41.33483],[28.40224,41.33592],[28.40114,41.3364],[28.401,41.33761],[28.40171,41.33934],[28.39758,41.34086],[28.3966,41.33989],[28.39536,41.34006],[28.39439,41.34098],[28.39334,41.34082],[28.39259,41.33879],[28.39131,41.33794],[28.38962,41.33844],[28.38649,41.33698],[28.38317,41.33699],[28.38169,41.33803],[28.37952,41.33759],[28.37831,41.33618],[28.37589,41.33679],[28.37283,41.33676],[28.37064,41.33647],[28.36475,41.3375],[28.36389,41.33716],[28.36329,41.33567],[28.36091,41.33736],[28.3591,41.33761],[28.35734,41.33859],[28.3564,41.33863],[28.355,41.33954],[28.35188,41.34094],[28.34787,41.34217]]]},"properties":{"id":9536586,"name":"İhsaniye Mahallesi","district_id":1275389}},{"type":"Feature","geometry":{"type":"Polygon","coordinates":[[[28.51214,41.27298],[28.51168,41.27462],[28.51221,41.27635],[28.5122,41.27873],[28.51249,41.27934],[28.51069,41.28138],[28.50902,41.28559],[28.50786,41.28644],[28.50797,41.29008],[28.50773,41.29161],[28.5088,41.29387],[28.50879,41.29549],[28.50732,41.29694],[28.50855,41.29777],[28.50476,41.29963],[28.50511,41.3022],[28.50355,41.30366],[28.49736,41.30542],[28.49275,41.30618],[28.48833,41.30798],[28.48435,41.30833],[28.48308,41.30717],[28.48257,41.30616],[28.48098,41.30454],[28.47907,41.30305],[28.47768,41.30068],[28.47621,41.29948],[28.47343,41.29829],[28.47063,41.29591],[28.47012,41.29504],[28.46941,41.29345],[28.4699,41.29025],[28.46614,41.28567],[28.46519,41.28375],[28.46266,41.28058],[28.46124,41.27974],[28.4588,41.2789],[28.45702,41.2774],[28.45589,41.27583],[28.45544,41.27437],[28.45442,41.27277],[28.45289,41.27164],[28.45054,41.2704],[28.44889,41.26921],[28.45004,41.26674],[28.45098,41.26581],[28.45081,41.26411],[28.44948,41.26292],[28.45122,41.26174],[28.45107,41.26006],[28.45195,41.25819],[28.45455,41.25636],[28.45606,41.25376],[28.45918,41.25389],[28.46077,41.25442],[28.46195,41.25361],[28.46403,41.25348],[28.46494,41.25156],[28.4655,41.25139],[28.46912,41.25084],[28.47028,41.25168],[28.47193,41.25219],[28.47363,41.25182],[28.47657,41.24904],[28.47788,41.24851],[28.47592,41.24621],[28.47596,41.24585],[28.47933,41.24393],[28.481,41.24258],[28.48407,41.24194],[28.48524,41.24232],[28.48834,41.24072],[28.48887,41.24124],[28.48845,41.24205],[28.48588,41.24434],[28.48443,41.24477],[28.48281,41.24615],[28.48356,41.2484],[28.48496,41.25075],[28.48513,41.25219],[28.4865,41.25318],[28.48653,41.2544],[28.48851,41.25713],[28.49051,41.25757],[28.49097,41.2562],[28.4921,41.25698],[28.49649,41.25825],[28.49838,41.25903],[28.50109,41.26091],[28.50447,41.26185],[28.50393,41.26359],[28.50066,41.26384],[28.50105,41.26276],[28.49994,41.26224],[28.49883,41.26588],[28.50022,41.26667],[28.49915,41.26725],[28.50112,41.26899],[28.50334,41.27042],[28.5036,41.27101],[28.50534,41.27207],[28.50721,41.27449],[28.50873,41.27426],[28.51092,41.27313],[28.51214,41.27298]]]},"properties":{"id":9536741,"name":"Dağyenice Mahallesi","district_id":1275389}},{"type":"Feature","geometry":{"type":"Polygon","coordinates":[[[28.54042,41.329],[28.53767,41.32765],[28.53136,41.31578],[28.53001,41.31293],[28.52462,41.3098],[28.52355,41.3087],[28.52114,41.30808],[28.5204,41.30743],[28.51742,41.30728],[28.51415,41.30801],[28.51035,41.30983],[28.50655,41.3109],[28.49841,41.31121],[28.4936,41.31242],[28.48922,41.31158],[28.48778,41.31074],[28.48833,41.30798],[28.49275,41.30618],[28.49736,41.30542],[28.50355,41.30366],[28.50511,41.3022],[28.50476,41.29963],[28.50855,41.29777],[28.50732,41.29694],[28.50879,41.29549],[28.5088,41.29387],[28.50773,41.29161],[28.50797,41.29008],[28.50786,41.28644],[28.50902,41.28559],[28.51069,41.28138],[28.51249,41.27934],[28.5122,41.27873],[28.51221,41.27635],[28.51168,41.27462],[28.51214,41.27298],[28.51354,41.2737],[28.51557,41.27323],[28.51722,41.27218],[28.51882,41.27247],[28.52053,41.27379],[28.52299,41.27486],[28.52527,41.275],[28.52689,41.27423],[28.52963,41.27405],[28.53255,41.27352],[28.53341,41.27457],[28.53572,41.27569],[28.53684,41.27545],[28.53926,41.27654],[28.54204,41.27707],[28.54661,41.27765],[28.54753,41.27727],[28.54861,41.27767],[28.55171,41.27816],[28.55219,41.27887],[28.55171,41.28091],[28.55208,41.28269],[28.55276,41.2836],[28.55187,41.28696],[28.55311,41.28991],[28.55564,41.29252],[28.55672,41.29507],[28.55685,41.29643],[28.55618,41.29942],[28.55612,41.30179],[28.55715,41.3047],[28.55798,41.30602],[28.55727,41.30937],[28.55974,41.31628],[28.56357,41.32699],[28.54042,41.329]]]},"properties":{"id":9536790,"name":"Yazlık Mahallesi","district_id":1275389}},{"type":"Feature","geometry":{"type":"Polygon","coordinates":[[[29.04942,41.1874],[29.04811,41.18892],[29.04709,41.18725],[29.04759,41.18639],[29.04459,41.18596],[29.04301,41.18486],[29.04269,41.18632],[29.03862,41.18843],[29.03787,41.18967],[29.03644,41.19104],[29.03417,41.19203],[29.03248,41.19187],[29.03005,41.19041],[29.02743,41.19015],[29.02559,41.19102],[29.02427,41.19126],[29.02159,41.19033],[29.02119,41.18946],[29.01955,41.1885],[29.01818,41.18844],[29.01769,41.18708],[29.0194,41.18631],[29.02143,41.18486],[29.02487,41.18324],[29.02681,41.18208],[29.02809,41.17963],[29.02794,41.17896],[29.02981,41.17781],[29.03148,41.17746],[29.03214,41.17619],[29.03211,41.17479],[29.03265,41.17333],[29.03396,41.17304],[29.03516,41.17361],[29.03897,41.17403],[29.04026,41.17384],[29.04215,41.17301],[29.04492,41.1728],[29.04738,41.17288],[29.04944,41.17347],[29.05324,41.17219],[29.05467,41.17498],[29.05428,41.17802],[29.05336,41.17851],[29.05418,41.17968],[29.0558,41.18037],[29.05459,41.18161],[29.0523,41.18268],[29.05106,41.18386],[29.04841,41.18497],[29.04902,41.18561],[29.04942,41.1874]]]},"properties":{"id":9577224,"name":"Maden Mahallesi","district_id":1765895}},{"type":"Feature","geometry":{"type":"Polygon","coordinates":[[[29.07733,41.08306],[29.07648,41.08178],[29.07606,41.08034],[29.0749,41.08063],[29.07516,41.07852],[29.07625,41.07752],[29.07618,41.0768],[29.07726,41.07605],[29.07756,41.07511],[29.08067,41.07581],[29.08276,41.07434],[29.08529,41.07113],[29.08874,41.0699],[29.09142,41.06972],[29.0927,41.0701],[29.0933,41.07123],[29.09579,41.07183],[29.096,41.07366],[29.09709,41.07397],[29.10151,41.07353],[29.10222,41.07442],[29.09954,41.0767],[29.09725,41.07912],[29.09502,41.08271],[29.09374,41.08586],[29.09268,41.0877],[29.09154,41.08894],[29.0901,41.08823],[29.0885,41.08909],[29.08712,41.08873],[29.08566,41.08769],[29.08532,41.0867],[29.08578,41.08556],[29.08479,41.08537],[29.084,41.08399],[29.08321,41.08409],[29.08068,41.08299],[29.08067,41.08223],[29.07811,41.08261],[29.07733,41.08306]]]},"properties":{"id":9577538,"name":"Göztepe Mahallesi","district_id":1276910}},{"type":"Feature","geometry":{"type":"Polygon","coordinates":[[[29.07756,41.07511],[29.07717,41.07523],[29.07253,41.07211],[29.07353,41.07055],[29.07698,41.06788],[29.07705,41.06679],[29.07956,41.06503],[29.08139,41.06484],[29.08289,41.06455],[29.0836,41.06374],[29.08581,41.06417],[29.08988,41.06544],[29.09289,41.06536],[29.09661,41.06435],[29.09552,41.06304],[29.09644,41.0612],[29.09849,41.06108],[29.1,41.06034],[29.10346,41.0611],[29.10761,41.06122],[29.11068,41.05969],[29.1078,41.06223],[29.10551,41.06378],[29.10362,41.06679],[29.10353,41.06851],[29.10284,41.0696],[29.10343,41.07298],[29.10222,41.07442],[29.10151,41.07353],[29.09709,41.07397],[29.096,41.07366],[29.09579,41.07183],[29.0933,41.07123],[29.0927,41.0701],[29.09142,41.06972],[29.08874,41.0699],[29.08529,41.07113],[29.08276,41.07434],[29.08067,41.07581],[29.07756,41.07511]]]},"properties":{"id":9577570,"name":"Yeni Mahalle Mahallesi","district_id":1276910}},{"type":"Feature","geometry":{"type":"Polygon","coordinates":[[[29.11275,41.05937],[29.11356,41.05898],[29.1167,41.05569],[29.11938,41.05367],[29.12047,41.05231],[29.1229,41.05172],[29.12426,41.05027],[29.12623,41.04986],[29.12968,41.05147],[29.13166,41.05218],[29.1326,41.05341],[29.13382,41.05315],[29.13479,41.05195],[29.13432,41.04875],[29.1376,41.04621],[29.13827,41.04495],[29.13827,41.04363],[29.13906,41.04229],[29.14,41.04309],[29.14172,41.0438],[29.14147,41.04575],[29.14288,41.04777],[29.1448,41.04813],[29.14787,41.04775],[29.14788,41.04946],[29.14841,41.0497],[29.15202,41.04935],[29.15258,41.04994],[29.15513,41.05016],[29.15888,41.05122],[29.16161,41.05273],[29.16452,41.05326],[29.16729,41.05403],[29.16839,41.05626],[29.16779,41.05797],[29.16793,41.05948],[29.16893,41.06179],[29.16905,41.06311],[29.16717,41.06553],[29.16486,41.06808],[29.15785,41.07322],[29.15364,41.07366],[29.14949,41.07432],[29.1479,41.07257],[29.1497,41.07175],[29.14723,41.07121],[29.1417,41.07093],[29.1402,41.07125],[29.13596,41.07337],[29.1327,41.07318],[29.12969,41.0706],[29.12836,41.07111],[29.12637,41.07039],[29.12665,41.06958],[29.1265,41.06888],[29.12481,41.06881],[29.12388,41.06967],[29.12251,41.06966],[29.12333,41.068],[29.12637,41.0664],[29.12755,41.06642],[29.13063,41.06762],[29.13235,41.06757],[29.13449,41.06654],[29.13516,41.06469],[29.13463,41.0639],[29.13443,41.06146],[29.13338,41.06105],[29.1337,41.06304],[29.1335,41.0655],[29.13276,41.06616],[29.131,41.0665],[29.12857,41.06532],[29.12654,41.06523],[29.1243,41.06639],[29.12272,41.0654],[29.12273,41.06697],[29.12095,41.06941],[29.12193,41.07117],[29.12155,41.07205],[29.11995,41.07305],[29.11956,41.07572],[29.11797,41.07533],[29.11703,41.07567],[29.11454,41.07614],[29.1135,41.07595],[29.11171,41.0762],[29.10967,41.0748],[29.10829,41.07471],[29.10504,41.07357],[29.10324,41.07463],[29.10222,41.07442],[29.10343,41.07298],[29.10284,41.0696],[29.10353,41.06851],[29.10362,41.06679],[29.10551,41.06378],[29.1078,41.06223],[29.11068,41.05969],[29.11275,41.05937]]]},"properties":{"id":9577603,"name":"Baklacı Mahallesi","district_id":1276910}},{"type":"Feature","geometry":{"type":"Polygon","coordinates":[[[29.10617,41.07864],[29.10502,41.0765],[29.10469,41.07498],[29.10555,41.07453],[29.10742,41.07539],[29.1095,41.07525],[29.11068,41.07571],[29.1115,41.07675],[29.11392,41.07614],[29.11472,41.07631],[29.11655,41.0761],[29.11703,41.07567],[29.11727,41.07722],[29.11825,41.07881],[29.11942,41.07925],[29.12135,41.07874],[29.12283,41.07762],[29.12438,41.07795],[29.12457,41.0788],[29.12641,41.08048],[29.12723,41.08238],[29.12818,41.08275],[29.12977,41.08199],[29.13229,41.08338],[29.13394,41.08402],[29.13588,41.08629],[29.13329,41.08827],[29.12819,41.09038],[29.12716,41.09278],[29.1217,41.09729],[29.11788,41.0957],[29.11449,41.09546],[29.11038,41.0968],[29.10956,41.09665],[29.10952,41.09249],[29.10836,41.09129],[29.10849,41.08874],[29.11006,41.08623],[29.10965,41.08518],[29.11004,41.08274],[29.10731,41.07902],[29.10617,41.07864]]]},"properties":{"id":9577627,"name":"Fatih Mahallesi","district_id":1276910}},{"type":"Feature","geometry":{"type":"Polygon","coordinates":[[[29.10956,41.09665],[29.10911,41.09811],[29.10617,41.10363],[29.10582,41.10387],[29.10283,41.10278],[29.10215,41.1022],[29.1007,41.10297],[29.10156,41.10416],[29.10109,41.10488],[29.09918,41.10417],[29.09679,41.10256],[29.09495,41.10263],[29.09481,41.09882],[29.09385,41.09678],[29.09378,41.09452],[29.09615,41.09425],[29.09408,41.09075],[29.09154,41.08894],[29.09268,41.0877],[29.09374,41.08586],[29.09502,41.08271],[29.09725,41.07912],[29.09954,41.0767],[29.10222,41.07442],[29.10324,41.07463],[29.10323,41.07565],[29.10183,41.07572],[29.10262,41.07736],[29.1045,41.07675],[29.10617,41.07864],[29.10731,41.07902],[29.11004,41.08274],[29.10965,41.08518],[29.11006,41.08623],[29.10849,41.08874],[29.10836,41.09129],[29.10952,41.09249],[29.10956,41.09665]]]},"properties":{"id":9577636,"name":"Rüzgarlıbahçe Mahallesi","district_id":1276910}},{"type":"Feature","geometry":{"type":"Polygon","coordinates":[[[29.07733,41.08306],[29.07777,41.08475],[29.07757,41.08685],[29.07496,41.08767],[29.07334,41.08902],[29.07344,41.09122],[29.07407,41.09282],[29.0721,41.0928],[29.0685,41.09323],[29.06701,41.09402],[29.06575,41.09369],[29.06563,41.09242],[29.06628,41.09158],[29.06571,41.08843],[29.06692,41.08511],[29.06627,41.08129],[29.06782,41.08207],[29.07085,41.08272],[29.0749,41.08063],[29.07606,41.08034],[29.07648,41.08178],[29.07733,41.08306]]]},"properties":{"id":9578449,"name":"Anadolu Hisarı Mahallesi","district_id":1276910}},{"type":"Feature","geometry":{"type":"Polygon","coordinates":[[[29.08126,41.09691],[29.07833,41.09957],[29.07833,41.10007],[29.07609,41.10329],[29.0739,41.10214],[29.07399,41.10357],[29.07268,41.10521],[29.07138,41.10595],[29.06889,41.10458],[29.06617,41.10274],[29.06593,41.10105],[29.06437,41.09777],[29.06507,41.09562],[29.06725,41.09475],[29.06701,41.09402],[29.0685,41.09323],[29.0721,41.0928],[29.07407,41.09282],[29.07796,41.09402],[29.0791,41.09531],[29.08006,41.09551],[29.08126,41.09691]]]},"properties":{"id":9578450,"name":"Kanlıca Mahallesi","district_id":1276910}},{"type":"Feature","geometry":{"type":"Polygon","coordinates":[[[29.07138,41.10595],[29.07268,41.10521],[29.07399,41.10357],[29.0739,41.10214],[29.07609,41.10329],[29.07833,41.10007],[29.07833,41.09957],[29.08126,41.09691],[29.08417,41.09562],[29.08642,41.09538],[29.08838,41.09471],[29.09378,41.09452],[29.09385,41.09678],[29.09481,41.09882],[29.09495,41.10263],[29.09679,41.10256],[29.09918,41.10417],[29.10109,41.10488],[29.10221,41.10522],[29.10104,41.10618],[29.09741,41.10656],[29.09589,41.10841],[29.09482,41.10839],[29.09354,41.10751],[29.09081,41.10747],[29.08831,41.10783],[29.08678,41.1092],[29.0849,41.10948],[29.08461,41.10996],[29.08289,41.11025],[29.08237,41.10811],[29.08131,41.10708],[29.07943,41.10767],[29.07805,41.10769],[29.07677,41.10711],[29.0747,41.10672],[29.07359,41.10705],[29.07138,41.10595]]]},"properties":{"id":9578464,"name":"Çubuklu Mahallesi","district_id":1276910}},{"type":"Feature","geometry":{"type":"Polygon","coordinates":[[[29.1063,41.11392],[29.10491,41.11416],[29.10326,41.11369],[29.10151,41.11507],[29.10098,41.11425],[29.09931,41.11337],[29.09763,41.11302],[29.09471,41.11169],[29.09039,41.11199],[29.08712,41.11183],[29.08461,41.10996],[29.0849,41.10948],[29.08678,41.1092],[29.08831,41.10783],[29.09081,41.10747],[29.09354,41.10751],[29.09482,41.10839],[29.09589,41.10841],[29.09741,41.10656],[29.10104,41.10618],[29.10392,41.10813],[29.10433,41.11004],[29.10299,41.11069],[29.1028,41.11234],[29.10527,41.11311],[29.1063,41.11392]]]},"properties":{"id":9578496,"name":"Çiğdem Mahallesi","district_id":1276910}},{"type":"Feature","geometry":{"type":"Polygon","coordinates":[[[29.07407,41.09282],[29.07344,41.09122],[29.07334,41.08902],[29.07496,41.08767],[29.07757,41.08685],[29.07777,41.08475],[29.07733,41.08306],[29.07811,41.08261],[29.08067,41.08223],[29.08068,41.08299],[29.08321,41.08409],[29.084,41.08399],[29.08479,41.08537],[29.08578,41.08556],[29.08532,41.0867],[29.08566,41.08769],[29.08712,41.08873],[29.0885,41.08909],[29.0901,41.08823],[29.09154,41.08894],[29.09408,41.09075],[29.09615,41.09425],[29.09378,41.09452],[29.08838,41.09471],[29.08642,41.09538],[29.08417,41.09562],[29.08126,41.09691],[29.08006,41.09551],[29.0791,41.09531],[29.07796,41.09402],[29.07407,41.09282]]]},"properties":{"id":9578568,"name":"Kavacık Mahallesi","district_id":1276910}},{"type":"Feature","geometry":{"type":"Polygon","coordinates":[[[28.39928,41.28556],[28.4007,41.2829],[28.4011,41.27858],[28.40093,41.27803],[28.40171,41.27589],[28.40436,41.27499],[28.40602,41.27367],[28.40619,41.27276],[28.40839,41.27275],[28.4099,41.27174],[28.41173,41.2712],[28.41496,41.27328],[28.41885,41.27268],[28.4187,41.27113],[28.42055,41.26978],[28.4226,41.26903],[28.42319,41.26494],[28.42412,41.26267],[28.42524,41.26085],[28.42697,41.26146],[28.42771,41.26122],[28.42852,41.25951],[28.43081,41.25738],[28.4328,41.25702],[28.43502,41.25734],[28.4363,41.25786],[28.4397,41.25778],[28.44153,41.25863],[28.44614,41.25664],[28.44829,41.25462],[28.45021,41.25348],[28.45442,41.25328],[28.45621,41.25353],[28.45606,41.25376],[28.45455,41.25636],[28.45195,41.25819],[28.45107,41.26006],[28.45122,41.26174],[28.44948,41.26292],[28.45081,41.26411],[28.45098,41.26581],[28.45004,41.26674],[28.44889,41.26921],[28.45054,41.2704],[28.45289,41.27164],[28.45442,41.27277],[28.45544,41.27437],[28.45589,41.27583],[28.45702,41.2774],[28.4588,41.2789],[28.46124,41.27974],[28.46266,41.28058],[28.46519,41.28375],[28.46614,41.28567],[28.4699,41.29025],[28.46941,41.29345],[28.47012,41.29504],[28.46994,41.29662],[28.46906,41.29727],[28.46458,41.29821],[28.4641,41.29847],[28.46073,41.3022],[28.45903,41.30297],[28.45701,41.30303],[28.45492,41.30372],[28.45463,41.3054],[28.45261,41.30597],[28.44796,41.30581],[28.44654,41.30607],[28.44785,41.3091],[28.44764,41.31011],[28.44674,41.31089],[28.44505,41.31053],[28.4443,41.31108],[28.44268,41.31106],[28.44161,41.31156],[28.44022,41.31388],[28.4409,41.31509],[28.44003,41.3158],[28.43987,41.31702],[28.43835,41.31843],[28.43811,41.31924],[28.43611,41.31983],[28.43532,41.32057],[28.43421,41.32048],[28.43208,41.31756],[28.43217,41.31621],[28.43034,41.31527],[28.42888,41.31519],[28.42856,41.31439],[28.42548,41.3142],[28.42435,41.31524],[28.42301,41.31578],[28.42135,41.31366],[28.42017,41.31334],[28.41817,41.31159],[28.41696,41.31116],[28.4157,41.31012],[28.41356,41.30957],[28.41095,41.30781],[28.40811,41.30788],[28.40709,41.30707],[28.40634,41.30545],[28.4043,41.30453],[28.40282,41.30316],[28.40313,41.29984],[28.40262,41.29685],[28.40101,41.29509],[28.40022,41.29305],[28.39922,41.29162],[28.3977,41.2912],[28.39701,41.28904],[28.39602,41.28826],[28.39691,41.28715],[28.39681,41.28537],[28.39566,41.28484],[28.3975,41.2849],[28.39928,41.28556]]]},"properties":{"id":9586433,"name":"Kalfa Mahallesi","district_id":1275389}},{"type":"Feature","geometry":{"type":"Polygon","coordinates":[[[28.48833,41.30798],[28.48778,41.31074],[28.48922,41.31158],[28.4936,41.31242],[28.49841,41.31121],[28.50655,41.3109],[28.51035,41.30983],[28.51415,41.30801],[28.51742,41.30728],[28.5204,41.30743],[28.52114,41.30808],[28.52355,41.3087],[28.52462,41.3098],[28.53001,41.31293],[28.53136,41.31578],[28.53767,41.32765],[28.54042,41.329],[28.5403,41.33343],[28.53793,41.33422],[28.53692,41.33566],[28.5334,41.33649],[28.53053,41.33746],[28.52864,41.3378],[28.52735,41.33915],[28.52579,41.33914],[28.52527,41.33981],[28.52351,41.34026],[28.52285,41.34131],[28.51959,41.34516],[28.51592,41.34889],[28.51292,41.3513],[28.51052,41.35241],[28.50452,41.35204],[28.50188,41.35167],[28.49963,41.35085],[28.49748,41.34956],[28.49508,41.35032],[28.49314,41.35036],[28.48895,41.34928],[28.48933,41.34774],[28.48862,41.34577],[28.48343,41.34409],[28.48163,41.34386],[28.48053,41.34416],[28.47889,41.34395],[28.47738,41.34431],[28.47333,41.34428],[28.47003,41.34486],[28.46764,41.34499],[28.46804,41.34465],[28.46875,41.34194],[28.46928,41.34183],[28.46978,41.33741],[28.46956,41.33588],[28.46867,41.33416],[28.46915,41.33239],[28.46903,41.33011],[28.47054,41.32816],[28.47203,41.32722],[28.4736,41.32381],[28.47305,41.32194],[28.47002,41.32048],[28.46603,41.31754],[28.46487,41.31648],[28.4626,41.31147],[28.46218,41.30912],[28.46101,41.30638],[28.45903,41.30297],[28.46073,41.3022],[28.4641,41.29847],[28.46458,41.29821],[28.46906,41.29727],[28.46994,41.29662],[28.47012,41.29504],[28.47063,41.29591],[28.47343,41.29829],[28.47621,41.29948],[28.47768,41.30068],[28.47907,41.30305],[28.48098,41.30454],[28.48257,41.30616],[28.48308,41.30717],[28.48435,41.30833],[28.48833,41.30798]]]},"properties":{"id":9617957,"name":"Örencik Mahallesi","district_id":1275389}},{"type":"Feature","geometry":{"type":"Polygon","coordinates":[[[28.56357,41.32699],[28.57309,41.35362],[28.56531,41.36605],[28.53421,41.37113],[28.51967,41.38318],[28.49794,41.38725],[28.49216,41.38069],[28.48923,41.3768],[28.48925,41.37538],[28.48786,41.37333],[28.4893,41.37058],[28.48908,41.36997],[28.48624,41.36805],[28.48203,41.36641],[28.48156,41.36498],[28.48176,41.36398],[28.4829,41.3622],[28.48332,41.35971],[28.48428,41.35817],[28.48541,41.35456],[28.48641,41.3527],[28.48936,41.35227],[28.49013,41.35156],[28.4892,41.35067],[28.48895,41.34928],[28.49314,41.35036],[28.49508,41.35032],[28.49748,41.34956],[28.49963,41.35085],[28.50188,41.35167],[28.50452,41.35204],[28.51052,41.35241],[28.51292,41.3513],[28.51592,41.34889],[28.51959,41.34516],[28.52285,41.34131],[28.52351,41.34026],[28.52527,41.33981],[28.52579,41.33914],[28.52735,41.33915],[28.52864,41.3378],[28.53053,41.33746],[28.5334,41.33649],[28.53692,41.33566],[28.53793,41.33422],[28.5403,41.33343],[28.54042,41.329],[28.56357,41.32699]]]},"properties":{"id":9617980,"name":"Celepköy Mahallesi","district_id":1275389}},{"type":"Feature","geometry":{"type":"Polygon","coordinates":[[[28.46764,41.34499],[28.46923,41.34669],[28.46994,41.34842],[28.46913,41.34935],[28.46917,41.3512],[28.46728,41.3555],[28.46533,41.35759],[28.46084,41.36487],[28.46041,41.36612],[28.45905,41.36827],[28.45865,41.37026],[28.45724,41.37269],[28.45706,41.37498],[28.4576,41.37767],[28.45488,41.37628],[28.45403,41.37509],[28.45132,41.37216],[28.45132,41.37058],[28.44881,41.36824],[28.45075,41.36786],[28.45049,41.3663],[28.44952,41.36593],[28.44853,41.36477],[28.44681,41.36394],[28.44573,41.36279],[28.44562,41.36132],[28.44393,41.3594],[28.44376,41.35641],[28.44233,41.35523],[28.4455,41.35163],[28.44654,41.35115],[28.44639,41.34968],[28.44694,41.34872],[28.44833,41.34767],[28.44986,41.34703],[28.44965,41.34565],[28.45042,41.3445],[28.45034,41.34302],[28.45133,41.34267],[28.45098,41.34119],[28.45245,41.33791],[28.45159,41.33663],[28.44948,41.33509],[28.44777,41.33459],[28.4452,41.33463],[28.44189,41.336],[28.43952,41.33418],[28.43985,41.33305],[28.43698,41.33232],[28.43787,41.33175],[28.43991,41.32912],[28.44207,41.32883],[28.44361,41.32956],[28.44626,41.3291],[28.44695,41.32825],[28.44803,41.32805],[28.44972,41.32678],[28.44862,41.32476],[28.4485,41.3224],[28.44785,41.3208],[28.44902,41.31988],[28.44837,41.31526],[28.44938,41.31382],[28.44987,41.31174],[28.44785,41.3091],[28.44654,41.30607],[28.44796,41.30581],[28.45261,41.30597],[28.45463,41.3054],[28.45492,41.30372],[28.45701,41.30303],[28.45903,41.30297],[28.46101,41.30638],[28.46218,41.30912],[28.4626,41.31147],[28.46487,41.31648],[28.46603,41.31754],[28.47002,41.32048],[28.47305,41.32194],[28.4736,41.32381],[28.47203,41.32722],[28.47054,41.32816],[28.46903,41.33011],[28.46915,41.33239],[28.46867,41.33416],[28.46956,41.33588],[28.46978,41.33741],[28.46928,41.34183],[28.46875,41.34194],[28.46804,41.34465],[28.46764,41.34499]]]},"properties":{"id":9618065,"name":"Başak Mahallesi","district_id":1275389}},{"type":"Feature","geometry":{"type":"Polygon","coordinates":[[[28.29329,41.27324],[28.29652,41.27559],[28.29854,41.27786],[28.30229,41.28146],[28.30479,41.28231],[28.30707,41.28501],[28.30965,41.2871],[28.30969,41.28928],[28.31335,41.29139],[28.31314,41.29303],[28.31536,41.29763],[28.31603,41.30029],[28.31698,41.30242],[28.31884,41.30539],[28.32167,41.30739],[28.32646,41.30738],[28.32916,41.30828],[28.33031,41.30898],[28.33088,41.31281],[28.33264,41.31569],[28.33197,41.31898],[28.33259,41.32032],[28.33396,41.32075],[28.33554,41.32048],[28.3382,41.32258],[28.33847,41.32388],[28.34078,41.32745],[28.33978,41.3295],[28.34121,41.33137],[28.34277,41.33418],[28.34197,41.3384],[28.34133,41.34034],[28.34172,41.34074],[28.33745,41.34398],[28.33598,41.34441],[28.33276,41.34429],[28.33155,41.34481],[28.32891,41.34517],[28.32505,41.34628],[28.32426,41.34722],[28.32282,41.34701],[28.32044,41.34789],[28.31977,41.3472],[28.31786,41.34854],[28.3165,41.34889],[28.31546,41.34848],[28.31346,41.34925],[28.31278,41.35041],[28.31084,41.35077],[28.30821,41.35249],[28.30688,41.3523],[28.30814,41.35041],[28.30549,41.3509],[28.30425,41.35032],[28.30364,41.3493],[28.30222,41.34911],[28.30146,41.34997],[28.30153,41.35118],[28.29946,41.35181],[28.29769,41.35106],[28.29589,41.35225],[28.29359,41.35285],[28.29316,41.35082],[28.29258,41.3499],[28.29056,41.34929],[28.2897,41.34849],[28.28789,41.34853],[28.28695,41.34956],[28.28577,41.34906],[28.28349,41.34883],[28.28217,41.34927],[28.28135,41.35117],[28.27991,41.35118],[28.27905,41.34961],[28.2814,41.34636],[28.27977,41.34256],[28.27794,41.34109],[28.2767,41.33936],[28.2765,41.33728],[28.27489,41.33549],[28.27547,41.33467],[28.27421,41.33388],[28.26534,41.32442],[28.26541,41.32331],[28.26719,41.31791],[28.2712,41.31537],[28.2733,41.31323],[28.27484,41.31261],[28.27973,41.29757],[28.29329,41.27324]]]},"properties":{"id":9618269,"name":"Gümüşpınar Mahallesi","district_id":1275389}},{"type":"Feature","geometry":{"type":"Polygon","coordinates":[[[28.45586,41.38138],[28.45583,41.38006],[28.45639,41.37829],[28.4576,41.37767],[28.45706,41.37498],[28.45724,41.37269],[28.45865,41.37026],[28.45905,41.36827],[28.46041,41.36612],[28.46084,41.36487],[28.46533,41.35759],[28.46728,41.3555],[28.46917,41.3512],[28.46913,41.34935],[28.46994,41.34842],[28.46923,41.34669],[28.46764,41.34499],[28.47003,41.34486],[28.47333,41.34428],[28.47738,41.34431],[28.47889,41.34395],[28.48053,41.34416],[28.48163,41.34386],[28.48343,41.34409],[28.48862,41.34577],[28.48933,41.34774],[28.48895,41.34928],[28.4892,41.35067],[28.49013,41.35156],[28.48936,41.35227],[28.48641,41.3527],[28.48541,41.35456],[28.48428,41.35817],[28.48332,41.35971],[28.4829,41.3622],[28.48176,41.36398],[28.48156,41.36498],[28.48203,41.36641],[28.48624,41.36805],[28.48908,41.36997],[28.4893,41.37058],[28.48786,41.37333],[28.48925,41.37538],[28.48923,41.3768],[28.49216,41.38069],[28.49794,41.38725],[28.49559,41.38769],[28.49139,41.39008],[28.49099,41.39149],[28.48632,41.39262],[28.4845,41.39119],[28.48522,41.3902],[28.48415,41.38852],[28.48298,41.38838],[28.48258,41.38941],[28.48155,41.3898],[28.47971,41.38972],[28.47817,41.39051],[28.4754,41.38951],[28.47226,41.38783],[28.47026,41.38496],[28.46993,41.38335],[28.46843,41.38259],[28.46728,41.38141],[28.46451,41.38174],[28.46182,41.38008],[28.46063,41.38001],[28.45901,41.38061],[28.4578,41.38057],[28.45723,41.38157],[28.45586,41.38138]]]},"properties":{"id":9618275,"name":"Hisarbeyli Mahallesi","district_id":1275389}},{"type":"Feature","geometry":{"type":"Polygon","coordinates":[[[28.3485,41.38815],[28.34767,41.38562],[28.34822,41.38301],[28.34739,41.3781],[28.34711,41.37772],[28.34764,41.37391],[28.34715,41.37283],[28.34606,41.37196],[28.34597,41.36958],[28.3455,41.36893],[28.34312,41.36797],[28.34202,41.36687],[28.34076,41.36339],[28.33938,41.36103],[28.34054,41.35992],[28.3408,41.3584],[28.34233,41.35653],[28.34526,41.35435],[28.34726,41.35256],[28.34947,41.34929],[28.35047,41.34523],[28.34997,41.34366],[28.34787,41.34217],[28.35188,41.34094],[28.355,41.33954],[28.3564,41.33863],[28.35734,41.33859],[28.3591,41.33761],[28.36091,41.33736],[28.36329,41.33567],[28.36389,41.33716],[28.36475,41.3375],[28.37064,41.33647],[28.37283,41.33676],[28.37589,41.33679],[28.37831,41.33618],[28.37952,41.33759],[28.38169,41.33803],[28.38317,41.33699],[28.38649,41.33698],[28.38962,41.33844],[28.39131,41.33794],[28.39259,41.33879],[28.39334,41.34082],[28.39439,41.34098],[28.39536,41.34006],[28.3966,41.33989],[28.39758,41.34086],[28.39826,41.34206],[28.40063,41.34317],[28.40137,41.34457],[28.40174,41.34771],[28.3995,41.35033],[28.39686,41.35498],[28.39536,41.35454],[28.39369,41.35639],[28.39562,41.35667],[28.39494,41.35983],[28.39774,41.36041],[28.40145,41.36329],[28.40404,41.36573],[28.40347,41.36678],[28.40516,41.36733],[28.40863,41.36728],[28.40971,41.36871],[28.41157,41.37191],[28.4138,41.37268],[28.41553,41.37228],[28.41755,41.37253],[28.41822,41.37303],[28.41998,41.37256],[28.42119,41.37324],[28.42309,41.37283],[28.42423,41.37335],[28.42489,41.3752],[28.42651,41.37734],[28.42637,41.37848],[28.42681,41.3808],[28.42681,41.38234],[28.42726,41.38316],[28.43005,41.38471],[28.43148,41.38657],[28.4282,41.38432],[28.42411,41.38295],[28.42122,41.38133],[28.41611,41.38033],[28.41447,41.38091],[28.41305,41.38054],[28.41079,41.38146],[28.41039,41.38222],[28.40576,41.38506],[28.4029,41.38747],[28.4023,41.38932],[28.39912,41.38935],[28.3971,41.39062],[28.39414,41.39036],[28.39318,41.39064],[28.3918,41.38941],[28.38927,41.39156],[28.38753,41.3927],[28.38464,41.39418],[28.38232,41.39231],[28.37927,41.39077],[28.37734,41.38834],[28.37769,41.38721],[28.37668,41.38568],[28.37477,41.3837],[28.37354,41.38362],[28.37249,41.38291],[28.37108,41.38357],[28.3694,41.38341],[28.36526,41.3838],[28.36451,41.38425],[28.36161,41.38336],[28.35824,41.38376],[28.3537,41.38705],[28.3485,41.38815]]]},"properties":{"id":9618395,"name":"Belgrat Mahallesi","district_id":1275389}},{"type":"Feature","geometry":{"type":"Polygon","coordinates":[[[28.45586,41.38138],[28.45356,41.3823],[28.45266,41.38306],[28.45092,41.38275],[28.44893,41.38288],[28.44802,41.38459],[28.44523,41.38628],[28.44429,41.38648],[28.44257,41.38607],[28.43924,41.38695],[28.43326,41.38705],[28.43148,41.38657],[28.43005,41.38471],[28.42726,41.38316],[28.42681,41.38234],[28.42681,41.3808],[28.42637,41.37848],[28.42651,41.37734],[28.42489,41.3752],[28.42423,41.37335],[28.42309,41.37283],[28.42119,41.37324],[28.41998,41.37256],[28.41822,41.37303],[28.41755,41.37253],[28.41553,41.37228],[28.4138,41.37268],[28.41157,41.37191],[28.40971,41.36871],[28.40863,41.36728],[28.40516,41.36733],[28.40347,41.36678],[28.40404,41.36573],[28.40145,41.36329],[28.39774,41.36041],[28.39494,41.35983],[28.39562,41.35667],[28.39369,41.35639],[28.39536,41.35454],[28.39686,41.35498],[28.3995,41.35033],[28.40174,41.34771],[28.40137,41.34457],[28.40063,41.34317],[28.39826,41.34206],[28.39758,41.34086],[28.40171,41.33934],[28.401,41.33761],[28.40114,41.3364],[28.40224,41.33592],[28.40178,41.33483],[28.40047,41.33345],[28.40046,41.33017],[28.42149,41.31657],[28.42108,41.31508],[28.42135,41.31366],[28.42301,41.31578],[28.42435,41.31524],[28.42548,41.3142],[28.42856,41.31439],[28.42888,41.31519],[28.43034,41.31527],[28.43217,41.31621],[28.43208,41.31756],[28.43421,41.32048],[28.43532,41.32057],[28.43611,41.31983],[28.43811,41.31924],[28.43835,41.31843],[28.43987,41.31702],[28.44003,41.3158],[28.4409,41.31509],[28.44022,41.31388],[28.44161,41.31156],[28.44268,41.31106],[28.4443,41.31108],[28.44505,41.31053],[28.44674,41.31089],[28.44764,41.31011],[28.44785,41.3091],[28.44987,41.31174],[28.44938,41.31382],[28.44837,41.31526],[28.44902,41.31988],[28.44785,41.3208],[28.4485,41.3224],[28.44862,41.32476],[28.44972,41.32678],[28.44803,41.32805],[28.44695,41.32825],[28.44626,41.3291],[28.44361,41.32956],[28.44207,41.32883],[28.43991,41.32912],[28.43787,41.33175],[28.43698,41.33232],[28.43985,41.33305],[28.43952,41.33418],[28.44189,41.336],[28.4452,41.33463],[28.44777,41.33459],[28.44948,41.33509],[28.45159,41.33663],[28.45245,41.33791],[28.45098,41.34119],[28.45133,41.34267],[28.45034,41.34302],[28.45042,41.3445],[28.44965,41.34565],[28.44986,41.34703],[28.44833,41.34767],[28.44694,41.34872],[28.44639,41.34968],[28.44654,41.35115],[28.4455,41.35163],[28.44233,41.35523],[28.44376,41.35641],[28.44393,41.3594],[28.44562,41.36132],[28.44573,41.36279],[28.44681,41.36394],[28.44853,41.36477],[28.44952,41.36593],[28.45049,41.3663],[28.45075,41.36786],[28.44881,41.36824],[28.45132,41.37058],[28.45132,41.37216],[28.45403,41.37509],[28.45488,41.37628],[28.4576,41.37767],[28.45639,41.37829],[28.45583,41.38006],[28.45586,41.38138]]]},"properties":{"id":9618406,"name":"Çiftlikköy","district_id":1275389}},{"type":"Feature","geometry":{"type":"Polygon","coordinates":[[[28.43148,41.38657],[28.43326,41.38705],[28.43924,41.38695],[28.44257,41.38607],[28.44429,41.38648],[28.44523,41.38628],[28.44802,41.38459],[28.44893,41.38288],[28.45092,41.38275],[28.45266,41.38306],[28.45356,41.3823],[28.45586,41.38138],[28.45723,41.38157],[28.4578,41.38057],[28.45901,41.38061],[28.46063,41.38001],[28.46182,41.38008],[28.46451,41.38174],[28.46728,41.38141],[28.46843,41.38259],[28.46993,41.38335],[28.47026,41.38496],[28.47226,41.38783],[28.4754,41.38951],[28.47817,41.39051],[28.47971,41.38972],[28.48155,41.3898],[28.48258,41.38941],[28.48298,41.38838],[28.48415,41.38852],[28.48522,41.3902],[28.4845,41.39119],[28.48632,41.39262],[28.49099,41.39149],[28.49043,41.39342],[28.48927,41.39435],[28.48994,41.39688],[28.48976,41.39767],[28.49066,41.40233],[28.49014,41.40552],[28.49084,41.40569],[28.49189,41.40716],[28.49196,41.40808],[28.4881,41.40995],[28.48394,41.41171],[28.47943,41.41341],[28.47507,41.41557],[28.47335,41.41615],[28.46851,41.41831],[28.46522,41.41932],[28.46125,41.42091],[28.45453,41.42335],[28.45095,41.42494],[28.44794,41.42574],[28.44161,41.42824],[28.43825,41.42916],[28.43444,41.4305],[28.43292,41.43134],[28.4269,41.43342],[28.42204,41.43544],[28.41228,41.43903],[28.4101,41.43999],[28.40728,41.4389],[28.40474,41.43667],[28.40042,41.43186],[28.39953,41.42965],[28.4012,41.42841],[28.40122,41.42744],[28.4026,41.42514],[28.40392,41.42375],[28.40517,41.41905],[28.40546,41.41575],[28.40451,41.41472],[28.40451,41.41293],[28.40261,41.40998],[28.40148,41.40878],[28.40122,41.40685],[28.40015,41.4059],[28.39792,41.40499],[28.39749,41.40437],[28.40058,41.40346],[28.40221,41.40332],[28.40358,41.40117],[28.40377,41.40016],[28.40508,41.39881],[28.4078,41.39827],[28.40684,41.39487],[28.40597,41.39491],[28.4048,41.39336],[28.40437,41.391],[28.40474,41.38986],[28.40415,41.38776],[28.40531,41.38628],[28.40576,41.38506],[28.41039,41.38222],[28.41079,41.38146],[28.41305,41.38054],[28.41447,41.38091],[28.41611,41.38033],[28.42122,41.38133],[28.42411,41.38295],[28.4282,41.38432],[28.43148,41.38657]]]},"properties":{"id":9618646,"name":"Ormanlı Mahallesi","district_id":1275389}},{"type":"Feature","geometry":{"type":"Polygon","coordinates":[[[28.34787,41.34217],[28.34997,41.34366],[28.35047,41.34523],[28.34947,41.34929],[28.34726,41.35256],[28.34526,41.35435],[28.34233,41.35653],[28.3408,41.3584],[28.34054,41.35992],[28.33938,41.36103],[28.34076,41.36339],[28.34202,41.36687],[28.34312,41.36797],[28.3455,41.36893],[28.34597,41.36958],[28.34606,41.37196],[28.34715,41.37283],[28.34764,41.37391],[28.34711,41.37772],[28.34739,41.3781],[28.34822,41.38301],[28.34767,41.38562],[28.3485,41.38815],[28.34702,41.3889],[28.34623,41.39001],[28.34872,41.39193],[28.34878,41.39294],[28.34522,41.39471],[28.34299,41.39457],[28.34144,41.39408],[28.33822,41.39244],[28.33668,41.39125],[28.33777,41.38911],[28.33754,41.3862],[28.33438,41.38618],[28.33213,41.38818],[28.33037,41.3884],[28.3296,41.38787],[28.32788,41.38341],[28.32655,41.38067],[28.32501,41.37922],[28.32271,41.38003],[28.32149,41.38193],[28.32076,41.38241],[28.31838,41.38283],[28.3167,41.38215],[28.31499,41.38025],[28.31213,41.37903],[28.30756,41.37898],[28.30241,41.37777],[28.30118,41.37722],[28.29807,41.37842],[28.29645,41.37939],[28.29608,41.38014],[28.29859,41.38335],[28.29559,41.38536],[28.29224,41.38855],[28.29133,41.39015],[28.29243,41.39202],[28.29417,41.39254],[28.29836,41.39299],[28.29683,41.39701],[28.29351,41.39838],[28.28975,41.3992],[28.28593,41.39907],[28.28434,41.39964],[28.28231,41.39981],[28.27866,41.39859],[28.27447,41.39684],[28.27297,41.39564],[28.27199,41.39412],[28.27064,41.39356],[28.27173,41.39231],[28.27059,41.38776],[28.27047,41.38641],[28.26891,41.38546],[28.26892,41.38373],[28.26789,41.3824],[28.26776,41.3803],[28.26922,41.37903],[28.27049,41.37873],[28.27156,41.37713],[28.27319,41.37562],[28.27364,41.37417],[28.27327,41.37267],[28.27235,41.37109],[28.27151,41.37101],[28.26778,41.36926],[28.26501,41.36885],[28.26437,41.36686],[28.26379,41.36106],[28.26173,41.35855],[28.26428,41.35528],[28.2645,41.35344],[28.26534,41.35123],[28.26664,41.35346],[28.26808,41.35457],[28.27111,41.35583],[28.27252,41.35567],[28.27278,41.35391],[28.27461,41.35324],[28.2755,41.35174],[28.27905,41.34961],[28.27991,41.35118],[28.28135,41.35117],[28.28217,41.34927],[28.28349,41.34883],[28.28577,41.34906],[28.28695,41.34956],[28.28789,41.34853],[28.2897,41.34849],[28.29056,41.34929],[28.29258,41.3499],[28.29316,41.35082],[28.29359,41.35285],[28.29589,41.35225],[28.29769,41.35106],[28.29946,41.35181],[28.30153,41.35118],[28.30146,41.34997],[28.30222,41.34911],[28.30364,41.3493],[28.30425,41.35032],[28.30549,41.3509],[28.30814,41.35041],[28.30688,41.3523],[28.30821,41.35249],[28.31084,41.35077],[28.31278,41.35041],[28.31346,41.34925],[28.31546,41.34848],[28.3165,41.34889],[28.31786,41.34854],[28.31977,41.3472],[28.32044,41.34789],[28.32282,41.34701],[28.32426,41.34722],[28.32505,41.34628],[28.32891,41.34517],[28.33155,41.34481],[28.33276,41.34429],[28.33598,41.34441],[28.33745,41.34398],[28.34172,41.34074],[28.3441,41.34189],[28.34787,41.34217]]]},"properties":{"id":9618736,"name":"Karamandere Mahallesi","district_id":1275389}},{"type":"Feature","geometry":{"type":"Polygon","coordinates":[[[28.27064,41.39356],[28.26973,41.39436],[28.27028,41.39537],[28.26682,41.39711],[28.26531,41.39696],[28.26368,41.3949],[28.26163,41.39564],[28.26007,41.39445],[28.25981,41.39242],[28.25805,41.39086],[28.25405,41.38883],[28.25307,41.38867],[28.25016,41.389],[28.24896,41.38676],[28.24781,41.3855],[28.24602,41.38624],[28.24572,41.38858],[28.2463,41.39013],[28.24867,41.39249],[28.24831,41.39405],[28.24624,41.39634],[28.24412,41.39619],[28.24351,41.39544],[28.24285,41.39278],[28.24286,41.39056],[28.23823,41.38913],[28.23713,41.38911],[28.23542,41.38976],[28.235,41.39131],[28.235,41.39472],[28.23461,41.39587],[28.23343,41.39686],[28.23134,41.39638],[28.22921,41.395],[28.22658,41.39408],[28.22445,41.39259],[28.22279,41.39257],[28.22097,41.3945],[28.21961,41.3955],[28.21842,41.39406],[28.21637,41.3933],[28.21657,41.39086],[28.21524,41.39025],[28.21284,41.39022],[28.21152,41.3917],[28.21098,41.39364],[28.20964,41.39475],[28.20963,41.39579],[28.2109,41.39729],[28.21093,41.39807],[28.20933,41.40083],[28.20614,41.40164],[28.20335,41.40025],[28.20347,41.39935],[28.20218,41.3975],[28.2013,41.39719],[28.19967,41.39577],[28.198,41.39568],[28.19675,41.39467],[28.19422,41.39226],[28.1916,41.38872],[28.18937,41.38734],[28.1859,41.38228],[28.18624,41.3809],[28.18414,41.38032],[28.18238,41.37874],[28.18113,41.37697],[28.17996,41.37295],[28.17873,41.37065],[28.17637,41.37311],[28.17349,41.37419],[28.17132,41.37704],[28.16955,41.37533],[28.16809,41.37346],[28.16465,41.36763],[28.16298,41.36509],[28.16268,41.36357],[28.15998,41.36196],[28.1585,41.35998],[28.15647,41.35888],[28.15984,41.35861],[28.17533,41.35491],[28.19649,41.34774],[28.20494,41.34521],[28.20622,41.34881],[28.20712,41.35012],[28.21013,41.3533],[28.21224,41.35406],[28.21208,41.35529],[28.21059,41.3574],[28.20973,41.36068],[28.20831,41.36167],[28.2069,41.36505],[28.20684,41.36578],[28.20907,41.36571],[28.21371,41.36502],[28.21656,41.36438],[28.21907,41.36407],[28.22799,41.35731],[28.22982,41.35865],[28.23181,41.35811],[28.23288,41.35872],[28.23484,41.35875],[28.23732,41.35803],[28.23855,41.3582],[28.23822,41.3565],[28.23845,41.35551],[28.23788,41.35327],[28.2369,41.3508],[28.23597,41.3498],[28.23558,41.34806],[28.23466,41.34722],[28.23494,41.34465],[28.23591,41.34353],[28.23796,41.34415],[28.24049,41.34438],[28.24179,41.34535],[28.24272,41.34486],[28.24576,41.3448],[28.24776,41.34367],[28.25233,41.34626],[28.25684,41.34674],[28.26306,41.34719],[28.26381,41.34819],[28.26534,41.35123],[28.2645,41.35344],[28.26428,41.35528],[28.26173,41.35855],[28.26379,41.36106],[28.26437,41.36686],[28.26501,41.36885],[28.26778,41.36926],[28.27151,41.37101],[28.27235,41.37109],[28.27327,41.37267],[28.27364,41.37417],[28.27319,41.37562],[28.27156,41.37713],[28.27049,41.37873],[28.26922,41.37903],[28.26776,41.3803],[28.26789,41.3824],[28.26892,41.38373],[28.26891,41.38546],[28.27047,41.38641],[28.27059,41.38776],[28.27173,41.39231],[28.27064,41.39356]]]},"properties":{"id":9619158,"name":"Aydınlar Mahallesi","district_id":1275389}},{"type":"Feature","geometry":{"type":"Polygon","coordinates":[[[28.21137,41.33548],[28.21268,41.33797],[28.21321,41.34105],[28.21611,41.34362],[28.21701,41.34515],[28.21887,41.34627],[28.22064,41.34598],[28.22217,41.34521],[28.22488,41.34316],[28.22624,41.34349],[28.22784,41.34289],[28.23205,41.34269],[28.2332,41.34245],[28.23591,41.34353],[28.23494,41.34465],[28.23466,41.34722],[28.23558,41.34806],[28.23597,41.3498],[28.2369,41.3508],[28.23788,41.35327],[28.23845,41.35551],[28.23822,41.3565],[28.23855,41.3582],[28.23732,41.35803],[28.23484,41.35875],[28.23288,41.35872],[28.23181,41.35811],[28.22982,41.35865],[28.22799,41.35731],[28.21907,41.36407],[28.21656,41.36438],[28.21371,41.36502],[28.20907,41.36571],[28.20684,41.36578],[28.2069,41.36505],[28.20831,41.36167],[28.20973,41.36068],[28.21059,41.3574],[28.21208,41.35529],[28.21224,41.35406],[28.21013,41.3533],[28.20712,41.35012],[28.20622,41.34881],[28.20494,41.34521],[28.20717,41.34211],[28.20869,41.34153],[28.20971,41.33786],[28.21137,41.33548]]]},"properties":{"id":9619159,"name":"Yaylacık Mahallesi","district_id":1275389}},{"type":"Feature","geometry":{"type":"Polygon","coordinates":[[[28.40576,41.38506],[28.40531,41.38628],[28.40415,41.38776],[28.40474,41.38986],[28.40437,41.391],[28.4048,41.39336],[28.40597,41.39491],[28.40684,41.39487],[28.4078,41.39827],[28.40508,41.39881],[28.40377,41.40016],[28.40358,41.40117],[28.40221,41.40332],[28.40058,41.40346],[28.39749,41.40437],[28.39792,41.40499],[28.40015,41.4059],[28.40122,41.40685],[28.40148,41.40878],[28.40261,41.40998],[28.40451,41.41293],[28.40451,41.41472],[28.40546,41.41575],[28.40517,41.41905],[28.40392,41.42375],[28.4026,41.42514],[28.40122,41.42744],[28.4012,41.42841],[28.39953,41.42965],[28.40042,41.43186],[28.40474,41.43667],[28.40728,41.4389],[28.4101,41.43999],[28.40721,41.44111],[28.40596,41.4419],[28.40187,41.44321],[28.40049,41.44404],[28.39525,41.44596],[28.39062,41.44781],[28.38738,41.44945],[28.38116,41.45167],[28.37932,41.45267],[28.37727,41.45328],[28.37171,41.45585],[28.36951,41.45659],[28.36551,41.45862],[28.35902,41.46108],[28.35806,41.46007],[28.35862,41.45953],[28.35803,41.45805],[28.35791,41.45627],[28.3559,41.45428],[28.35418,41.45536],[28.35346,41.45661],[28.35161,41.45756],[28.35004,41.45723],[28.34795,41.45797],[28.34659,41.45758],[28.34638,41.45607],[28.34722,41.455],[28.34707,41.45347],[28.34624,41.45283],[28.34284,41.45349],[28.34037,41.45239],[28.3357,41.4515],[28.33412,41.44859],[28.33159,41.4482],[28.33051,41.44935],[28.32794,41.44861],[28.32708,41.44901],[28.32443,41.44906],[28.32044,41.44681],[28.32011,41.44593],[28.32166,41.44409],[28.32404,41.44247],[28.32432,41.44154],[28.32638,41.43969],[28.32634,41.4389],[28.32483,41.43715],[28.32319,41.43624],[28.32008,41.43584],[28.31842,41.43405],[28.31671,41.43316],[28.31378,41.43261],[28.30911,41.43237],[28.30844,41.4328],[28.30625,41.43266],[28.30431,41.43114],[28.30354,41.43132],[28.30272,41.4328],[28.30248,41.43473],[28.30035,41.43532],[28.29908,41.43455],[28.29685,41.43468],[28.29479,41.4332],[28.29265,41.43303],[28.29121,41.43125],[28.2881,41.43092],[28.2868,41.42954],[28.28782,41.42828],[28.28825,41.42674],[28.2878,41.4259],[28.28581,41.42482],[28.28599,41.42322],[28.28531,41.42247],[28.28034,41.42292],[28.27855,41.42382],[28.27834,41.42131],[28.27754,41.42098],[28.27211,41.42062],[28.2707,41.42141],[28.26632,41.42309],[28.26517,41.42432],[28.26519,41.42279],[28.26669,41.41977],[28.26634,41.41901],[28.26972,41.41686],[28.26981,41.41618],[28.27143,41.41552],[28.27187,41.41439],[28.27072,41.41407],[28.27019,41.41326],[28.27237,41.41004],[28.27439,41.40926],[28.27647,41.40909],[28.27627,41.40778],[28.27442,41.40785],[28.27368,41.40705],[28.27368,41.40601],[28.27548,41.40498],[28.27359,41.40343],[28.27351,41.40236],[28.27598,41.39989],[28.27866,41.39859],[28.28231,41.39981],[28.28434,41.39964],[28.28593,41.39907],[28.28975,41.3992],[28.29351,41.39838],[28.29683,41.39701],[28.29836,41.39299],[28.29417,41.39254],[28.29243,41.39202],[28.29133,41.39015],[28.29224,41.38855],[28.29559,41.38536],[28.29859,41.38335],[28.29608,41.38014],[28.29645,41.37939],[28.29807,41.37842],[28.30118,41.37722],[28.30241,41.37777],[28.30756,41.37898],[28.31213,41.37903],[28.31499,41.38025],[28.3167,41.38215],[28.31838,41.38283],[28.32076,41.38241],[28.32149,41.38193],[28.32271,41.38003],[28.32501,41.37922],[28.32655,41.38067],[28.32788,41.38341],[28.3296,41.38787],[28.33037,41.3884],[28.33213,41.38818],[28.33438,41.38618],[28.33754,41.3862],[28.33777,41.38911],[28.33668,41.39125],[28.33822,41.39244],[28.34144,41.39408],[28.34299,41.39457],[28.34522,41.39471],[28.34878,41.39294],[28.34872,41.39193],[28.34623,41.39001],[28.34702,41.3889],[28.3485,41.38815],[28.3537,41.38705],[28.35824,41.38376],[28.36161,41.38336],[28.36451,41.38425],[28.36526,41.3838],[28.3694,41.38341],[28.37108,41.38357],[28.37249,41.38291],[28.37354,41.38362],[28.37477,41.3837],[28.37668,41.38568],[28.37769,41.38721],[28.37734,41.38834],[28.37927,41.39077],[28.38232,41.39231],[28.38464,41.39418],[28.38753,41.3927],[28.38927,41.39156],[28.3918,41.38941],[28.39318,41.39064],[28.39414,41.39036],[28.3971,41.39062],[28.39912,41.38935],[28.4023,41.38932],[28.4029,41.38747],[28.40576,41.38506]]]},"properties":{"id":9619392,"name":"Karacaköy Merkez Mahallesi","district_id":1275389}},{"type":"Feature","geometry":{"type":"Polygon","coordinates":[[[28.09771,41.38406],[28.09626,41.38028],[28.09483,41.3774],[28.09212,41.37502],[28.09054,41.3727],[28.08936,41.36958],[28.08941,41.36573],[28.08907,41.3639],[28.08914,41.3617],[28.08859,41.35882],[28.08903,41.3555],[28.0879,41.35387],[28.08787,41.35196],[28.08901,41.35033],[28.08871,41.34955],[28.08992,41.34748],[28.08977,41.34627],[28.08904,41.34512],[28.08661,41.33931],[28.08505,41.33811],[28.08316,41.33421],[28.08244,41.33358],[28.08203,41.33054],[28.07988,41.32701],[28.07958,41.32553],[28.0805,41.32485],[28.07983,41.32302],[28.07809,41.31976],[28.0779,41.31469],[28.07764,41.31424],[28.07818,41.31191],[28.07783,41.30954],[28.07713,41.30831],[28.07677,41.30366],[28.07643,41.30216],[28.07812,41.30133],[28.07825,41.30064],[28.07709,41.29987],[28.07865,41.2972],[28.07968,41.29723],[28.0806,41.29851],[28.08176,41.29915],[28.08657,41.29767],[28.08849,41.29556],[28.08924,41.29641],[28.09086,41.29578],[28.09351,41.29709],[28.09295,41.29842],[28.09365,41.29974],[28.09668,41.29926],[28.09947,41.29851],[28.10094,41.29781],[28.10212,41.29774],[28.10406,41.29686],[28.1049,41.29811],[28.10718,41.29897],[28.109,41.2981],[28.10997,41.2971],[28.11113,41.29827],[28.11348,41.29824],[28.11483,41.29785],[28.11708,41.29917],[28.11935,41.30282],[28.1215,41.30329],[28.12178,41.30418],[28.1228,41.30463],[28.12552,41.30732],[28.1269,41.30934],[28.12841,41.30952],[28.13006,41.31118],[28.13081,41.31251],[28.13277,41.31375],[28.13342,41.31474],[28.13423,41.31716],[28.13525,41.31787],[28.13817,41.31766],[28.13906,41.31842],[28.13822,41.31987],[28.13638,41.32048],[28.13417,41.32068],[28.13307,41.32112],[28.13079,41.32397],[28.13079,41.32524],[28.12957,41.32751],[28.12875,41.32802],[28.12915,41.32895],[28.12884,41.33062],[28.12792,41.33207],[28.12796,41.33346],[28.12686,41.33376],[28.12498,41.33334],[28.12413,41.33452],[28.12595,41.33659],[28.13183,41.34256],[28.13502,41.34812],[28.13587,41.34929],[28.13482,41.35067],[28.13596,41.35165],[28.13578,41.35323],[28.13631,41.35391],[28.13547,41.35563],[28.13436,41.35641],[28.13437,41.35765],[28.13376,41.35919],[28.13377,41.3605],[28.13249,41.36143],[28.13237,41.36379],[28.13076,41.36582],[28.12941,41.36672],[28.12734,41.36742],[28.1247,41.36783],[28.12395,41.36881],[28.12146,41.37],[28.12032,41.37277],[28.11909,41.37434],[28.11806,41.37792],[28.11665,41.37986],[28.11513,41.38134],[28.11132,41.38251],[28.10843,41.38286],[28.10655,41.38449],[28.10577,41.386],[28.10465,41.38633],[28.10073,41.3864],[28.09948,41.38585],[28.09771,41.38406]]]},"properties":{"id":9619871,"name":"Hallaçlı Mahallesi","district_id":1275389}},{"type":"Feature","geometry":{"type":"Polygon","coordinates":[[[28.26517,41.42432],[28.26414,41.42454],[28.26339,41.4256],[28.26171,41.42612],[28.26084,41.42876],[28.25933,41.43103],[28.25939,41.43258],[28.25711,41.43316],[28.25658,41.43431],[28.25383,41.43665],[28.25338,41.43764],[28.25189,41.43751],[28.24813,41.4379],[28.24753,41.43846],[28.24487,41.43773],[28.2407,41.43792],[28.23908,41.43883],[28.23817,41.43998],[28.23655,41.43948],[28.23433,41.43736],[28.22809,41.43514],[28.22639,41.4356],[28.22468,41.43729],[28.22325,41.4378],[28.22147,41.43731],[28.21887,41.4378],[28.21606,41.44014],[28.21588,41.44134],[28.21414,41.44232],[28.21158,41.44272],[28.211,41.44401],[28.20926,41.44448],[28.20896,41.44525],[28.20614,41.44519],[28.20506,41.44586],[28.20224,41.44681],[28.2015,41.44762],[28.20266,41.44992],[28.20431,41.45167],[28.20512,41.45201],[28.20765,41.45485],[28.20806,41.45661],[28.20902,41.45809],[28.20848,41.46075],[28.20768,41.4619],[28.2057,41.46211],[28.20423,41.46447],[28.20479,41.46578],[28.20431,41.46814],[28.2006,41.47093],[28.20093,41.47443],[28.19883,41.47469],[28.19664,41.47698],[28.19322,41.47881],[28.19288,41.47961],[28.19359,41.4807],[28.19294,41.48175],[28.19449,41.48284],[28.19611,41.48479],[28.19692,41.48627],[28.19979,41.48802],[28.20152,41.49004],[28.20238,41.49188],[28.20405,41.49212],[28.20617,41.49293],[28.20636,41.49378],[28.20755,41.4941],[28.20864,41.4957],[28.20979,41.4957],[28.21107,41.49706],[28.21076,41.49862],[28.20904,41.50324],[28.20796,41.50692],[28.20783,41.51068],[28.20901,41.51234],[28.2115,41.51304],[28.21229,41.51513],[28.21203,41.51618],[28.21513,41.51669],[28.21625,41.51778],[28.21774,41.51835],[28.22041,41.5168],[28.22165,41.51537],[28.22347,41.51701],[28.22222,41.51872],[28.22328,41.52024],[28.225,41.52037],[28.22338,41.52233],[28.22396,41.52321],[28.22257,41.52348],[28.22048,41.52465],[28.21935,41.52648],[28.21919,41.52824],[28.22162,41.5289],[28.21825,41.53067],[28.21768,41.53145],[28.21563,41.53231],[28.21303,41.53394],[28.21095,41.5361],[28.20958,41.53681],[28.20778,41.53865],[28.20664,41.53835],[28.20566,41.53883],[28.20527,41.5398],[28.20283,41.54196],[28.20219,41.54288],[28.19906,41.54539],[28.199,41.54727],[28.19946,41.54845],[28.19557,41.54891],[28.1944,41.54821],[28.19252,41.54819],[28.19222,41.54951],[28.19299,41.55014],[28.19267,41.55143],[28.19301,41.55248],[28.19125,41.55257],[28.19047,41.55306],[28.18898,41.5529],[28.18716,41.55345],[28.18567,41.55502],[28.18556,41.5569],[28.18608,41.55757],[28.18839,41.55784],[28.18827,41.55856],[28.18648,41.56014],[28.18473,41.56099],[28.18279,41.56114],[28.18197,41.56285],[28.1809,41.5635],[28.18126,41.56547],[28.18408,41.56624],[28.18606,41.56764],[28.18235,41.56847],[28.18264,41.56964],[28.18162,41.57113],[28.17993,41.57218],[28.17841,41.57231],[28.17616,41.57145],[28.17507,41.57319],[28.17208,41.5729],[28.17108,41.57406],[28.17035,41.57362],[28.16906,41.57417],[28.16596,41.57476],[28.16625,41.57601],[28.1672,41.57684],[28.16704,41.5777],[28.16514,41.57871],[28.1633,41.57851],[28.16113,41.57889],[28.15819,41.57984],[28.15687,41.57952],[28.15358,41.57931],[28.15088,41.58028],[28.14637,41.58329],[28.14588,41.5833],[28.14176,41.582],[28.13975,41.58224],[28.1372,41.5809],[28.13657,41.57878],[28.13493,41.57824],[28.13295,41.57643],[28.13347,41.57493],[28.13228,41.574],[28.13053,41.5739],[28.13022,41.57284],[28.12894,41.57318],[28.12851,41.57176],[28.12763,41.5714],[28.12559,41.56811],[28.12425,41.56818],[28.12311,41.56708],[28.12414,41.56635],[28.12294,41.56446],[28.12084,41.56313],[28.11852,41.56296],[28.11799,41.56259],[28.11899,41.56033],[28.12238,41.56076],[28.12339,41.56015],[28.12376,41.55704],[28.12463,41.55674],[28.12486,41.55431],[28.12366,41.55356],[28.12466,41.55239],[28.12203,41.55176],[28.1209,41.55199],[28.11886,41.54969],[28.11979,41.54856],[28.12149,41.54835],[28.12099,41.54744],[28.12255,41.54669],[28.12138,41.54561],[28.12173,41.54477],[28.1206,41.54417],[28.12134,41.54285],[28.11872,41.54168],[28.11697,41.54249],[28.1159,41.54176],[28.11685,41.54113],[28.11619,41.54024],[28.11788,41.53972],[28.1189,41.53868],[28.12128,41.53727],[28.12028,41.53525],[28.12114,41.53478],[28.12024,41.53371],[28.12079,41.5315],[28.1198,41.52945],[28.11891,41.52852],[28.11648,41.5268],[28.11655,41.52615],[28.11414,41.52396],[28.11137,41.52242],[28.11055,41.52125],[28.10838,41.51943],[28.10561,41.51811],[28.10462,41.51574],[28.10289,41.51554],[28.1023,41.51671],[28.10116,41.51597],[28.09738,41.51513],[28.09597,41.5133],[28.09566,41.51205],[28.09191,41.50962],[28.09002,41.50943],[28.08779,41.50874],[28.08352,41.50924],[28.08123,41.50855],[28.07891,41.50896],[28.07619,41.50763],[28.07548,41.50658],[28.07633,41.50523],[28.0773,41.50496],[28.07762,41.50332],[28.07616,41.50197],[28.07526,41.50176],[28.07395,41.49838],[28.07252,41.49715],[28.07176,41.49545],[28.07095,41.49476],[28.07118,41.49341],[28.07294,41.49295],[28.0786,41.49314],[28.08132,41.49106],[28.08351,41.49027],[28.08535,41.49008],[28.08671,41.4881],[28.08911,41.48602],[28.0904,41.48305],[28.09359,41.48006],[28.09672,41.47826],[28.09871,41.47812],[28.09964,41.47649],[28.10276,41.47523],[28.10449,41.4748],[28.1049,41.47408],[28.1062,41.4737],[28.10663,41.47171],[28.10645,41.46923],[28.10857,41.46826],[28.11097,41.46621],[28.11201,41.46448],[28.11217,41.4623],[28.11273,41.45963],[28.11241,41.45876],[28.11189,41.45416],[28.11252,41.45024],[28.11239,41.44915],[28.11364,41.44761],[28.11364,41.44474],[28.11337,41.4427],[28.11378,41.43887],[28.11244,41.43637],[28.11262,41.43469],[28.11108,41.43191],[28.1114,41.43014],[28.12189,41.425],[28.13371,41.41861],[28.13549,41.41816],[28.14493,41.41681],[28.15058,41.41591],[28.16128,41.41404],[28.16345,41.41401],[28.16737,41.41435],[28.17026,41.41332],[28.17404,41.41245],[28.17596,41.41316],[28.17726,41.41327],[28.18039,41.41186],[28.18191,41.41251],[28.18495,41.41335],[28.1865,41.41307],[28.19004,41.41074],[28.19022,41.40853],[28.18873,41.40677],[28.19071,41.40409],[28.19202,41.40187],[28.19322,41.39917],[28.19675,41.39467],[28.198,41.39568],[28.19967,41.39577],[28.2013,41.39719],[28.20218,41.3975],[28.20347,41.39935],[28.20335,41.40025],[28.20614,41.40164],[28.20933,41.40083],[28.21093,41.39807],[28.2109,41.39729],[28.20963,41.39579],[28.20964,41.39475],[28.21098,41.39364],[28.21152,41.3917],[28.21284,41.39022],[28.21524,41.39025],[28.21657,41.39086],[28.21637,41.3933],[28.21842,41.39406],[28.21961,41.3955],[28.22097,41.3945],[28.22279,41.39257],[28.22445,41.39259],[28.22658,41.39408],[28.22921,41.395],[28.23134,41.39638],[28.23343,41.39686],[28.23461,41.39587],[28.235,41.39472],[28.235,41.39131],[28.23542,41.38976],[28.23713,41.38911],[28.23823,41.38913],[28.24286,41.39056],[28.24285,41.39278],[28.24351,41.39544],[28.24412,41.39619],[28.24624,41.39634],[28.24831,41.39405],[28.24867,41.39249],[28.2463,41.39013],[28.24572,41.38858],[28.24602,41.38624],[28.24781,41.3855],[28.24896,41.38676],[28.25016,41.389],[28.25307,41.38867],[28.25405,41.38883],[28.25805,41.39086],[28.25981,41.39242],[28.26007,41.39445],[28.26163,41.39564],[28.26368,41.3949],[28.26531,41.39696],[28.26682,41.39711],[28.27028,41.39537],[28.26973,41.39436],[28.27064,41.39356],[28.27199,41.39412],[28.27297,41.39564],[28.27447,41.39684],[28.27866,41.39859],[28.27598,41.39989],[28.27351,41.40236],[28.27359,41.40343],[28.27548,41.40498],[28.27368,41.40601],[28.27368,41.40705],[28.27442,41.40785],[28.27627,41.40778],[28.27647,41.40909],[28.27439,41.40926],[28.27237,41.41004],[28.27019,41.41326],[28.27072,41.41407],[28.27187,41.41439],[28.27143,41.41552],[28.26981,41.41618],[28.26972,41.41686],[28.26634,41.41901],[28.26669,41.41977],[28.26519,41.42279],[28.26517,41.42432]]]},"properties":{"id":9619872,"name":"Fatih Mahallesi","district_id":1275389}},{"type":"Feature","geometry":{"type":"Polygon","coordinates":[[[28.26517,41.42432],[28.26632,41.42309],[28.2707,41.42141],[28.27211,41.42062],[28.27754,41.42098],[28.27834,41.42131],[28.27855,41.42382],[28.28034,41.42292],[28.28531,41.42247],[28.28599,41.42322],[28.28581,41.42482],[28.2878,41.4259],[28.28825,41.42674],[28.28782,41.42828],[28.2868,41.42954],[28.2881,41.43092],[28.29121,41.43125],[28.29265,41.43303],[28.29479,41.4332],[28.29685,41.43468],[28.29908,41.43455],[28.30035,41.43532],[28.30248,41.43473],[28.30272,41.4328],[28.30354,41.43132],[28.30431,41.43114],[28.30625,41.43266],[28.30844,41.4328],[28.30911,41.43237],[28.31378,41.43261],[28.31671,41.43316],[28.31842,41.43405],[28.32008,41.43584],[28.32319,41.43624],[28.32483,41.43715],[28.32634,41.4389],[28.32638,41.43969],[28.32432,41.44154],[28.32404,41.44247],[28.32166,41.44409],[28.32011,41.44593],[28.32044,41.44681],[28.32443,41.44906],[28.32708,41.44901],[28.32794,41.44861],[28.33051,41.44935],[28.33159,41.4482],[28.33412,41.44859],[28.3357,41.4515],[28.34037,41.45239],[28.34284,41.45349],[28.34624,41.45283],[28.34707,41.45347],[28.34722,41.455],[28.34638,41.45607],[28.34659,41.45758],[28.34795,41.45797],[28.35004,41.45723],[28.35161,41.45756],[28.35346,41.45661],[28.35418,41.45536],[28.3559,41.45428],[28.35791,41.45627],[28.35803,41.45805],[28.35862,41.45953],[28.35806,41.46007],[28.35902,41.46108],[28.3552,41.46276],[28.35035,41.46468],[28.344,41.46742],[28.33636,41.47033],[28.33326,41.4717],[28.32971,41.47268],[28.32544,41.47466],[28.31945,41.47699],[28.31724,41.47808],[28.31393,41.47912],[28.30963,41.48115],[28.3055,41.48273],[28.30011,41.48541],[28.29503,41.48718],[28.28581,41.49094],[28.28328,41.49236],[28.28123,41.49314],[28.27873,41.49448],[28.27824,41.49527],[28.27616,41.49522],[28.27253,41.49615],[28.27063,41.49731],[28.26849,41.49999],[28.26728,41.5],[28.26389,41.50194],[28.26206,41.50222],[28.261,41.50386],[28.2618,41.5048],[28.25996,41.50727],[28.25826,41.50771],[28.25631,41.50752],[28.25434,41.50905],[28.25268,41.50962],[28.25198,41.51053],[28.25036,41.51155],[28.25002,41.51078],[28.24859,41.51066],[28.24743,41.51171],[28.24778,41.51298],[28.2471,41.51438],[28.24545,41.51495],[28.24395,41.51483],[28.24347,41.51553],[28.23996,41.51623],[28.23937,41.51695],[28.23734,41.5169],[28.23592,41.51899],[28.23324,41.51977],[28.23157,41.52135],[28.23132,41.52207],[28.23225,41.52362],[28.23103,41.52416],[28.2302,41.52378],[28.22738,41.52465],[28.22396,41.52321],[28.22338,41.52233],[28.225,41.52037],[28.22328,41.52024],[28.22222,41.51872],[28.22347,41.51701],[28.22165,41.51537],[28.22041,41.5168],[28.21774,41.51835],[28.21625,41.51778],[28.21513,41.51669],[28.21203,41.51618],[28.21229,41.51513],[28.2115,41.51304],[28.20901,41.51234],[28.20783,41.51068],[28.20796,41.50692],[28.20904,41.50324],[28.21076,41.49862],[28.21107,41.49706],[28.20979,41.4957],[28.20864,41.4957],[28.20755,41.4941],[28.20636,41.49378],[28.20617,41.49293],[28.20405,41.49212],[28.20238,41.49188],[28.20152,41.49004],[28.19979,41.48802],[28.19692,41.48627],[28.19611,41.48479],[28.19449,41.48284],[28.19294,41.48175],[28.19359,41.4807],[28.19288,41.47961],[28.19322,41.47881],[28.19664,41.47698],[28.19883,41.47469],[28.20093,41.47443],[28.2006,41.47093],[28.20431,41.46814],[28.20479,41.46578],[28.20423,41.46447],[28.2057,41.46211],[28.20768,41.4619],[28.20848,41.46075],[28.20902,41.45809],[28.20806,41.45661],[28.20765,41.45485],[28.20512,41.45201],[28.20431,41.45167],[28.20266,41.44992],[28.2015,41.44762],[28.20224,41.44681],[28.20506,41.44586],[28.20614,41.44519],[28.20896,41.44525],[28.20926,41.44448],[28.211,41.44401],[28.21158,41.44272],[28.21414,41.44232],[28.21588,41.44134],[28.21606,41.44014],[28.21887,41.4378],[28.22147,41.43731],[28.22325,41.4378],[28.22468,41.43729],[28.22639,41.4356],[28.22809,41.43514],[28.23433,41.43736],[28.23655,41.43948],[28.23817,41.43998],[28.23908,41.43883],[28.2407,41.43792],[28.24487,41.43773],[28.24753,41.43846],[28.24813,41.4379],[28.25189,41.43751],[28.25338,41.43764],[28.25383,41.43665],[28.25658,41.43431],[28.25711,41.43316],[28.25939,41.43258],[28.25933,41.43103],[28.26084,41.42876],[28.26171,41.42612],[28.26339,41.4256],[28.26414,41.42454],[28.26517,41.42432]]]},"properties":{"id":9619873,"name":"Yalıköy Mahallesi","district_id":1275389}},{"type":"Feature","geometry":{"type":"Polygon","coordinates":[[[28.1114,41.43014],[28.11108,41.42853],[28.11124,41.42654],[28.11254,41.42417],[28.11303,41.42247],[28.11461,41.42103],[28.11616,41.41762],[28.11825,41.41621],[28.12121,41.41213],[28.12177,41.40968],[28.12005,41.40927],[28.11824,41.40797],[28.11708,41.40817],[28.1149,41.40776],[28.11331,41.40706],[28.11013,41.40399],[28.10782,41.40437],[28.10176,41.40411],[28.10159,41.40238],[28.10084,41.40104],[28.09987,41.39764],[28.09957,41.39551],[28.09891,41.39408],[28.09878,41.3921],[28.09933,41.38841],[28.09881,41.38604],[28.09771,41.38406],[28.09948,41.38585],[28.10073,41.3864],[28.10465,41.38633],[28.10577,41.386],[28.10655,41.38449],[28.10843,41.38286],[28.11132,41.38251],[28.11513,41.38134],[28.11665,41.37986],[28.11806,41.37792],[28.11909,41.37434],[28.12032,41.37277],[28.12146,41.37],[28.12395,41.36881],[28.1247,41.36783],[28.12734,41.36742],[28.12941,41.36672],[28.13076,41.36582],[28.13237,41.36379],[28.13363,41.36303],[28.13591,41.36075],[28.13863,41.35982],[28.14062,41.35946],[28.14395,41.35782],[28.14932,41.35835],[28.15356,41.35906],[28.15647,41.35888],[28.1585,41.35998],[28.15998,41.36196],[28.16268,41.36357],[28.16298,41.36509],[28.16465,41.36763],[28.16809,41.37346],[28.16955,41.37533],[28.17132,41.37704],[28.17349,41.37419],[28.17637,41.37311],[28.17873,41.37065],[28.17996,41.37295],[28.18113,41.37697],[28.18238,41.37874],[28.18414,41.38032],[28.18624,41.3809],[28.1859,41.38228],[28.18937,41.38734],[28.1916,41.38872],[28.19422,41.39226],[28.19675,41.39467],[28.19322,41.39917],[28.19202,41.40187],[28.19071,41.40409],[28.18873,41.40677],[28.19022,41.40853],[28.19004,41.41074],[28.1865,41.41307],[28.18495,41.41335],[28.18191,41.41251],[28.18039,41.41186],[28.17726,41.41327],[28.17596,41.41316],[28.17404,41.41245],[28.17026,41.41332],[28.16737,41.41435],[28.16345,41.41401],[28.16128,41.41404],[28.15058,41.41591],[28.14493,41.41681],[28.13549,41.41816],[28.13371,41.41861],[28.12189,41.425],[28.1114,41.43014]]]},"properties":{"id":9619874,"name":"Atatürk Mahallesi","district_id":1275389}},{"type":"Feature","geometry":{"type":"Polygon","coordinates":[[[28.55974,41.31628],[28.55727,41.30937],[28.55798,41.30602],[28.55715,41.3047],[28.55612,41.30179],[28.55618,41.29942],[28.55685,41.29643],[28.55672,41.29507],[28.55564,41.29252],[28.55311,41.28991],[28.55187,41.28696],[28.55276,41.2836],[28.55208,41.28269],[28.55171,41.28091],[28.55219,41.27887],[28.55171,41.27816],[28.54861,41.27767],[28.54753,41.27727],[28.54705,41.27736],[28.54329,41.27651],[28.54336,41.27501],[28.54477,41.27187],[28.54393,41.27032],[28.54508,41.26937],[28.54551,41.267],[28.54553,41.26518],[28.546,41.26456],[28.54766,41.2632],[28.54925,41.26046],[28.55284,41.26019],[28.55574,41.26169],[28.55862,41.26119],[28.55984,41.2619],[28.56201,41.26178],[28.56428,41.2612],[28.56565,41.26033],[28.56845,41.26055],[28.56979,41.25994],[28.57257,41.25962],[28.57432,41.25884],[28.57503,41.25766],[28.5738,41.25589],[28.57415,41.25502],[28.57544,41.25428],[28.57414,41.25306],[28.57505,41.25054],[28.57447,41.24907],[28.57666,41.24813],[28.57686,41.24728],[28.5754,41.2458],[28.57503,41.24375],[28.57533,41.24195],[28.577,41.2403],[28.57724,41.23715],[28.57649,41.23607],[28.57402,41.23457],[28.57716,41.23282],[28.57797,41.23132],[28.57911,41.23035],[28.57922,41.22939],[28.581,41.23024],[28.58081,41.22891],[28.5814,41.22816],[28.58221,41.22477],[28.58299,41.22255],[28.5828,41.21999],[28.58211,41.21757],[28.5833,41.21474],[28.58293,41.2137],[28.58488,41.21067],[28.58572,41.21016],[28.58608,41.2064],[28.58573,41.20507],[28.58846,41.20031],[28.59128,41.19702],[28.5927,41.19428],[28.59439,41.19166],[28.59508,41.19007],[28.5951,41.18503],[28.59457,41.18343],[28.59602,41.18314],[28.59581,41.18178],[28.59785,41.18294],[28.60091,41.18404],[28.60367,41.18444],[28.60503,41.185],[28.60894,41.18553],[28.61133,41.18675],[28.6118,41.18749],[28.61125,41.18844],[28.61396,41.18935],[28.61336,41.1906],[28.61274,41.19446],[28.61274,41.19664],[28.61125,41.19898],[28.60893,41.20125],[28.60964,41.20179],[28.60859,41.20309],[28.60659,41.20972],[28.6071,41.21138],[28.60682,41.21362],[28.60796,41.21406],[28.61138,41.21616],[28.61393,41.21803],[28.61586,41.21832],[28.61714,41.21909],[28.62617,41.22102],[28.62554,41.22352],[28.62473,41.22484],[28.62338,41.23018],[28.62231,41.2332],[28.62068,41.23533],[28.62027,41.23732],[28.61835,41.24015],[28.61808,41.24358],[28.61936,41.24649],[28.61948,41.24775],[28.61875,41.24911],[28.61741,41.25006],[28.61523,41.25348],[28.6122,41.25615],[28.61151,41.25877],[28.61099,41.25944],[28.60798,41.26169],[28.60534,41.26295],[28.60372,41.26429],[28.60391,41.26553],[28.60305,41.26657],[28.60514,41.26944],[28.60623,41.27035],[28.60492,41.27169],[28.6017,41.27381],[28.60012,41.27421],[28.59874,41.27529],[28.59719,41.27587],[28.59359,41.27803],[28.59334,41.27962],[28.59236,41.28064],[28.59223,41.28473],[28.58998,41.28723],[28.58778,41.29041],[28.58673,41.29083],[28.58598,41.29199],[28.58559,41.29423],[28.58505,41.29549],[28.57805,41.29792],[28.57659,41.29782],[28.57278,41.29925],[28.57352,41.30581],[28.57389,41.30915],[28.57003,41.31295],[28.56299,41.31592],[28.55974,41.31628]]]},"properties":{"id":9620132,"name":"Yassıören Mahallesi","district_id":1766093}},{"type":"Feature","geometry":{"type":"Polygon","coordinates":[[[28.62086,41.06683],[28.62515,41.05892],[28.62717,41.05981],[28.63037,41.05948],[28.63222,41.05889],[28.63493,41.05715],[28.63553,41.05642],[28.6369,41.05598],[28.64115,41.05514],[28.64304,41.05389],[28.64632,41.05377],[28.64894,41.0561],[28.64999,41.05784],[28.65287,41.05967],[28.6516,41.06066],[28.65209,41.06282],[28.65033,41.06399],[28.64967,41.0652],[28.65151,41.06575],[28.64809,41.07248],[28.64589,41.07578],[28.64423,41.07775],[28.63546,41.08724],[28.63402,41.08863],[28.63096,41.08571],[28.62929,41.08647],[28.62836,41.08511],[28.62932,41.08402],[28.62672,41.08133],[28.62588,41.07999],[28.62102,41.07012],[28.62053,41.0682],[28.62086,41.06683]]]},"properties":{"id":9620409,"name":"Akçaburgaz Mahallesi","district_id":1766102}},{"type":"Feature","geometry":{"type":"Polygon","coordinates":[[[28.6555,41.06037],[28.663,41.06666],[28.65828,41.07204],[28.65562,41.07444],[28.65563,41.07585],[28.65507,41.07636],[28.65306,41.08003],[28.65279,41.08271],[28.65145,41.08634],[28.6459,41.09169],[28.64441,41.09518],[28.6396,41.09811],[28.63854,41.09811],[28.63924,41.09603],[28.63721,41.09572],[28.63598,41.09494],[28.63516,41.09259],[28.63527,41.09203],[28.63402,41.08863],[28.63546,41.08724],[28.64423,41.07775],[28.64589,41.07578],[28.64809,41.07248],[28.65151,41.06575],[28.65276,41.06352],[28.6555,41.06037]]]},"properties":{"id":9620429,"name":"Orhan Gazi Mahallesi","district_id":1766102}},{"type":"Feature","geometry":{"type":"Polygon","coordinates":[[[28.66651,41.06894],[28.66032,41.07277],[28.65563,41.07585],[28.65562,41.07444],[28.65828,41.07204],[28.663,41.06666],[28.6555,41.06037],[28.65717,41.05898],[28.65998,41.05721],[28.66457,41.05526],[28.6681,41.05435],[28.67031,41.05403],[28.67043,41.05476],[28.67135,41.05701],[28.67127,41.05811],[28.66923,41.061],[28.66867,41.06286],[28.66603,41.06425],[28.66584,41.06598],[28.66651,41.06894]]]},"properties":{"id":9620430,"name":"Koza Mahallesi","district_id":1766102}},{"type":"Feature","geometry":{"type":"Polygon","coordinates":[[[28.62515,41.05892],[28.62769,41.05421],[28.62812,41.05254],[28.62783,41.04466],[28.62676,41.04131],[28.63121,41.04171],[28.6325,41.04135],[28.63677,41.03908],[28.6387,41.03833],[28.64247,41.03744],[28.64402,41.03895],[28.64817,41.03907],[28.64924,41.03951],[28.65171,41.03981],[28.65241,41.04076],[28.65303,41.0436],[28.6525,41.04508],[28.65061,41.04573],[28.65128,41.04907],[28.65299,41.05151],[28.64819,41.05207],[28.64681,41.05282],[28.64632,41.05377],[28.64304,41.05389],[28.64115,41.05514],[28.6369,41.05598],[28.63553,41.05642],[28.63493,41.05715],[28.63222,41.05889],[28.63037,41.05948],[28.62717,41.05981],[28.62515,41.05892]]]},"properties":{"id":9620439,"name":"Osmangazi Mahallesi","district_id":1766102}},{"type":"Feature","geometry":{"type":"Polygon","coordinates":[[[28.69062,41.04307],[28.69074,41.04471],[28.68969,41.04747],[28.68772,41.04705],[28.68589,41.04565],[28.68418,41.04642],[28.67996,41.04577],[28.67927,41.04529],[28.67681,41.04238],[28.67961,41.04285],[28.6818,41.04282],[28.68476,41.04132],[28.6884,41.04029],[28.68942,41.04004],[28.69062,41.04307]]]},"properties":{"id":9620447,"name":"Süleymaniye Mahallesi","district_id":1766102}},{"type":"Feature","geometry":{"type":"Polygon","coordinates":[[[28.6884,41.04029],[28.68476,41.04132],[28.6818,41.04282],[28.67961,41.04285],[28.67681,41.04238],[28.6764,41.04177],[28.67797,41.03885],[28.67997,41.03459],[28.68124,41.03461],[28.68155,41.03554],[28.68315,41.03747],[28.68479,41.03857],[28.6884,41.04029]]]},"properties":{"id":9620448,"name":"Yenikent Mahallesi","district_id":1766102}},{"type":"Feature","geometry":{"type":"Polygon","coordinates":[[[29.21389,41.00845],[29.21864,41.01217],[29.22086,41.01442],[29.22198,41.01627],[29.21972,41.01654],[29.21647,41.01602],[29.21373,41.01603],[29.20703,41.01359],[29.20978,41.0105],[29.21164,41.00985],[29.21389,41.00845]]]},"properties":{"id":9620521,"name":"İnönü Mahallesi","district_id":1276014}},{"type":"Feature","geometry":{"type":"Polygon","coordinates":[[[29.21389,41.00845],[29.21561,41.00702],[29.21669,41.00348],[29.21908,40.99891],[29.22287,41.00072],[29.22375,41.00196],[29.22673,41.00412],[29.22686,41.00551],[29.22774,41.00739],[29.22917,41.00898],[29.21689,41.00822],[29.21389,41.00845]]]},"properties":{"id":9620523,"name":"Kemal Türkler Mahallesi","district_id":1276014}},{"type":"Feature","geometry":{"type":"Polygon","coordinates":[[[29.24047,41.0464],[29.24035,41.0452],[29.23965,41.04431],[29.23829,41.04479],[29.23748,41.04289],[29.23606,41.04098],[29.23506,41.04057],[29.23385,41.03673],[29.23254,41.03611],[29.23394,41.03438],[29.23385,41.03219],[29.23507,41.02947],[29.23572,41.02931],[29.2366,41.02712],[29.23989,41.02548],[29.24283,41.02555],[29.24229,41.02387],[29.24284,41.02194],[29.24599,41.02182],[29.24581,41.02313],[29.24774,41.02391],[29.24911,41.02351],[29.24986,41.02492],[29.25154,41.02543],[29.2512,41.02657],[29.25007,41.02815],[29.2581,41.02781],[29.25806,41.02982],[29.25751,41.03162],[29.25578,41.03337],[29.2568,41.03407],[29.25514,41.03542],[29.25365,41.03545],[29.25469,41.03773],[29.25591,41.0392],[29.25605,41.04075],[29.25527,41.04141],[29.25694,41.04245],[29.25692,41.04415],[29.25468,41.04477],[29.25248,41.0468],[29.25204,41.0461],[29.24919,41.04674],[29.24706,41.0477],[29.24415,41.04833],[29.24119,41.04751],[29.24047,41.0464]]]},"properties":{"id":9620544,"name":"Ekşioğlu Mahallesi","district_id":1276034}},{"type":"Feature","geometry":{"type":"Polygon","coordinates":[[[29.23528,41.01688],[29.22951,41.01633],[29.22198,41.01627],[29.22086,41.01442],[29.21864,41.01217],[29.21389,41.00845],[29.21689,41.00822],[29.22917,41.00898],[29.2313,41.01265],[29.23287,41.01413],[29.23491,41.01538],[29.23528,41.01688]]]},"properties":{"id":9623005,"name":"Atatürk Mahallesi","district_id":1276014}},{"type":"Feature","geometry":{"type":"Polygon","coordinates":[[[29.19279,40.99247],[29.19334,40.98959],[29.19262,40.98897],[29.19394,40.98833],[29.19911,40.98492],[29.20351,40.98317],[29.20104,40.98199],[29.19986,40.98205],[29.19796,40.98125],[29.19915,40.97974],[29.19898,40.97794],[29.1994,40.97435],[29.20144,40.97531],[29.20259,40.97619],[29.20323,40.97539],[29.20481,40.97616],[29.2061,40.97517],[29.20525,40.97364],[29.20829,40.97416],[29.21228,40.97593],[29.21405,40.97419],[29.2136,40.97343],[29.21521,40.97428],[29.21934,40.97527],[29.22221,40.97469],[29.22376,40.97654],[29.22543,40.97606],[29.22629,40.97714],[29.2286,40.97659],[29.23305,40.97593],[29.23885,40.9758],[29.23771,40.97806],[29.23603,40.97944],[29.23398,40.98063],[29.23186,40.98149],[29.23136,40.98352],[29.22955,40.98535],[29.22746,40.98612],[29.22602,40.98746],[29.22539,40.98918],[29.22304,40.992],[29.22078,40.99589],[29.2195,40.99758],[29.21908,40.99891],[29.2162,40.99989],[29.21359,40.99992],[29.21039,40.99926],[29.20904,40.99814],[29.20907,40.99758],[29.20585,40.99704],[29.20315,40.99486],[29.20161,40.9921],[29.20131,40.99083],[29.19661,40.99227],[29.19279,40.99247]]]},"properties":{"id":9623018,"name":"Eyüp Sultan Mahallesi","district_id":1276014}},{"type":"Feature","geometry":{"type":"Polygon","coordinates":[[[29.23885,40.9758],[29.24441,40.97572],[29.2477,40.97515],[29.25042,40.97424],[29.25207,40.9766],[29.25175,40.97934],[29.25301,40.98158],[29.25437,40.98527],[29.25444,40.98788],[29.2548,40.98844],[29.25453,40.99033],[29.25729,40.99364],[29.25781,40.99454],[29.25825,40.99697],[29.2595,40.99937],[29.25983,41.00137],[29.25947,41.00263],[29.2604,41.00353],[29.25871,41.00305],[29.2577,41.0015],[29.25698,41.00061],[29.24889,40.9956],[29.2454,40.99395],[29.23937,40.99066],[29.23786,40.98961],[29.23275,40.98799],[29.23223,40.98703],[29.22955,40.98535],[29.23136,40.98352],[29.23186,40.98149],[29.23398,40.98063],[29.23603,40.97944],[29.23771,40.97806],[29.23885,40.9758]]]},"properties":{"id":9623052,"name":"Osmangazi Mahallesi","district_id":1276014}},{"type":"Feature","geometry":{"type":"Polygon","coordinates":[[[29.23783,41.02077],[29.23689,41.01869],[29.23685,41.0168],[29.23528,41.01688],[29.23491,41.01538],[29.23287,41.01413],[29.2313,41.01265],[29.22917,41.00898],[29.23139,41.00899],[29.2409,41.00813],[29.24159,41.0091],[29.24336,41.01059],[29.245,41.01243],[29.24572,41.01402],[29.24335,41.01537],[29.24043,41.018],[29.23959,41.02147],[29.23783,41.02077]]]},"properties":{"id":9623060,"name":"Yenidoğan Mahallesi","district_id":1276014}},{"type":"Feature","geometry":{"type":"Polygon","coordinates":[[[29.25446,41.01345],[29.25463,41.01475],[29.25532,41.0153],[29.26108,41.01748],[29.26372,41.01724],[29.26356,41.01801],[29.26191,41.01996],[29.25912,41.0214],[29.25637,41.02148],[29.25025,41.02123],[29.24686,41.01948],[29.24599,41.02182],[29.24284,41.02194],[29.23959,41.02147],[29.24043,41.018],[29.24335,41.01537],[29.24572,41.01402],[29.24637,41.01441],[29.24797,41.01381],[29.25028,41.0145],[29.25324,41.01437],[29.25446,41.01345]]]},"properties":{"id":9623078,"name":"Yunus Emre Mahallesi","district_id":1276014}},{"type":"Feature","geometry":{"type":"Polygon","coordinates":[[[29.26372,41.01724],[29.26409,41.01491],[29.26541,41.01545],[29.26918,41.01615],[29.27289,41.01385],[29.27237,41.01622],[29.27135,41.02335],[29.27153,41.02417],[29.27355,41.02735],[29.27383,41.02916],[29.27309,41.03109],[29.27347,41.0327],[29.27417,41.03382],[29.27399,41.03492],[29.27227,41.03643],[29.26847,41.03223],[29.26531,41.02982],[29.26421,41.02922],[29.25938,41.02786],[29.2581,41.02781],[29.25007,41.02815],[29.2512,41.02657],[29.25154,41.02543],[29.24986,41.02492],[29.24911,41.02351],[29.24774,41.02391],[29.24581,41.02313],[29.24599,41.02182],[29.24686,41.01948],[29.25025,41.02123],[29.25637,41.02148],[29.25912,41.0214],[29.26191,41.01996],[29.26356,41.01801],[29.26372,41.01724]]]},"properties":{"id":9623096,"name":"Hilal Mahallesi","district_id":1276014}},{"type":"Feature","geometry":{"type":"Polygon","coordinates":[[[29.2409,41.00813],[29.25551,41.00535],[29.25662,41.00639],[29.25753,41.00873],[29.25495,41.00882],[29.25507,41.01018],[29.25412,41.01165],[29.25446,41.01345],[29.25324,41.01437],[29.25028,41.0145],[29.24797,41.01381],[29.24637,41.01441],[29.24572,41.01402],[29.245,41.01243],[29.24336,41.01059],[29.24159,41.0091],[29.2409,41.00813]]]},"properties":{"id":9623102,"name":"Safa Mahallesi","district_id":1276014}},{"type":"Feature","geometry":{"type":"Polygon","coordinates":[[[29.26102,41.00403],[29.26211,41.00479],[29.2641,41.00659],[29.26574,41.00863],[29.26684,41.00936],[29.26998,41.0104],[29.27369,41.01201],[29.27289,41.01385],[29.26918,41.01615],[29.26541,41.01545],[29.26409,41.01491],[29.26372,41.01724],[29.26108,41.01748],[29.25532,41.0153],[29.25463,41.01475],[29.25446,41.01345],[29.25412,41.01165],[29.25507,41.01018],[29.25495,41.00882],[29.25753,41.00873],[29.25662,41.00639],[29.25551,41.00535],[29.25946,41.00415],[29.26102,41.00403]]]},"properties":{"id":9623105,"name":"Mevlana Mahallesi","district_id":1276014}},{"type":"Feature","geometry":{"type":"Polygon","coordinates":[[[29.21908,40.99891],[29.2195,40.99758],[29.22078,40.99589],[29.22304,40.992],[29.22539,40.98918],[29.22602,40.98746],[29.22746,40.98612],[29.22955,40.98535],[29.23223,40.98703],[29.23275,40.98799],[29.23786,40.98961],[29.23937,40.99066],[29.2454,40.99395],[29.24889,40.9956],[29.25698,41.00061],[29.2577,41.0015],[29.25499,41.00171],[29.25076,41.00114],[29.24869,41.00001],[29.24572,41.00104],[29.2433,41.00349],[29.24345,41.00485],[29.24146,41.00401],[29.23923,41.00398],[29.23649,41.00494],[29.2333,41.00687],[29.22917,41.00898],[29.22774,41.00739],[29.22686,41.00551],[29.22673,41.00412],[29.22375,41.00196],[29.22287,41.00072],[29.21908,40.99891]]]},"properties":{"id":9623145,"name":"Abdurrahmangazi Mahallesi","district_id":1276014}},{"type":"Feature","geometry":{"type":"Polygon","coordinates":[[[29.26102,41.00403],[29.25946,41.00415],[29.25551,41.00535],[29.2409,41.00813],[29.23139,41.00899],[29.22917,41.00898],[29.2333,41.00687],[29.23649,41.00494],[29.23923,41.00398],[29.24146,41.00401],[29.24345,41.00485],[29.2433,41.00349],[29.24572,41.00104],[29.24869,41.00001],[29.25076,41.00114],[29.25499,41.00171],[29.2577,41.0015],[29.25871,41.00305],[29.2604,41.00353],[29.26102,41.00403]]]},"properties":{"id":9623146,"name":"Merve Mahallesi","district_id":1276014}},{"type":"Feature","geometry":{"type":"Polygon","coordinates":[[[28.61274,41.11939],[28.61557,41.11912],[28.61999,41.11962],[28.62233,41.11954],[28.62282,41.12148],[28.62446,41.12117],[28.62569,41.12156],[28.62475,41.12587],[28.62375,41.13302],[28.62371,41.13539],[28.62289,41.14045],[28.62234,41.14367],[28.62066,41.14362],[28.61958,41.14494],[28.61805,41.14451],[28.61732,41.14513],[28.61738,41.14635],[28.61647,41.1465],[28.61176,41.14639],[28.61009,41.14599],[28.60864,41.14769],[28.60706,41.14743],[28.60498,41.14849],[28.60422,41.14946],[28.60272,41.14992],[28.60107,41.14963],[28.59977,41.14885],[28.59581,41.14895],[28.59531,41.15289],[28.59484,41.1539],[28.592,41.15611],[28.59147,41.15549],[28.58939,41.15616],[28.5896,41.15692],[28.58737,41.15705],[28.58332,41.15809],[28.58193,41.15478],[28.57988,41.15181],[28.57665,41.14891],[28.57589,41.14774],[28.57488,41.14748],[28.57255,41.14563],[28.57073,41.14296],[28.56969,41.14224],[28.56779,41.1402],[28.56957,41.13778],[28.57051,41.13694],[28.57147,41.13484],[28.57204,41.13273],[28.57276,41.13163],[28.57311,41.12983],[28.5744,41.12845],[28.57397,41.12731],[28.5716,41.12617],[28.56953,41.12386],[28.56638,41.12206],[28.56457,41.11993],[28.56255,41.11799],[28.56245,41.11556],[28.56529,41.11476],[28.56636,41.1153],[28.56735,41.11693],[28.56868,41.11798],[28.57046,41.1178],[28.57088,41.11875],[28.57228,41.11926],[28.57462,41.12233],[28.57677,41.12396],[28.57677,41.12477],[28.57787,41.12634],[28.57885,41.12659],[28.5813,41.12817],[28.5851,41.12806],[28.58754,41.12824],[28.59004,41.12647],[28.59099,41.12893],[28.59167,41.12963],[28.59325,41.12872],[28.59395,41.12734],[28.59392,41.12626],[28.59511,41.12431],[28.59456,41.12286],[28.59698,41.12167],[28.59724,41.12033],[28.59941,41.1205],[28.6034,41.11898],[28.60298,41.11844],[28.60246,41.11603],[28.60267,41.11458],[28.6038,41.11264],[28.60469,41.11285],[28.60716,41.11211],[28.6074,41.11375],[28.60849,41.11588],[28.61081,41.11854],[28.61274,41.11939]]]},"properties":{"id":9623215,"name":"Yeşilbayır Mahallesi","district_id":1766093}},{"type":"Feature","geometry":{"type":"Polygon","coordinates":[[[28.62379,41.03293],[28.62582,41.02959],[28.62549,41.02503],[28.62666,41.02268],[28.63065,41.01962],[28.63322,41.01858],[28.63392,41.01831],[28.63498,41.02043],[28.63865,41.026],[28.63912,41.02874],[28.63965,41.02988],[28.63743,41.03046],[28.63614,41.03138],[28.63325,41.03072],[28.63205,41.02996],[28.6288,41.03015],[28.62638,41.03006],[28.62541,41.03242],[28.62379,41.03293]]]},"properties":{"id":9642513,"name":"Gökevler Mahallesi","district_id":1766102}},{"type":"Feature","geometry":{"type":"Polygon","coordinates":[[[28.63965,41.02988],[28.6404,41.03244],[28.6419,41.03443],[28.64632,41.03536],[28.64497,41.03585],[28.64247,41.03744],[28.6387,41.03833],[28.63677,41.03908],[28.6325,41.04135],[28.63121,41.04171],[28.62676,41.04131],[28.62593,41.03936],[28.62356,41.03572],[28.62343,41.03402],[28.62379,41.03293],[28.62541,41.03242],[28.62638,41.03006],[28.6288,41.03015],[28.63205,41.02996],[28.63325,41.03072],[28.63614,41.03138],[28.63743,41.03046],[28.63965,41.02988]]]},"properties":{"id":9642514,"name":"Atatürk Mahallesi","district_id":1766102}},{"type":"Feature","geometry":{"type":"Polygon","coordinates":[[[28.69266,41.02936],[28.69217,41.02851],[28.69234,41.02651],[28.69201,41.02503],[28.69073,41.02441],[28.6907,41.02336],[28.6948,41.02408],[28.69769,41.0231],[28.69995,41.02584],[28.70166,41.02734],[28.70186,41.02876],[28.69722,41.02925],[28.69635,41.03142],[28.69362,41.03019],[28.69266,41.02936]]]},"properties":{"id":9642530,"name":"Yunus Emre Mahallesi","district_id":1766102}},{"type":"Feature","geometry":{"type":"Polygon","coordinates":[[[28.69004,41.01702],[28.69022,41.01825],[28.69472,41.01908],[28.69624,41.01976],[28.69769,41.0231],[28.6948,41.02408],[28.6907,41.02336],[28.68897,41.02276],[28.68741,41.02129],[28.69004,41.01702]]]},"properties":{"id":9642531,"name":"İncirtepe Mahallesi","district_id":1766102}},{"type":"Feature","geometry":{"type":"Polygon","coordinates":[[[28.68015,41.03428],[28.68199,41.03124],[28.68432,41.02675],[28.68557,41.02815],[28.68666,41.03052],[28.68691,41.03338],[28.68743,41.03546],[28.68942,41.04004],[28.6884,41.04029],[28.68479,41.03857],[28.68315,41.03747],[28.68155,41.03554],[28.68124,41.03461],[28.67997,41.03459],[28.68015,41.03428]]]},"properties":{"id":9642576,"name":"Sultaniye Mahallesi","district_id":1766102}},{"type":"Feature","geometry":{"type":"Polygon","coordinates":[[[28.69062,41.04307],[28.68942,41.04004],[28.68743,41.03546],[28.68691,41.03338],[28.68727,41.03183],[28.68945,41.03067],[28.69171,41.03041],[28.69266,41.02936],[28.69362,41.03019],[28.69635,41.03142],[28.69107,41.03175],[28.69105,41.03458],[28.6906,41.03633],[28.69178,41.03663],[28.69489,41.03917],[28.69704,41.04141],[28.69286,41.04225],[28.69062,41.04307]]]},"properties":{"id":9642577,"name":"Balıkyolu Mahallesi","district_id":1766102}},{"type":"Feature","geometry":{"type":"Polygon","coordinates":[[[28.68691,41.03338],[28.68666,41.03052],[28.68557,41.02815],[28.68432,41.02675],[28.68741,41.02129],[28.68897,41.02276],[28.6907,41.02336],[28.69073,41.02441],[28.69201,41.02503],[28.69234,41.02651],[28.69217,41.02851],[28.69266,41.02936],[28.69171,41.03041],[28.68945,41.03067],[28.68727,41.03183],[28.68691,41.03338]]]},"properties":{"id":9642578,"name":"İnönü Mahallesi","district_id":1766102}},{"type":"Feature","geometry":{"type":"Polygon","coordinates":[[[28.69004,41.01702],[28.68741,41.02129],[28.68432,41.02675],[28.68272,41.02529],[28.68111,41.02308],[28.68054,41.02147],[28.67914,41.01648],[28.67865,41.01258],[28.67794,41.00582],[28.68182,41.00555],[28.6819,41.00741],[28.68674,41.00851],[28.69227,41.01006],[28.69002,41.01532],[28.69303,41.01422],[28.69004,41.01702]]]},"properties":{"id":9642609,"name":"Zafer Mahallesi","district_id":1766102}},{"type":"Feature","geometry":{"type":"Polygon","coordinates":[[[28.68552,41.00411],[28.69002,41.00549],[28.68988,41.00606],[28.69252,41.00715],[28.69703,41.01232],[28.69675,41.01245],[28.69303,41.01422],[28.69002,41.01532],[28.69227,41.01006],[28.68674,41.00851],[28.6819,41.00741],[28.68182,41.00555],[28.68391,41.00494],[28.68552,41.00411]]]},"properties":{"id":9642610,"name":"Namık Kemal Mahallesi","district_id":1766102}},{"type":"Feature","geometry":{"type":"Polygon","coordinates":[[[28.68773,41.00229],[28.69016,41.00052],[28.69302,40.9997],[28.69734,40.99979],[28.69882,41.00027],[28.69949,41.00501],[28.6992,41.00573],[28.69769,41.00551],[28.69607,41.00605],[28.69396,41.00612],[28.69252,41.00715],[28.68988,41.00606],[28.69002,41.00549],[28.68552,41.00411],[28.68773,41.00229]]]},"properties":{"id":9642611,"name":"Turgut Özal Mahallesi","district_id":1766102}},{"type":"Feature","geometry":{"type":"Polygon","coordinates":[[[28.69252,41.00715],[28.69396,41.00612],[28.69607,41.00605],[28.69769,41.00551],[28.6992,41.00573],[28.69979,41.00602],[28.7019,41.00941],[28.69999,41.0108],[28.69703,41.01232],[28.69252,41.00715]]]},"properties":{"id":9642612,"name":"Saadetdere Mahallesi","district_id":1766102}},{"type":"Feature","geometry":{"type":"Polygon","coordinates":[[[28.66427,41.04429],[28.66699,41.04128],[28.66949,41.04316],[28.6715,41.04272],[28.67376,41.0401],[28.6764,41.04177],[28.67571,41.04316],[28.67303,41.05026],[28.67026,41.04754],[28.66785,41.04573],[28.66427,41.04429]]]},"properties":{"id":9642644,"name":"Örnek Mahallesi","district_id":1766102}},{"type":"Feature","geometry":{"type":"Polygon","coordinates":[[[28.67376,41.0401],[28.6715,41.04272],[28.66949,41.04316],[28.66699,41.04128],[28.66427,41.04429],[28.66218,41.04295],[28.66042,41.04138],[28.66247,41.03932],[28.66592,41.03717],[28.66864,41.03648],[28.66911,41.03641],[28.67192,41.03939],[28.67376,41.0401]]]},"properties":{"id":9642645,"name":"Çınar Mahallesi","district_id":1766102}},{"type":"Feature","geometry":{"type":"Polygon","coordinates":[[[28.6555,41.06037],[28.65276,41.06352],[28.65151,41.06575],[28.64967,41.0652],[28.65033,41.06399],[28.65209,41.06282],[28.6516,41.06066],[28.65287,41.05967],[28.64999,41.05784],[28.64894,41.0561],[28.64632,41.05377],[28.64681,41.05282],[28.64819,41.05207],[28.65299,41.05151],[28.65128,41.04907],[28.65061,41.04573],[28.6525,41.04508],[28.6552,41.04479],[28.65758,41.04574],[28.65762,41.04408],[28.65889,41.04055],[28.66042,41.04138],[28.66218,41.04295],[28.66427,41.04429],[28.66785,41.04573],[28.67026,41.04754],[28.67303,41.05026],[28.67078,41.05222],[28.67031,41.05403],[28.6681,41.05435],[28.66457,41.05526],[28.65998,41.05721],[28.65717,41.05898],[28.6555,41.06037]]]},"properties":{"id":9642646,"name":"Selahaddin Eyyubi Mahallesi","district_id":1766102}},{"type":"Feature","geometry":{"type":"Polygon","coordinates":[[[28.66344,41.01309],[28.66158,41.01424],[28.66044,41.01515],[28.65897,41.01572],[28.65822,41.01663],[28.65616,41.01622],[28.65312,41.0162],[28.64957,41.01576],[28.64457,41.01427],[28.65105,41.0118],[28.65912,41.00879],[28.66408,41.00693],[28.66344,41.01309]]]},"properties":{"id":9642748,"name":"Mevlana Mahallesi","district_id":1766102}},{"type":"Feature","geometry":{"type":"Polygon","coordinates":[[[28.64457,41.01427],[28.64957,41.01576],[28.65312,41.0162],[28.65616,41.01622],[28.65822,41.01663],[28.6561,41.01903],[28.65506,41.02014],[28.65336,41.01914],[28.65109,41.01879],[28.64657,41.01862],[28.64597,41.01662],[28.64418,41.01442],[28.64457,41.01427]]]},"properties":{"id":9642749,"name":"Cumhuriyet Mahallesi","district_id":1766102}},{"type":"Feature","geometry":{"type":"Polygon","coordinates":[[[28.65506,41.02014],[28.65426,41.02312],[28.65417,41.02575],[28.65334,41.02726],[28.65046,41.02715],[28.64771,41.02785],[28.64509,41.02916],[28.6445,41.02798],[28.6448,41.02522],[28.64469,41.02292],[28.64648,41.01949],[28.64657,41.01862],[28.65109,41.01879],[28.65336,41.01914],[28.65506,41.02014]]]},"properties":{"id":9642750,"name":"Piri Reis Mahallesi","district_id":1766102}},{"type":"Feature","geometry":{"type":"Polygon","coordinates":[[[28.64509,41.02916],[28.64334,41.02965],[28.63965,41.02988],[28.63912,41.02874],[28.63865,41.026],[28.63498,41.02043],[28.63392,41.01831],[28.64418,41.01442],[28.64597,41.01662],[28.64657,41.01862],[28.64648,41.01949],[28.64469,41.02292],[28.6448,41.02522],[28.6445,41.02798],[28.64509,41.02916]]]},"properties":{"id":9642751,"name":"Barbaros Hayrettin Paşa Mahallesi","district_id":1766102}},{"type":"Feature","geometry":{"type":"Polygon","coordinates":[[[28.67865,41.01258],[28.67531,41.014],[28.67289,41.01357],[28.67029,41.01366],[28.66856,41.01261],[28.66592,41.01276],[28.66495,41.01235],[28.66344,41.01309],[28.66408,41.00693],[28.66574,41.00645],[28.66917,41.00603],[28.67794,41.00582],[28.67865,41.01258]]]},"properties":{"id":9642765,"name":"Güzelyurt Mahallesi","district_id":1766102}},{"type":"Feature","geometry":{"type":"Polygon","coordinates":[[[28.66864,41.03648],[28.66592,41.03717],[28.66247,41.03932],[28.66042,41.04138],[28.65889,41.04055],[28.65966,41.03728],[28.66104,41.03483],[28.66204,41.03423],[28.6625,41.03291],[28.6635,41.03269],[28.66525,41.03158],[28.66523,41.03073],[28.66683,41.02859],[28.66814,41.02959],[28.67125,41.0304],[28.67421,41.03162],[28.67289,41.03355],[28.66957,41.03341],[28.66868,41.03503],[28.66864,41.03648]]]},"properties":{"id":9642812,"name":"Pınar Mahallesi","district_id":1766102}},{"type":"Feature","geometry":{"type":"Polygon","coordinates":[[[28.6525,41.04508],[28.65303,41.0436],[28.65241,41.04076],[28.65171,41.03981],[28.65273,41.03935],[28.65612,41.03652],[28.66159,41.03191],[28.6625,41.03291],[28.66204,41.03423],[28.66104,41.03483],[28.65966,41.03728],[28.65889,41.04055],[28.65762,41.04408],[28.65758,41.04574],[28.6552,41.04479],[28.6525,41.04508]]]},"properties":{"id":9642813,"name":"Battalgazi Mahallesi","district_id":1766102}},{"type":"Feature","geometry":{"type":"Polygon","coordinates":[[[28.66159,41.03191],[28.65612,41.03652],[28.6541,41.03623],[28.65179,41.0354],[28.65107,41.0338],[28.65382,41.03249],[28.65528,41.03207],[28.65815,41.03187],[28.66047,41.03076],[28.66159,41.03191]]]},"properties":{"id":9642814,"name":"Şehitler Mahallesi","district_id":1766102}},{"type":"Feature","geometry":{"type":"Polygon","coordinates":[[[28.66047,41.03076],[28.65815,41.03187],[28.65528,41.03207],[28.65382,41.03249],[28.65107,41.0338],[28.64868,41.03383],[28.64745,41.03433],[28.64798,41.03299],[28.64952,41.03117],[28.65029,41.03122],[28.65097,41.02969],[28.65331,41.02785],[28.65393,41.02849],[28.66047,41.03076]]]},"properties":{"id":9642815,"name":"Necip Fazıl Kısakürek Mahallesi","district_id":1766102}},{"type":"Feature","geometry":{"type":"Polygon","coordinates":[[[28.64509,41.02916],[28.64771,41.02785],[28.65046,41.02715],[28.65334,41.02726],[28.65331,41.02785],[28.65097,41.02969],[28.65029,41.03122],[28.64952,41.03117],[28.64798,41.03299],[28.64745,41.03433],[28.64632,41.03536],[28.6419,41.03443],[28.6404,41.03244],[28.63965,41.02988],[28.64334,41.02965],[28.64509,41.02916]]]},"properties":{"id":9642816,"name":"Hürriyet Mahallesi","district_id":1766102}},{"type":"Feature","geometry":{"type":"Polygon","coordinates":[[[28.65612,41.03652],[28.65273,41.03935],[28.65171,41.03981],[28.64924,41.03951],[28.64817,41.03907],[28.64402,41.03895],[28.64247,41.03744],[28.64497,41.03585],[28.64632,41.03536],[28.64745,41.03433],[28.64868,41.03383],[28.65107,41.0338],[28.65179,41.0354],[28.6541,41.03623],[28.65612,41.03652]]]},"properties":{"id":9642817,"name":"İstiklal Mahallesi","district_id":1766102}},{"type":"Feature","geometry":{"type":"Polygon","coordinates":[[[28.66725,41.02536],[28.6661,41.02409],[28.66482,41.02378],[28.66478,41.02258],[28.66084,41.0219],[28.65856,41.02006],[28.6561,41.01903],[28.65822,41.01663],[28.65897,41.01572],[28.66044,41.01515],[28.66158,41.01424],[28.66498,41.01788],[28.66646,41.01893],[28.6681,41.01936],[28.66976,41.02025],[28.66725,41.02536]]]},"properties":{"id":9642893,"name":"Mehterçeşme Mahallesi","district_id":1766102}},{"type":"Feature","geometry":{"type":"Polygon","coordinates":[[[28.66683,41.02859],[28.66523,41.03073],[28.66525,41.03158],[28.6635,41.03269],[28.6625,41.03291],[28.66159,41.03191],[28.66047,41.03076],[28.65393,41.02849],[28.65331,41.02785],[28.65334,41.02726],[28.65417,41.02575],[28.65426,41.02312],[28.65506,41.02014],[28.6561,41.01903],[28.65856,41.02006],[28.66084,41.0219],[28.66478,41.02258],[28.66482,41.02378],[28.6661,41.02409],[28.66725,41.02536],[28.66866,41.02596],[28.66683,41.02859]]]},"properties":{"id":9642894,"name":"Yeşilkent Mahallesi","district_id":1766102}},{"type":"Feature","geometry":{"type":"Polygon","coordinates":[[[28.67997,41.03459],[28.67797,41.03885],[28.6764,41.04177],[28.67376,41.0401],[28.67192,41.03939],[28.66911,41.03641],[28.66864,41.03648],[28.66868,41.03503],[28.66957,41.03341],[28.67289,41.03355],[28.67421,41.03162],[28.67741,41.03372],[28.68015,41.03428],[28.67997,41.03459]]]},"properties":{"id":9642964,"name":"Merkez Mahallesi","district_id":1766102}},{"type":"Feature","geometry":{"type":"Polygon","coordinates":[[[28.68054,41.02147],[28.68111,41.02308],[28.68272,41.02529],[28.68432,41.02675],[28.68199,41.03124],[28.68111,41.02999],[28.67717,41.0286],[28.67597,41.0279],[28.67548,41.02477],[28.67729,41.02343],[28.68054,41.02147]]]},"properties":{"id":9642965,"name":"Üçevler Mahallesi","district_id":1766102}},{"type":"Feature","geometry":{"type":"Polygon","coordinates":[[[28.68015,41.03428],[28.67741,41.03372],[28.67421,41.03162],[28.67125,41.0304],[28.66814,41.02959],[28.66683,41.02859],[28.67026,41.02745],[28.6716,41.02727],[28.67413,41.02542],[28.67548,41.02477],[28.67597,41.0279],[28.67717,41.0286],[28.68111,41.02999],[28.68199,41.03124],[28.68015,41.03428]]]},"properties":{"id":9642966,"name":"Fatih Mahallesi","district_id":1766102}},{"type":"Feature","geometry":{"type":"Polygon","coordinates":[[[28.67729,41.02343],[28.67548,41.02477],[28.67413,41.02542],[28.6716,41.02727],[28.67026,41.02745],[28.66683,41.02859],[28.66866,41.02596],[28.66725,41.02536],[28.66976,41.02025],[28.67098,41.0185],[28.67729,41.02343]]]},"properties":{"id":9642967,"name":"Talatpaşa Mahallesi","district_id":1766102}},{"type":"Feature","geometry":{"type":"Polygon","coordinates":[[[28.67729,41.02343],[28.67098,41.0185],[28.67217,41.01776],[28.67229,41.01693],[28.67531,41.014],[28.67865,41.01258],[28.67914,41.01648],[28.68054,41.02147],[28.67729,41.02343]]]},"properties":{"id":9642968,"name":"Akevler Mahallesi 7 sokak","district_id":1766102}},{"type":"Feature","geometry":{"type":"Polygon","coordinates":[[[28.67098,41.0185],[28.66976,41.02025],[28.6681,41.01936],[28.66646,41.01893],[28.66498,41.01788],[28.66158,41.01424],[28.66344,41.01309],[28.66495,41.01235],[28.66592,41.01276],[28.66856,41.01261],[28.67029,41.01366],[28.67289,41.01357],[28.67531,41.014],[28.67229,41.01693],[28.67217,41.01776],[28.67098,41.0185]]]},"properties":{"id":9642969,"name":"Mehmet Akif Ersoy Mahallesi","district_id":1766102}},{"type":"Feature","geometry":{"type":"Polygon","coordinates":[[[28.35592,41.1224],[28.35379,41.12104],[28.35089,41.11949],[28.35147,41.11678],[28.34974,41.11502],[28.34991,41.11457],[28.34845,41.11305],[28.34859,41.11232],[28.34762,41.10901],[28.34791,41.10599],[28.34833,41.10562],[28.349,41.10312],[28.35036,41.09993],[28.35172,41.09876],[28.35151,41.09811],[28.35315,41.09491],[28.35238,41.09417],[28.34969,41.09389],[28.34941,41.09201],[28.35113,41.09174],[28.35007,41.08776],[28.35016,41.08608],[28.35251,41.08562],[28.35335,41.08491],[28.35634,41.0845],[28.35603,41.0829],[28.35824,41.08138],[28.36289,41.08058],[28.36557,41.08064],[28.36582,41.07887],[28.36782,41.07899],[28.36846,41.07857],[28.37227,41.07798],[28.37311,41.07811],[28.37617,41.07722],[28.37708,41.07824],[28.37886,41.07747],[28.37997,41.07841],[28.38083,41.07799],[28.38316,41.08047],[28.38498,41.08158],[28.38902,41.08276],[28.39086,41.08295],[28.39098,41.08709],[28.39245,41.08944],[28.3936,41.09077],[28.39464,41.0926],[28.39545,41.09483],[28.39169,41.09854],[28.39127,41.09965],[28.39097,41.10355],[28.39011,41.10534],[28.3901,41.10722],[28.38764,41.1126],[28.38728,41.11551],[28.38739,41.11726],[28.388,41.12014],[28.38721,41.1246],[28.38343,41.12766],[28.38133,41.12852],[28.37937,41.12692],[28.37694,41.12769],[28.37621,41.12762],[28.37352,41.12632],[28.36974,41.12609],[28.36608,41.12544],[28.36418,41.12541],[28.35974,41.12488],[28.35763,41.12517],[28.35682,41.12298],[28.35592,41.1224]]]},"properties":{"id":9643178,"name":"Ortaköy Mahallesi","district_id":1275379}},{"type":"Feature","geometry":{"type":"Polygon","coordinates":[[[28.33909,41.1183],[28.33438,41.11271],[28.33266,41.09702],[28.33221,41.09592],[28.33493,41.0958],[28.33349,41.09467],[28.3326,41.09218],[28.33194,41.08897],[28.33133,41.08782],[28.33064,41.0851],[28.3308,41.08295],[28.33225,41.08145],[28.33322,41.0799],[28.33401,41.08067],[28.3368,41.0812],[28.34119,41.0816],[28.34394,41.08135],[28.34661,41.08163],[28.34726,41.08285],[28.35242,41.08032],[28.35337,41.08018],[28.35512,41.08268],[28.35603,41.0829],[28.35634,41.0845],[28.35335,41.08491],[28.35251,41.08562],[28.35016,41.08608],[28.35007,41.08776],[28.35113,41.09174],[28.34941,41.09201],[28.34969,41.09389],[28.35238,41.09417],[28.35315,41.09491],[28.35151,41.09811],[28.35172,41.09876],[28.35036,41.09993],[28.349,41.10312],[28.34833,41.10562],[28.34791,41.10599],[28.34762,41.10901],[28.34859,41.11232],[28.34845,41.11305],[28.34991,41.11457],[28.34974,41.11502],[28.35147,41.11678],[28.35089,41.11949],[28.35379,41.12104],[28.35592,41.1224],[28.35277,41.12422],[28.35092,41.12196],[28.34768,41.12014],[28.34251,41.1161],[28.33991,41.11721],[28.33909,41.1183]]]},"properties":{"id":9643188,"name":"Kavaklı Hürriyet Mahallesi","district_id":1275379}},{"type":"Feature","geometry":{"type":"Polygon","coordinates":[[[28.33438,41.11271],[28.33366,41.11394],[28.33133,41.11321],[28.32883,41.11084],[28.32681,41.10974],[28.32313,41.10617],[28.32066,41.10443],[28.31813,41.10315],[28.31677,41.10188],[28.31588,41.10176],[28.31341,41.10039],[28.31172,41.09892],[28.3093,41.09687],[28.30848,41.09667],[28.3016,41.09391],[28.29867,41.09295],[28.30102,41.0894],[28.2978,41.08741],[28.29427,41.08336],[28.29514,41.08211],[28.29869,41.08362],[28.301,41.08435],[28.30169,41.0814],[28.30463,41.08147],[28.30425,41.07998],[28.30648,41.07973],[28.30667,41.07786],[28.30862,41.0778],[28.30855,41.07704],[28.304,41.07405],[28.30308,41.07164],[28.30322,41.06983],[28.30381,41.06913],[28.3053,41.06914],[28.31049,41.06845],[28.30856,41.06661],[28.30669,41.06438],[28.3097,41.06471],[28.31499,41.06285],[28.31891,41.06222],[28.31911,41.0649],[28.32102,41.07187],[28.32214,41.07393],[28.32411,41.07427],[28.32455,41.07658],[28.32555,41.07742],[28.32812,41.07827],[28.33048,41.07955],[28.33322,41.0799],[28.33225,41.08145],[28.3308,41.08295],[28.33064,41.0851],[28.33133,41.08782],[28.33194,41.08897],[28.3326,41.09218],[28.33349,41.09467],[28.33493,41.0958],[28.33221,41.09592],[28.33266,41.09702],[28.33438,41.11271]]]},"properties":{"id":9643199,"name":"Kavaklı İstiklal Mahallesi","district_id":1275379}},{"type":"Feature","geometry":{"type":"Polygon","coordinates":[[[28.30856,41.06661],[28.2676,41.07289],[28.26599,41.07319],[28.26543,41.07269],[28.26272,41.07171],[28.25977,41.07173],[28.25938,41.07057],[28.2582,41.06916],[28.25519,41.0646],[28.25797,41.06383],[28.25998,41.06252],[28.26508,41.06324],[28.26813,41.06295],[28.27186,41.06291],[28.27356,41.06314],[28.27729,41.06285],[28.27905,41.06371],[28.28466,41.06314],[28.29277,41.06202],[28.30294,41.0604],[28.3057,41.06204],[28.30669,41.06438],[28.30856,41.06661]]]},"properties":{"id":9643200,"name":"Cumhuriyet Mahallesi","district_id":1275379}},{"type":"Feature","geometry":{"type":"Polygon","coordinates":[[[28.33438,41.11271],[28.33909,41.1183],[28.34284,41.1226],[28.3442,41.12365],[28.34472,41.12703],[28.34461,41.1288],[28.34036,41.13032],[28.34036,41.13518],[28.34067,41.13813],[28.33972,41.13915],[28.33766,41.14264],[28.33834,41.14382],[28.33894,41.14629],[28.33956,41.14658],[28.34147,41.15018],[28.34138,41.15078],[28.34008,41.15059],[28.33822,41.15096],[28.33683,41.15084],[28.33449,41.15136],[28.33248,41.14971],[28.33269,41.14856],[28.3291,41.14718],[28.32553,41.14601],[28.31988,41.14455],[28.31592,41.14277],[28.31,41.1426],[28.3087,41.1428],[28.30705,41.14062],[28.30398,41.13781],[28.30333,41.13661],[28.30173,41.13503],[28.3007,41.13539],[28.29393,41.13678],[28.289,41.13718],[28.28562,41.13806],[28.28551,41.13749],[28.2827,41.1338],[28.28151,41.13168],[28.28159,41.12939],[28.27966,41.12463],[28.28034,41.12313],[28.28128,41.12275],[28.28457,41.12314],[28.2868,41.12205],[28.28969,41.11872],[28.29161,41.11813],[28.29278,41.11701],[28.29496,41.11415],[28.29106,41.11339],[28.29132,41.11261],[28.29306,41.11082],[28.2898,41.10718],[28.29166,41.10671],[28.29753,41.10879],[28.29813,41.10935],[28.30249,41.10644],[28.30397,41.10575],[28.30623,41.10334],[28.30911,41.10075],[28.31172,41.09892],[28.31341,41.10039],[28.31588,41.10176],[28.31677,41.10188],[28.31813,41.10315],[28.32066,41.10443],[28.32313,41.10617],[28.32681,41.10974],[28.32883,41.11084],[28.33133,41.11321],[28.33366,41.11394],[28.33438,41.11271]]]},"properties":{"id":9643210,"name":"Gazitepe Mahallesi","district_id":1275379}},{"type":"Feature","geometry":{"type":"Polygon","coordinates":[[[28.35592,41.1224],[28.35682,41.12298],[28.35763,41.12517],[28.35974,41.12488],[28.36418,41.12541],[28.36608,41.12544],[28.36974,41.12609],[28.37352,41.12632],[28.37621,41.12762],[28.37694,41.12769],[28.37937,41.12692],[28.38133,41.12852],[28.38152,41.12901],[28.38412,41.12956],[28.38874,41.12994],[28.38861,41.13116],[28.38753,41.13266],[28.3858,41.13762],[28.38425,41.14],[28.38254,41.14207],[28.38281,41.1425],[28.38199,41.14444],[28.38274,41.14539],[28.38337,41.1473],[28.38539,41.1494],[28.38458,41.15059],[28.38292,41.15134],[28.38238,41.15329],[28.38126,41.15511],[28.3816,41.15686],[28.38284,41.15823],[28.38398,41.16043],[28.38344,41.16092],[28.38042,41.16218],[28.37772,41.16377],[28.3762,41.16245],[28.37468,41.16308],[28.37232,41.16308],[28.37082,41.16268],[28.37102,41.16399],[28.37035,41.16616],[28.37068,41.16792],[28.37061,41.16982],[28.36987,41.17236],[28.36936,41.17295],[28.36594,41.17374],[28.36505,41.17429],[28.3656,41.17517],[28.36782,41.17617],[28.36817,41.17723],[28.36933,41.17769],[28.36967,41.17867],[28.37231,41.18298],[28.37208,41.18426],[28.37468,41.18507],[28.3733,41.18771],[28.37155,41.18907],[28.37029,41.18946],[28.36847,41.1891],[28.3664,41.18634],[28.36545,41.18576],[28.3641,41.18331],[28.36302,41.18259],[28.35884,41.18353],[28.35527,41.18285],[28.35383,41.17795],[28.35045,41.1767],[28.34552,41.17449],[28.34168,41.17244],[28.33932,41.17062],[28.34083,41.1678],[28.33571,41.16367],[28.33397,41.1627],[28.33202,41.16114],[28.33777,41.16062],[28.33711,41.15814],[28.34163,41.15749],[28.34547,41.15644],[28.34543,41.15539],[28.3436,41.15299],[28.34138,41.15078],[28.34147,41.15018],[28.33956,41.14658],[28.33894,41.14629],[28.33834,41.14382],[28.33766,41.14264],[28.33972,41.13915],[28.34067,41.13813],[28.34036,41.13518],[28.34036,41.13032],[28.34461,41.1288],[28.34472,41.12703],[28.3442,41.12365],[28.34284,41.1226],[28.33909,41.1183],[28.33991,41.11721],[28.34251,41.1161],[28.34768,41.12014],[28.35092,41.12196],[28.35277,41.12422],[28.35592,41.1224]]]},"properties":{"id":9643220,"name":"Kadıköy Mahallesi","district_id":1275379}},{"type":"Feature","geometry":{"type":"Polygon","coordinates":[[[28.27097,41.12525],[28.26936,41.1257],[28.26875,41.12491],[28.26548,41.12652],[28.26488,41.1265],[28.26356,41.12453],[28.25921,41.12603],[28.25504,41.12611],[28.25383,41.12454],[28.25264,41.12505],[28.25094,41.12229],[28.25025,41.12073],[28.24866,41.11818],[28.2466,41.11759],[28.24655,41.12213],[28.24548,41.12537],[28.24317,41.12576],[28.24349,41.12843],[28.24448,41.12925],[28.24341,41.13084],[28.24284,41.12959],[28.24142,41.12907],[28.23953,41.12938],[28.23691,41.13086],[28.23389,41.13418],[28.23436,41.13553],[28.23212,41.13674],[28.22942,41.13669],[28.22808,41.13588],[28.22738,41.13648],[28.22597,41.13652],[28.22412,41.13369],[28.224,41.13249],[28.2227,41.13083],[28.22034,41.13168],[28.22006,41.13292],[28.21909,41.1315],[28.21702,41.13237],[28.21593,41.13027],[28.21386,41.13129],[28.2109,41.12812],[28.21003,41.12867],[28.20797,41.12705],[28.20542,41.12676],[28.20203,41.12271],[28.1988,41.12069],[28.19556,41.11997],[28.18983,41.11834],[28.18608,41.11624],[28.18497,41.11629],[28.18337,41.11749],[28.18134,41.11801],[28.18112,41.1185],[28.17696,41.12115],[28.17414,41.12243],[28.17192,41.1237],[28.17095,41.12398],[28.17053,41.12503],[28.16743,41.12386],[28.16635,41.12311],[28.16439,41.12252],[28.16369,41.12311],[28.16218,41.12227],[28.16097,41.12078],[28.16004,41.12089],[28.15844,41.11894],[28.15714,41.11824],[28.15727,41.11674],[28.15568,41.1156],[28.15728,41.11348],[28.15643,41.11161],[28.15773,41.11122],[28.15862,41.10835],[28.16038,41.10612],[28.16008,41.1039],[28.15872,41.10447],[28.15748,41.10427],[28.1566,41.10481],[28.1542,41.1053],[28.14986,41.10708],[28.14861,41.10729],[28.14597,41.10703],[28.1424,41.10729],[28.1383,41.10837],[28.13552,41.10799],[28.13698,41.10531],[28.14037,41.10221],[28.14184,41.10104],[28.14457,41.09793],[28.14719,41.09695],[28.14895,41.09696],[28.15011,41.09637],[28.15424,41.09641],[28.15681,41.09611],[28.16105,41.0959],[28.16359,41.09456],[28.16528,41.09262],[28.16726,41.09199],[28.16972,41.0917],[28.17338,41.09241],[28.17794,41.09129],[28.18225,41.08909],[28.18487,41.08701],[28.18871,41.08594],[28.1932,41.08547],[28.19835,41.08565],[28.20813,41.08459],[28.21247,41.08365],[28.21499,41.09036],[28.2174,41.08935],[28.21956,41.08813],[28.22239,41.08576],[28.22477,41.08456],[28.22641,41.08732],[28.22788,41.09244],[28.23055,41.09168],[28.23305,41.09613],[28.23396,41.09633],[28.23609,41.09368],[28.24003,41.09202],[28.24089,41.09488],[28.24152,41.09929],[28.24318,41.10435],[28.24497,41.10493],[28.24791,41.10435],[28.25082,41.10174],[28.25125,41.10033],[28.25382,41.09979],[28.25551,41.09915],[28.25745,41.10219],[28.25872,41.10532],[28.25815,41.10582],[28.25945,41.10855],[28.26027,41.11212],[28.26269,41.11461],[28.26502,41.1164],[28.26957,41.12367],[28.27097,41.12525]]]},"properties":{"id":9643322,"name":"Alipaşa Mahallesi","district_id":1275379}},{"type":"Feature","geometry":{"type":"Polygon","coordinates":[[[28.23957,41.07877],[28.24993,41.07658],[28.26599,41.07319],[28.2676,41.07289],[28.30856,41.06661],[28.31049,41.06845],[28.3053,41.06914],[28.30381,41.06913],[28.30322,41.06983],[28.30308,41.07164],[28.304,41.07405],[28.30855,41.07704],[28.30862,41.0778],[28.30667,41.07786],[28.30648,41.07973],[28.30425,41.07998],[28.30463,41.08147],[28.30169,41.0814],[28.301,41.08435],[28.29869,41.08362],[28.29514,41.08211],[28.29427,41.08336],[28.2978,41.08741],[28.30102,41.0894],[28.29867,41.09295],[28.3016,41.09391],[28.30848,41.09667],[28.3093,41.09687],[28.31172,41.09892],[28.30911,41.10075],[28.30623,41.10334],[28.30397,41.10575],[28.30249,41.10644],[28.29813,41.10935],[28.29753,41.10879],[28.29166,41.10671],[28.2898,41.10718],[28.29306,41.11082],[28.29132,41.11261],[28.29106,41.11339],[28.29496,41.11415],[28.29278,41.11701],[28.29161,41.11813],[28.28969,41.11872],[28.2868,41.12205],[28.28457,41.12314],[28.28128,41.12275],[28.28034,41.12313],[28.27966,41.12463],[28.28159,41.12939],[28.28151,41.13168],[28.2827,41.1338],[28.28551,41.13749],[28.28562,41.13806],[28.28171,41.13881],[28.27879,41.13959],[28.27631,41.1411],[28.27359,41.13914],[28.27045,41.1382],[28.26996,41.13749],[28.26798,41.13626],[28.26722,41.13537],[28.26366,41.13261],[28.26489,41.13176],[28.27329,41.12786],[28.27097,41.12525],[28.26957,41.12367],[28.26502,41.1164],[28.26269,41.11461],[28.26027,41.11212],[28.25945,41.10855],[28.25815,41.10582],[28.25872,41.10532],[28.25745,41.10219],[28.25551,41.09915],[28.25349,41.09627],[28.24919,41.08904],[28.24804,41.08764],[28.24612,41.08592],[28.2412,41.08309],[28.23965,41.08077],[28.23957,41.07877]]]},"properties":{"id":9643323,"name":"Yeni Mahalle","district_id":1275379}},{"type":"Feature","geometry":{"type":"Polygon","coordinates":[[[28.18489,41.07328],[28.18784,41.07279],[28.19301,41.07274],[28.19944,41.0719],[28.20236,41.07109],[28.20465,41.07103],[28.20639,41.0704],[28.21149,41.07041],[28.21379,41.07125],[28.21394,41.0724],[28.21906,41.07683],[28.22199,41.07764],[28.22537,41.07787],[28.23177,41.07772],[28.23227,41.07745],[28.23599,41.0774],[28.23567,41.07789],[28.23326,41.07909],[28.233,41.08015],[28.23957,41.07877],[28.23965,41.08077],[28.2412,41.08309],[28.24612,41.08592],[28.24804,41.08764],[28.24919,41.08904],[28.25349,41.09627],[28.25551,41.09915],[28.25382,41.09979],[28.25125,41.10033],[28.25082,41.10174],[28.24791,41.10435],[28.24497,41.10493],[28.24318,41.10435],[28.24152,41.09929],[28.24089,41.09488],[28.24003,41.09202],[28.23609,41.09368],[28.23396,41.09633],[28.23305,41.09613],[28.23055,41.09168],[28.22788,41.09244],[28.22641,41.08732],[28.22477,41.08456],[28.22239,41.08576],[28.21956,41.08813],[28.2174,41.08935],[28.21499,41.09036],[28.21247,41.08365],[28.20813,41.08459],[28.19835,41.08565],[28.1932,41.08547],[28.18871,41.08594],[28.18865,41.08496],[28.18755,41.08077],[28.18782,41.07866],[28.18627,41.07808],[28.18564,41.0772],[28.1853,41.07376],[28.18489,41.07328]]]},"properties":{"id":9643345,"name":"Mimar Sinan Mahallesi","district_id":1275379}},{"type":"Feature","geometry":{"type":"Polygon","coordinates":[[[28.24993,41.07658],[28.23957,41.07877],[28.233,41.08015],[28.23326,41.07909],[28.23567,41.07789],[28.23599,41.0774],[28.24087,41.07562],[28.24237,41.07477],[28.24309,41.07277],[28.24216,41.07093],[28.24413,41.0697],[28.2471,41.07286],[28.24842,41.07442],[28.24844,41.07506],[28.24993,41.07658]]]},"properties":{"id":9643346,"name":"Piri Mehmet Paşa Mahallesi","district_id":1275379}},{"type":"Feature","geometry":{"type":"Polygon","coordinates":[[[28.2471,41.07286],[28.24996,41.07168],[28.25645,41.06979],[28.2582,41.06916],[28.25938,41.07057],[28.25977,41.07173],[28.26272,41.07171],[28.26543,41.07269],[28.26599,41.07319],[28.24993,41.07658],[28.24844,41.07506],[28.24842,41.07442],[28.2471,41.07286]]]},"properties":{"id":9643347,"name":"Alibey Mahallesi","district_id":1275379}},{"type":"Feature","geometry":{"type":"Polygon","coordinates":[[[28.25519,41.0646],[28.2582,41.06916],[28.25645,41.06979],[28.24996,41.07168],[28.2471,41.07286],[28.24413,41.0697],[28.2467,41.06925],[28.25001,41.06812],[28.25068,41.0674],[28.25519,41.0646]]]},"properties":{"id":9643348,"name":"Fatih Mahallesi","district_id":1275379}},{"type":"Feature","geometry":{"type":"Polygon","coordinates":[[[28.28562,41.13806],[28.289,41.13718],[28.29393,41.13678],[28.2949,41.13789],[28.296,41.14132],[28.29743,41.14405],[28.30169,41.15085],[28.30093,41.15165],[28.30007,41.1567],[28.29115,41.15966],[28.29585,41.17437],[28.29623,41.17501],[28.29021,41.1721],[28.28841,41.17152],[28.28584,41.17164],[28.28161,41.17101],[28.27766,41.17061],[28.27726,41.17031],[28.27248,41.17138],[28.27053,41.17163],[28.26773,41.17162],[28.26192,41.17114],[28.25941,41.17195],[28.25763,41.17319],[28.25605,41.17378],[28.25398,41.17347],[28.25097,41.1735],[28.25158,41.17673],[28.25065,41.17843],[28.25085,41.18052],[28.25032,41.18189],[28.2505,41.18398],[28.24782,41.18465],[28.24669,41.18538],[28.24442,41.1861],[28.2427,41.1891],[28.24076,41.1913],[28.23703,41.19289],[28.23631,41.19366],[28.2323,41.19492],[28.23011,41.19251],[28.22872,41.19148],[28.22769,41.18995],[28.22501,41.18962],[28.22404,41.19179],[28.22325,41.19427],[28.22173,41.19723],[28.2204,41.19689],[28.21903,41.1942],[28.21864,41.19015],[28.21675,41.1873],[28.21585,41.1848],[28.21382,41.18273],[28.21363,41.182],[28.20978,41.17803],[28.20964,41.17486],[28.20996,41.17244],[28.20905,41.17184],[28.20771,41.17214],[28.20654,41.17163],[28.20676,41.17059],[28.20586,41.16866],[28.20387,41.16666],[28.20457,41.16403],[28.20224,41.16279],[28.20255,41.16185],[28.20187,41.15971],[28.20038,41.15701],[28.20131,41.1574],[28.20393,41.15668],[28.20388,41.15471],[28.20321,41.15324],[28.20881,41.14819],[28.22062,41.14656],[28.21984,41.1442],[28.22005,41.14349],[28.22234,41.13981],[28.22038,41.13886],[28.22198,41.13797],[28.22293,41.13689],[28.22006,41.13292],[28.22034,41.13168],[28.2227,41.13083],[28.224,41.13249],[28.22412,41.13369],[28.22597,41.13652],[28.22738,41.13648],[28.22808,41.13588],[28.22942,41.13669],[28.23212,41.13674],[28.23436,41.13553],[28.23389,41.13418],[28.23691,41.13086],[28.23953,41.12938],[28.24142,41.12907],[28.24284,41.12959],[28.24341,41.13084],[28.24448,41.12925],[28.24349,41.12843],[28.24317,41.12576],[28.24548,41.12537],[28.24655,41.12213],[28.2466,41.11759],[28.24866,41.11818],[28.25025,41.12073],[28.25094,41.12229],[28.25264,41.12505],[28.25383,41.12454],[28.25504,41.12611],[28.25921,41.12603],[28.26356,41.12453],[28.26488,41.1265],[28.26548,41.12652],[28.26875,41.12491],[28.26936,41.1257],[28.27097,41.12525],[28.27329,41.12786],[28.26489,41.13176],[28.26366,41.13261],[28.26722,41.13537],[28.26798,41.13626],[28.26996,41.13749],[28.27045,41.1382],[28.27359,41.13914],[28.27631,41.1411],[28.27879,41.13959],[28.28171,41.13881],[28.28562,41.13806]]]},"properties":{"id":9643867,"name":"Fener Mahallesi","district_id":1275379}},{"type":"Feature","geometry":{"type":"Polygon","coordinates":[[[28.18439,41.14951],[28.18738,41.14469],[28.1911,41.14303],[28.19194,41.14163],[28.19135,41.14115],[28.18811,41.14123],[28.18799,41.14041],[28.18696,41.13963],[28.18667,41.13845],[28.18555,41.13677],[28.18431,41.13623],[28.18248,41.13479],[28.18257,41.13391],[28.18141,41.13335],[28.17983,41.13322],[28.1798,41.13199],[28.17832,41.13043],[28.17713,41.13129],[28.17621,41.13037],[28.17747,41.12957],[28.17691,41.12861],[28.17493,41.12869],[28.17492,41.12692],[28.17416,41.12619],[28.17399,41.12474],[28.17341,41.12395],[28.17192,41.1237],[28.17414,41.12243],[28.17696,41.12115],[28.18112,41.1185],[28.18134,41.11801],[28.18337,41.11749],[28.18497,41.11629],[28.18608,41.11624],[28.18983,41.11834],[28.19556,41.11997],[28.1988,41.12069],[28.20203,41.12271],[28.20542,41.12676],[28.20797,41.12705],[28.21003,41.12867],[28.2109,41.12812],[28.21386,41.13129],[28.21593,41.13027],[28.21702,41.13237],[28.21909,41.1315],[28.22006,41.13292],[28.22293,41.13689],[28.22198,41.13797],[28.22038,41.13886],[28.22234,41.13981],[28.22005,41.14349],[28.21984,41.1442],[28.22062,41.14656],[28.20881,41.14819],[28.20321,41.15324],[28.20388,41.15471],[28.20393,41.15668],[28.20131,41.1574],[28.20038,41.15701],[28.20037,41.15585],[28.19894,41.1529],[28.19782,41.15144],[28.19607,41.15047],[28.19493,41.1503],[28.19395,41.14942],[28.19158,41.14899],[28.19275,41.14773],[28.19175,41.14702],[28.18862,41.15099],[28.18726,41.15363],[28.18637,41.15435],[28.18315,41.15553],[28.18379,41.15063],[28.18439,41.14951]]]},"properties":{"id":9643888,"name":"Küçük Kılıçlı Mahallesi","district_id":1275379}},{"type":"Feature","geometry":{"type":"Polygon","coordinates":[[[28.37848,41.20239],[28.37671,41.2023],[28.37568,41.20514],[28.37381,41.20559],[28.37422,41.20712],[28.37399,41.20848],[28.37242,41.20897],[28.36982,41.2092],[28.3685,41.20781],[28.36701,41.20942],[28.36732,41.2122],[28.36429,41.21298],[28.36086,41.2144],[28.36027,41.21558],[28.35856,41.21633],[28.35846,41.21767],[28.35786,41.21838],[28.3521,41.22198],[28.34965,41.22607],[28.3491,41.22997],[28.34798,41.23305],[28.34645,41.235],[28.34712,41.23858],[28.3441,41.23956],[28.34429,41.24119],[28.34318,41.24187],[28.34211,41.24122],[28.34064,41.2412],[28.33944,41.24181],[28.33445,41.23933],[28.33346,41.23948],[28.3329,41.24062],[28.33143,41.24046],[28.32907,41.23921],[28.32725,41.24084],[28.32562,41.24133],[28.32486,41.24255],[28.32181,41.24375],[28.31986,41.24373],[28.31881,41.24452],[28.31818,41.24236],[28.31658,41.24123],[28.31529,41.23883],[28.31498,41.23534],[28.31656,41.23538],[28.31748,41.2359],[28.31945,41.23429],[28.32145,41.23069],[28.32347,41.22936],[28.32668,41.22799],[28.3293,41.22666],[28.32953,41.22513],[28.32639,41.22302],[28.32565,41.22288],[28.32673,41.22564],[28.32412,41.22491],[28.32325,41.22402],[28.32023,41.22587],[28.319,41.22701],[28.31719,41.2274],[28.31521,41.22684],[28.31562,41.22468],[28.31502,41.22261],[28.31663,41.22121],[28.31763,41.21919],[28.3199,41.21567],[28.31998,41.21481],[28.32161,41.2126],[28.31901,41.21067],[28.3178,41.21023],[28.31465,41.20974],[28.31259,41.20874],[28.31175,41.20731],[28.31036,41.20598],[28.30752,41.20439],[28.30648,41.20298],[28.30543,41.20246],[28.3038,41.20258],[28.3017,41.20178],[28.3013,41.20088],[28.30015,41.20053],[28.29854,41.20103],[28.29724,41.20091],[28.29502,41.19901],[28.29492,41.19794],[28.29416,41.19717],[28.29208,41.19708],[28.29137,41.19607],[28.29128,41.19383],[28.29235,41.19305],[28.29429,41.19064],[28.29515,41.18886],[28.29565,41.18679],[28.29437,41.18363],[28.29457,41.18296],[28.29641,41.18142],[28.29713,41.18029],[28.29792,41.17657],[28.29623,41.17501],[28.29585,41.17437],[28.29115,41.15966],[28.30007,41.1567],[28.30093,41.15165],[28.30169,41.15085],[28.29743,41.14405],[28.296,41.14132],[28.2949,41.13789],[28.29393,41.13678],[28.3007,41.13539],[28.30173,41.13503],[28.30333,41.13661],[28.30398,41.13781],[28.30705,41.14062],[28.3087,41.1428],[28.31,41.1426],[28.31592,41.14277],[28.31988,41.14455],[28.32553,41.14601],[28.3291,41.14718],[28.33269,41.14856],[28.33248,41.14971],[28.33449,41.15136],[28.33683,41.15084],[28.33822,41.15096],[28.34008,41.15059],[28.34138,41.15078],[28.3436,41.15299],[28.34543,41.15539],[28.34547,41.15644],[28.34163,41.15749],[28.33711,41.15814],[28.33777,41.16062],[28.33202,41.16114],[28.33397,41.1627],[28.33571,41.16367],[28.34083,41.1678],[28.33932,41.17062],[28.34168,41.17244],[28.34552,41.17449],[28.35045,41.1767],[28.35383,41.17795],[28.35527,41.18285],[28.35884,41.18353],[28.36302,41.18259],[28.3641,41.18331],[28.36545,41.18576],[28.3664,41.18634],[28.36847,41.1891],[28.36761,41.19124],[28.36728,41.19291],[28.36948,41.19437],[28.37404,41.19452],[28.37471,41.19569],[28.37309,41.19632],[28.373,41.19761],[28.37446,41.19819],[28.37532,41.19978],[28.37821,41.20129],[28.37848,41.20239]]]},"properties":{"id":9643897,"name":"Akören Mahallesi","district_id":1275379}},{"type":"Feature","geometry":{"type":"Polygon","coordinates":[[[28.27462,41.24778],[28.27915,41.24801],[28.28503,41.24788],[28.28633,41.24726],[28.28898,41.24512],[28.29088,41.24425],[28.29461,41.24409],[28.29385,41.24243],[28.29251,41.2418],[28.29051,41.24198],[28.28894,41.24081],[28.29017,41.23933],[28.29069,41.23767],[28.29095,41.23491],[28.29173,41.23448],[28.29241,41.23251],[28.29194,41.23165],[28.29213,41.2286],[28.29344,41.22391],[28.29494,41.22141],[28.29611,41.22078],[28.29638,41.21959],[28.29741,41.21912],[28.2985,41.21601],[28.30053,41.21331],[28.30208,41.21184],[28.30182,41.21114],[28.30269,41.20951],[28.30295,41.20713],[28.30564,41.20332],[28.30648,41.20298],[28.30752,41.20439],[28.31036,41.20598],[28.31175,41.20731],[28.31259,41.20874],[28.31465,41.20974],[28.3178,41.21023],[28.31901,41.21067],[28.32161,41.2126],[28.31998,41.21481],[28.3199,41.21567],[28.31763,41.21919],[28.31663,41.22121],[28.31502,41.22261],[28.31562,41.22468],[28.31521,41.22684],[28.31719,41.2274],[28.319,41.22701],[28.32023,41.22587],[28.32325,41.22402],[28.32412,41.22491],[28.32673,41.22564],[28.32565,41.22288],[28.32639,41.22302],[28.32953,41.22513],[28.3293,41.22666],[28.32668,41.22799],[28.32347,41.22936],[28.32145,41.23069],[28.31945,41.23429],[28.31748,41.2359],[28.31656,41.23538],[28.31498,41.23534],[28.31529,41.23883],[28.31658,41.24123],[28.31818,41.24236],[28.31881,41.24452],[28.31739,41.24516],[28.31717,41.24631],[28.31568,41.2466],[28.31884,41.24882],[28.31854,41.25022],[28.31732,41.25286],[28.31504,41.2544],[28.31388,41.25565],[28.31226,41.25654],[28.31028,41.25815],[28.30892,41.25829],[28.30762,41.25948],[28.30698,41.26146],[28.30659,41.26419],[28.30597,41.26506],[28.30616,41.26615],[28.30544,41.26846],[28.3044,41.26837],[28.30256,41.26927],[28.30229,41.27069],[28.30281,41.27121],[28.3029,41.27361],[28.30206,41.2743],[28.30263,41.27554],[28.30081,41.27625],[28.29853,41.27548],[28.29652,41.27559],[28.29329,41.27324],[28.29263,41.27219],[28.28956,41.26984],[28.28829,41.267],[28.28651,41.26592],[28.28576,41.26473],[28.28439,41.26352],[28.28415,41.26129],[28.28293,41.25919],[28.28016,41.25669],[28.27937,41.25311],[28.27692,41.24937],[28.27462,41.24778]]]},"properties":{"id":9643904,"name":"Bekirli Mahallesi","district_id":1275379}},{"type":"Feature","geometry":{"type":"Polygon","coordinates":[[[29.15328,41.09177],[29.1537,41.08837],[29.15309,41.08388],[29.15387,41.08148],[29.15338,41.07912],[29.15495,41.07932],[29.15519,41.07735],[29.15473,41.07476],[29.15364,41.07366],[29.15785,41.07322],[29.16486,41.06808],[29.16717,41.06553],[29.16905,41.06311],[29.16893,41.06179],[29.16793,41.05948],[29.16779,41.05797],[29.16839,41.05626],[29.17052,41.05471],[29.17515,41.05431],[29.17868,41.05433],[29.18316,41.05579],[29.1865,41.05514],[29.1894,41.05508],[29.19334,41.05546],[29.19497,41.05497],[29.1964,41.05403],[29.19764,41.05375],[29.19865,41.05369],[29.2019,41.05503],[29.2039,41.05631],[29.20823,41.05666],[29.2087,41.0577],[29.21042,41.05905],[29.20911,41.06126],[29.20729,41.0625],[29.20541,41.06493],[29.20519,41.06822],[29.20306,41.07096],[29.20259,41.07378],[29.20403,41.0756],[29.20237,41.07507],[29.19967,41.07609],[29.1981,41.07719],[29.19712,41.0773],[29.19418,41.07957],[29.19231,41.08028],[29.1913,41.08138],[29.18853,41.08156],[29.18684,41.08101],[29.18611,41.0803],[29.18351,41.08264],[29.18609,41.0834],[29.18604,41.08423],[29.18405,41.08547],[29.18368,41.08693],[29.18259,41.08702],[29.18293,41.08549],[29.18169,41.08439],[29.17961,41.08575],[29.17954,41.08903],[29.17871,41.08995],[29.1786,41.09128],[29.17684,41.0922],[29.1765,41.09585],[29.17381,41.09768],[29.16948,41.09753],[29.16691,41.09619],[29.16397,41.09517],[29.16138,41.09258],[29.15886,41.09152],[29.15566,41.09243],[29.15328,41.09177]]]},"properties":{"id":9644016,"name":"Yavuz Selim Mahallesi","district_id":1276910}},{"type":"Feature","geometry":{"type":"Polygon","coordinates":[[[29.15328,41.09177],[29.15566,41.09243],[29.15886,41.09152],[29.16138,41.09258],[29.16397,41.09517],[29.16691,41.09619],[29.16948,41.09753],[29.16856,41.09964],[29.16585,41.10222],[29.16261,41.10627],[29.16321,41.10817],[29.1607,41.10861],[29.16046,41.10758],[29.15919,41.10723],[29.15702,41.10586],[29.15433,41.10549],[29.1542,41.10739],[29.1546,41.10815],[29.15396,41.10933],[29.15168,41.10694],[29.15029,41.10681],[29.14463,41.10427],[29.1409,41.10302],[29.1388,41.10139],[29.13783,41.09989],[29.13589,41.09894],[29.13231,41.09954],[29.1301,41.10096],[29.12984,41.10224],[29.12803,41.10204],[29.12705,41.10138],[29.12549,41.10111],[29.12361,41.09993],[29.1217,41.09729],[29.12716,41.09278],[29.12819,41.09038],[29.13329,41.08827],[29.13588,41.08629],[29.13727,41.08637],[29.13966,41.08798],[29.14092,41.08989],[29.14334,41.09241],[29.14466,41.09253],[29.14614,41.09101],[29.14986,41.0887],[29.15173,41.0901],[29.15233,41.09133],[29.15328,41.09177]]]},"properties":{"id":9644017,"name":"Çengeldere Mahallesi","district_id":1276910}},{"type":"Feature","geometry":{"type":"Polygon","coordinates":[[[29.15328,41.09177],[29.15233,41.09133],[29.15173,41.0901],[29.14986,41.0887],[29.14614,41.09101],[29.14466,41.09253],[29.14334,41.09241],[29.14092,41.08989],[29.13966,41.08798],[29.13727,41.08637],[29.13588,41.08629],[29.13394,41.08402],[29.13391,41.08353],[29.13018,41.0813],[29.12847,41.08186],[29.12749,41.07965],[29.12886,41.07896],[29.12617,41.07846],[29.12512,41.07671],[29.12302,41.07617],[29.12167,41.07638],[29.12203,41.07488],[29.12196,41.0731],[29.12315,41.0725],[29.12346,41.07048],[29.12486,41.0695],[29.12665,41.06958],[29.12637,41.07039],[29.12836,41.07111],[29.12969,41.0706],[29.1327,41.07318],[29.13596,41.07337],[29.1402,41.07125],[29.1417,41.07093],[29.14723,41.07121],[29.1497,41.07175],[29.1479,41.07257],[29.14949,41.07432],[29.15364,41.07366],[29.15473,41.07476],[29.15519,41.07735],[29.15495,41.07932],[29.15338,41.07912],[29.15387,41.08148],[29.15309,41.08388],[29.1537,41.08837],[29.15328,41.09177]]]},"properties":{"id":9644018,"name":"Çavuşbaşı Çiftlik Mahallesi","district_id":1276910}},{"type":"Feature","geometry":{"type":"Polygon","coordinates":[[[29.21042,41.05905],[29.21421,41.05844],[29.21652,41.0562],[29.21801,41.05188],[29.22088,41.04916],[29.22491,41.04608],[29.22644,41.04452],[29.22816,41.04226],[29.22987,41.04114],[29.2299,41.03959],[29.232,41.03807],[29.23254,41.03611],[29.23385,41.03673],[29.23506,41.04057],[29.23606,41.04098],[29.23748,41.04289],[29.23829,41.04479],[29.23965,41.04431],[29.24035,41.0452],[29.24047,41.0464],[29.23966,41.04957],[29.23996,41.05213],[29.23814,41.05494],[29.23835,41.05718],[29.23957,41.05841],[29.23916,41.06105],[29.24168,41.06578],[29.23975,41.06534],[29.2372,41.0654],[29.23388,41.06469],[29.23345,41.06535],[29.23183,41.06614],[29.23036,41.06764],[29.22791,41.06887],[29.22669,41.07046],[29.22887,41.07243],[29.22902,41.07353],[29.22821,41.0746],[29.22942,41.07596],[29.22876,41.07662],[29.22629,41.07784],[29.22563,41.07907],[29.22706,41.08079],[29.22677,41.08176],[29.22553,41.0826],[29.2221,41.08146],[29.21849,41.0805],[29.2176,41.08045],[29.21554,41.08116],[29.21376,41.081],[29.21131,41.08389],[29.21195,41.08528],[29.21075,41.0871],[29.21152,41.08787],[29.21043,41.08897],[29.21005,41.08999],[29.20874,41.0902],[29.2087,41.088],[29.20644,41.0856],[29.20678,41.08439],[29.2061,41.08259],[29.20428,41.08012],[29.20403,41.0756],[29.20259,41.07378],[29.20306,41.07096],[29.20519,41.06822],[29.20541,41.06493],[29.20729,41.0625],[29.20911,41.06126],[29.21042,41.05905]]]},"properties":{"id":9644306,"name":"Alemdağ Mahallesi","district_id":1276034}},{"type":"Feature","geometry":{"type":"Polygon","coordinates":[[[29.00286,41.09987],[29.00398,41.09892],[29.00444,41.09726],[29.00415,41.09469],[29.00456,41.09338],[29.00522,41.09371],[29.00561,41.09514],[29.0087,41.10027],[29.01237,41.1052],[29.01445,41.10667],[29.01363,41.10761],[29.00957,41.10911],[29.00261,41.1096],[29.00065,41.11105],[28.99954,41.11143],[28.9966,41.11121],[28.99578,41.10911],[28.99428,41.10791],[28.99292,41.10784],[28.99195,41.10903],[28.98875,41.10923],[28.98892,41.10703],[28.98836,41.10541],[28.98748,41.10428],[28.98447,41.10291],[28.98412,41.10285],[28.98553,41.09886],[28.98787,41.09861],[28.99092,41.09973],[28.99268,41.09981],[28.99488,41.0994],[28.99768,41.09977],[28.9989,41.10099],[29.00116,41.10087],[29.00286,41.09987]]]},"properties":{"id":9644504,"name":"Huzur Mahallesi","district_id":1765895}},{"type":"Feature","geometry":{"type":"Polygon","coordinates":[[[29.02433,41.13016],[29.02536,41.13622],[29.02599,41.1378],[29.02519,41.13865],[29.02565,41.14002],[29.02496,41.14109],[29.0236,41.14188],[29.02138,41.14408],[29.02048,41.1455],[29.01751,41.14717],[29.0171,41.14609],[29.0186,41.14528],[29.01785,41.14336],[29.01863,41.13956],[29.01763,41.13663],[29.01574,41.13499],[29.0147,41.13348],[29.01172,41.13269],[29.01182,41.13157],[29.01078,41.1296],[29.01151,41.12719],[29.01074,41.1266],[29.00883,41.12658],[29.00764,41.12559],[29.0077,41.12439],[29.00691,41.12209],[29.00551,41.12092],[29.00626,41.11962],[29.00498,41.11786],[29.00323,41.11659],[29.00207,41.11648],[29.00039,41.11542],[28.99923,41.11517],[28.9989,41.11224],[29.00065,41.11105],[29.00261,41.1096],[29.00957,41.10911],[29.01363,41.10761],[29.01445,41.10667],[29.01618,41.10742],[29.02184,41.10852],[29.02356,41.10884],[29.02514,41.11037],[29.02477,41.11386],[29.02359,41.12442],[29.02367,41.12635],[29.02433,41.13016]]]},"properties":{"id":9644505,"name":"Maslak Mahallesi","district_id":1765895}},{"type":"Feature","geometry":{"type":"Polygon","coordinates":[[[29.01212,41.1465],[29.01175,41.14402],[29.0103,41.14239],[29.00714,41.13957],[29.0066,41.13861],[29.00426,41.13999],[29.00213,41.1401],[28.99968,41.14108],[28.99805,41.14051],[28.9948,41.14148],[28.99562,41.14327],[28.99571,41.14484],[28.99543,41.14787],[28.99311,41.14748],[28.99216,41.14959],[28.99114,41.15041],[28.98642,41.15048],[28.98354,41.15141],[28.98121,41.1515],[28.97962,41.15009],[28.977,41.15183],[28.97559,41.15206],[28.97543,41.14903],[28.97632,41.14721],[28.97465,41.14585],[28.97414,41.14436],[28.9714,41.14229],[28.96936,41.14035],[28.96788,41.13671],[28.96411,41.1345],[28.96546,41.1333],[28.96506,41.1315],[28.96217,41.12939],[28.95989,41.1274],[28.95995,41.12492],[28.96096,41.12346],[28.96097,41.12096],[28.96205,41.11892],[28.96029,41.11835],[28.95982,41.11407],[28.95876,41.11347],[28.96071,41.11151],[28.96212,41.11105],[28.96015,41.10671],[28.95992,41.10538],[28.96118,41.10468],[28.96394,41.10442],[28.96632,41.10302],[28.96866,41.10266],[28.96963,41.1021],[28.9712,41.1027],[28.97907,41.10274],[28.98254,41.10347],[28.98399,41.10398],[28.98447,41.10291],[28.98748,41.10428],[28.98836,41.10541],[28.98892,41.10703],[28.98875,41.10923],[28.99195,41.10903],[28.99292,41.10784],[28.99428,41.10791],[28.99578,41.10911],[28.9966,41.11121],[28.99954,41.11143],[29.00065,41.11105],[28.9989,41.11224],[28.99923,41.11517],[29.00039,41.11542],[29.00207,41.11648],[29.00323,41.11659],[29.00498,41.11786],[29.00626,41.11962],[29.00551,41.12092],[29.00691,41.12209],[29.0077,41.12439],[29.00764,41.12559],[29.00883,41.12658],[29.01074,41.1266],[29.01151,41.12719],[29.01078,41.1296],[29.01182,41.13157],[29.01172,41.13269],[29.0147,41.13348],[29.01574,41.13499],[29.01763,41.13663],[29.01863,41.13956],[29.01785,41.14336],[29.0186,41.14528],[29.0171,41.14609],[29.01751,41.14717],[29.01682,41.14736],[29.01309,41.14609],[29.01212,41.1465]]]},"properties":{"id":9644506,"name":"Ayazağa Mahallesi","district_id":1765895}},{"type":"Feature","geometry":{"type":"Polygon","coordinates":[[[29.03548,41.11067],[29.03754,41.11146],[29.0409,41.1121],[29.04395,41.11322],[29.04508,41.11404],[29.04454,41.11478],[29.04319,41.1148],[29.04232,41.11537],[29.04656,41.11731],[29.04846,41.11769],[29.0485,41.11988],[29.0472,41.12071],[29.04481,41.12163],[29.04224,41.12203],[29.04137,41.12175],[29.03825,41.12122],[29.03589,41.11797],[29.03504,41.11507],[29.03431,41.11357],[29.03548,41.11067]]]},"properties":{"id":9644555,"name":"Poligon Mahallesi","district_id":1765895}},{"type":"Feature","geometry":{"type":"Polygon","coordinates":[[[29.03825,41.12122],[29.03658,41.12112],[29.03505,41.12009],[29.03276,41.11938],[29.03208,41.11818],[29.02848,41.11638],[29.02775,41.11459],[29.0292,41.11324],[29.02679,41.112],[29.02477,41.11386],[29.02514,41.11037],[29.02356,41.10884],[29.02184,41.10852],[29.02494,41.10819],[29.03198,41.10925],[29.03548,41.11067],[29.03431,41.11357],[29.03504,41.11507],[29.03589,41.11797],[29.03825,41.12122]]]},"properties":{"id":9644556,"name":"Pınar Mahallesi","district_id":1765895}},{"type":"Feature","geometry":{"type":"Polygon","coordinates":[[[29.04137,41.12175],[29.04022,41.12248],[29.03955,41.1245],[29.03844,41.12494],[29.03739,41.12613],[29.03714,41.12717],[29.03537,41.12805],[29.03417,41.12761],[29.02981,41.12713],[29.02754,41.12724],[29.02627,41.1285],[29.02493,41.12865],[29.02433,41.13016],[29.02367,41.12635],[29.02359,41.12442],[29.02477,41.11386],[29.02679,41.112],[29.0292,41.11324],[29.02775,41.11459],[29.02848,41.11638],[29.03208,41.11818],[29.03276,41.11938],[29.03505,41.12009],[29.03658,41.12112],[29.03825,41.12122],[29.04137,41.12175]]]},"properties":{"id":9644572,"name":"Darüşşafaka Mahallesi","district_id":1765895}},{"type":"Feature","geometry":{"type":"Polygon","coordinates":[[[29.03865,41.13752],[29.03527,41.1381],[29.03317,41.1388],[29.02987,41.14038],[29.02866,41.14028],[29.02742,41.13951],[29.02599,41.1378],[29.02536,41.13622],[29.02433,41.13016],[29.02493,41.12865],[29.02627,41.1285],[29.02754,41.12724],[29.02981,41.12713],[29.03417,41.12761],[29.03537,41.12805],[29.03714,41.12717],[29.03798,41.12728],[29.03845,41.12828],[29.0377,41.12941],[29.03821,41.13121],[29.03993,41.13257],[29.03935,41.1339],[29.03989,41.13507],[29.03932,41.13695],[29.03865,41.13752]]]},"properties":{"id":9644584,"name":"Çamlıtepe Mahallesi","district_id":1765895}},{"type":"Feature","geometry":{"type":"Polygon","coordinates":[[[29.05103,41.12329],[29.04982,41.12549],[29.0488,41.12637],[29.04868,41.12767],[29.04788,41.12905],[29.04959,41.12943],[29.04997,41.13114],[29.04938,41.13247],[29.04998,41.13391],[29.04947,41.13524],[29.04631,41.13502],[29.04432,41.13429],[29.04366,41.1348],[29.04359,41.13606],[29.03865,41.13752],[29.03932,41.13695],[29.03989,41.13507],[29.03935,41.1339],[29.03993,41.13257],[29.03821,41.13121],[29.0377,41.12941],[29.03845,41.12828],[29.03798,41.12728],[29.03846,41.1257],[29.04002,41.12522],[29.0416,41.12339],[29.04718,41.12191],[29.04844,41.12355],[29.04986,41.12305],[29.05103,41.12329]]]},"properties":{"id":9644592,"name":"Ferahevler Mahallesi","district_id":1765895}},{"type":"Feature","geometry":{"type":"Polygon","coordinates":[[[29.05103,41.12329],[29.04986,41.12305],[29.04844,41.12355],[29.04718,41.12191],[29.0416,41.12339],[29.04002,41.12522],[29.03846,41.1257],[29.03798,41.12728],[29.03714,41.12717],[29.03739,41.12613],[29.03844,41.12494],[29.03955,41.1245],[29.04022,41.12248],[29.04137,41.12175],[29.04224,41.12203],[29.04481,41.12163],[29.0472,41.12071],[29.0485,41.11988],[29.04846,41.11769],[29.04656,41.11731],[29.04232,41.11537],[29.04319,41.1148],[29.04454,41.11478],[29.04508,41.11404],[29.04395,41.11322],[29.0409,41.1121],[29.04354,41.11245],[29.04487,41.11216],[29.04696,41.11114],[29.04945,41.11056],[29.05155,41.11071],[29.05714,41.11265],[29.0577,41.11113],[29.05852,41.11031],[29.05847,41.11268],[29.05722,41.11357],[29.05541,41.11323],[29.05457,41.11416],[29.0574,41.11492],[29.06132,41.11314],[29.06192,41.11327],[29.06182,41.1147],[29.06029,41.11544],[29.05892,41.11701],[29.05771,41.11685],[29.05533,41.11721],[29.05448,41.11786],[29.05506,41.11927],[29.05414,41.11955],[29.05438,41.12176],[29.05209,41.12184],[29.05248,41.12316],[29.05103,41.12329]]]},"properties":{"id":9644648,"name":"İstinye Mahallesi","district_id":1765895}},{"type":"Feature","geometry":{"type":"Polygon","coordinates":[[[29.02804,41.15554],[29.02684,41.15642],[29.02486,41.15726],[29.01517,41.16232],[29.01067,41.16488],[29.00794,41.16589],[29.00344,41.16681],[28.99886,41.1676],[28.99779,41.16876],[28.99636,41.16879],[28.99376,41.16789],[28.99434,41.16914],[28.99369,41.16962],[28.99191,41.16978],[28.99119,41.17041],[28.99053,41.16737],[28.99067,41.16694],[28.99306,41.16561],[28.99515,41.16401],[28.9964,41.1623],[28.99762,41.16158],[29.0013,41.16011],[29.0018,41.15939],[29.00291,41.15635],[29.00928,41.15137],[29.00954,41.15023],[29.01106,41.14744],[29.01212,41.1465],[29.01309,41.14609],[29.01682,41.14736],[29.01751,41.14717],[29.02048,41.1455],[29.02138,41.14408],[29.0236,41.14188],[29.02496,41.14109],[29.02565,41.14002],[29.02519,41.13865],[29.02599,41.1378],[29.02742,41.13951],[29.02838,41.1418],[29.02785,41.14717],[29.03022,41.15138],[29.03188,41.15257],[29.03705,41.15361],[29.03791,41.15397],[29.03617,41.15594],[29.03269,41.15547],[29.02804,41.15554]]]},"properties":{"id":9644656,"name":"PTT Evleri Mahallesi","district_id":1765895}},{"type":"Feature","geometry":{"type":"Polygon","coordinates":[[[28.95406,41.19364],[28.95371,41.17879],[28.9522,41.16275],[28.95201,41.16047],[28.95785,41.16042],[28.95704,41.158],[28.95931,41.15669],[28.96153,41.15708],[28.96714,41.15761],[28.96807,41.15814],[28.96941,41.15765],[28.9714,41.15748],[28.97338,41.15589],[28.97559,41.15206],[28.977,41.15183],[28.97962,41.15009],[28.98121,41.1515],[28.98354,41.15141],[28.98642,41.15048],[28.99114,41.15041],[28.99216,41.14959],[28.99311,41.14748],[28.99543,41.14787],[28.99571,41.14484],[28.99562,41.14327],[28.9948,41.14148],[28.99805,41.14051],[28.99968,41.14108],[29.00213,41.1401],[29.00426,41.13999],[29.0066,41.13861],[29.00714,41.13957],[29.0103,41.14239],[29.01175,41.14402],[29.01212,41.1465],[29.01106,41.14744],[29.00954,41.15023],[29.00928,41.15137],[29.00291,41.15635],[29.0018,41.15939],[29.0013,41.16011],[28.99762,41.16158],[28.9964,41.1623],[28.99515,41.16401],[28.99306,41.16561],[28.99067,41.16694],[28.99053,41.16737],[28.99119,41.17041],[28.99075,41.17095],[28.98957,41.17907],[28.98916,41.18277],[28.98865,41.18398],[28.98762,41.18482],[28.98611,41.18436],[28.98544,41.18505],[28.98612,41.18654],[28.98099,41.18917],[28.97706,41.18949],[28.9739,41.18837],[28.97246,41.18864],[28.97103,41.18941],[28.96972,41.18939],[28.96823,41.18759],[28.96472,41.18739],[28.9621,41.1876],[28.9606,41.1882],[28.96004,41.18906],[28.96082,41.19094],[28.96056,41.19252],[28.95644,41.19382],[28.95406,41.19364]]]},"properties":{"id":9644665,"name":"Bahçeköy Kemer Mahallesi","district_id":1765895}},{"type":"Feature","geometry":{"type":"Polygon","coordinates":[[[28.95447,41.22384],[28.95449,41.22237],[28.95326,41.2208],[28.95385,41.21928],[28.95312,41.2178],[28.95374,41.2166],[28.9534,41.21465],[28.95149,41.2117],[28.95108,41.20994],[28.94921,41.20775],[28.94892,41.20638],[28.94787,41.20507],[28.94777,41.20341],[28.94839,41.20142],[28.94804,41.19922],[28.9502,41.19528],[28.951,41.19458],[28.95406,41.19364],[28.95644,41.19382],[28.96056,41.19252],[28.96082,41.19094],[28.96004,41.18906],[28.9606,41.1882],[28.9621,41.1876],[28.96472,41.18739],[28.96823,41.18759],[28.96972,41.18939],[28.97103,41.18941],[28.97246,41.18864],[28.9739,41.18837],[28.97706,41.18949],[28.98099,41.18917],[28.98612,41.18654],[28.98544,41.18505],[28.98611,41.18436],[28.98762,41.18482],[28.98865,41.18398],[28.98916,41.18277],[28.98957,41.17907],[28.99075,41.17095],[28.99119,41.17041],[28.99233,41.1736],[28.99268,41.17542],[28.99363,41.17697],[28.99256,41.17911],[28.99336,41.1809],[28.99347,41.18211],[28.99496,41.18296],[28.99582,41.1828],[28.99672,41.18431],[28.99807,41.18418],[28.99893,41.18474],[29.00054,41.18484],[29.00152,41.18566],[29.00263,41.18788],[29.00489,41.18955],[29.00629,41.19118],[29.00312,41.19246],[29.00137,41.19245],[29.00004,41.19349],[28.99792,41.19391],[28.99723,41.19505],[28.99709,41.19666],[28.99887,41.19781],[29.00067,41.19839],[29.00201,41.19966],[29.00164,41.2004],[29.00162,41.20269],[28.99881,41.20503],[28.99687,41.20515],[28.99557,41.20449],[28.9924,41.20394],[28.98984,41.20608],[28.98849,41.2064],[28.98714,41.20576],[28.98442,41.20572],[28.98236,41.20472],[28.98114,41.20451],[28.97992,41.2056],[28.97837,41.20625],[28.97681,41.20903],[28.97451,41.21093],[28.97457,41.21313],[28.97123,41.21468],[28.97125,41.21593],[28.97196,41.21734],[28.97097,41.21808],[28.97151,41.2201],[28.97067,41.22049],[28.96936,41.21955],[28.96666,41.21832],[28.9632,41.21911],[28.96264,41.22108],[28.95966,41.22237],[28.95794,41.22446],[28.95623,41.22379],[28.95447,41.22384]]]},"properties":{"id":9644695,"name":"Bahçeköy Merkez Mahallesi","district_id":1765895}},{"type":"Feature","geometry":{"type":"Polygon","coordinates":[[[29.01453,41.18576],[29.0157,41.18769],[29.01476,41.18771],[29.01286,41.19027],[29.01054,41.19131],[29.00629,41.19118],[29.00489,41.18955],[29.00263,41.18788],[29.00152,41.18566],[29.00054,41.18484],[28.99893,41.18474],[28.99807,41.18418],[28.99672,41.18431],[28.99582,41.1828],[28.99496,41.18296],[28.99347,41.18211],[28.99336,41.1809],[28.99256,41.17911],[28.99363,41.17697],[28.99268,41.17542],[28.99233,41.1736],[28.99119,41.17041],[28.99191,41.16978],[28.99369,41.16962],[28.99434,41.16914],[28.99376,41.16789],[28.99636,41.16879],[28.99779,41.16876],[28.99886,41.1676],[29.00344,41.16681],[28.99992,41.16981],[28.99919,41.17152],[28.99944,41.17339],[28.99894,41.17672],[29.00023,41.17926],[29.00082,41.18128],[29.00191,41.18289],[29.00391,41.18385],[29.00517,41.18496],[29.0055,41.18582],[29.00686,41.18641],[29.00973,41.18922],[29.01047,41.18932],[29.01368,41.18779],[29.01382,41.18624],[29.01453,41.18576]]]},"properties":{"id":9644696,"name":"Bahçeköy Yeni Mahalle","district_id":1765895}},{"type":"Feature","geometry":{"type":"Polygon","coordinates":[[[29.02742,41.13951],[29.02866,41.14028],[29.02987,41.14038],[29.02988,41.14155],[29.03096,41.1418],[29.03225,41.14414],[29.03322,41.14363],[29.03565,41.14323],[29.03608,41.14426],[29.03827,41.14275],[29.03904,41.14473],[29.04088,41.14505],[29.04005,41.14653],[29.04198,41.148],[29.04123,41.14838],[29.04275,41.14969],[29.04112,41.15122],[29.04035,41.15318],[29.03791,41.15397],[29.03705,41.15361],[29.03188,41.15257],[29.03022,41.15138],[29.02785,41.14717],[29.02838,41.1418],[29.02742,41.13951]]]},"properties":{"id":9644714,"name":"Cumhuriyet Mahallesi","district_id":1765895}},{"type":"Feature","geometry":{"type":"Polygon","coordinates":[[[29.03202,41.1632],[29.0314,41.16493],[29.03108,41.16571],[29.03236,41.16717],[29.03131,41.1689],[29.02848,41.16927],[29.02433,41.17273],[29.02232,41.17466],[29.0219,41.17617],[29.02163,41.17892],[29.01921,41.17941],[29.01495,41.18144],[29.01418,41.18349],[29.01453,41.18576],[29.01382,41.18624],[29.01368,41.18779],[29.01047,41.18932],[29.00973,41.18922],[29.00686,41.18641],[29.0055,41.18582],[29.00517,41.18496],[29.00391,41.18385],[29.00191,41.18289],[29.00082,41.18128],[29.00023,41.17926],[28.99894,41.17672],[28.99944,41.17339],[28.99919,41.17152],[28.99992,41.16981],[29.00344,41.16681],[29.00794,41.16589],[29.01067,41.16488],[29.01517,41.16232],[29.02486,41.15726],[29.02684,41.15642],[29.02804,41.15554],[29.0287,41.1573],[29.02869,41.15925],[29.02824,41.16003],[29.02877,41.16156],[29.03055,41.16194],[29.03202,41.1632]]]},"properties":{"id":9644728,"name":"Kazım Karabekir Paşa Mahallesi","district_id":1765895}},{"type":"Feature","geometry":{"type":"Polygon","coordinates":[[[29.04088,41.14505],[29.03904,41.14473],[29.03827,41.14275],[29.03608,41.14426],[29.03565,41.14323],[29.03322,41.14363],[29.03225,41.14414],[29.03096,41.1418],[29.02988,41.14155],[29.02987,41.14038],[29.03317,41.1388],[29.03527,41.1381],[29.03865,41.13752],[29.04359,41.13606],[29.04366,41.1348],[29.04432,41.13429],[29.04631,41.13502],[29.04947,41.13524],[29.04998,41.13391],[29.04938,41.13247],[29.04997,41.13114],[29.04959,41.12943],[29.05456,41.12747],[29.05529,41.12795],[29.05517,41.12947],[29.05674,41.13045],[29.05891,41.13069],[29.05971,41.1298],[29.05916,41.12877],[29.06151,41.12845],[29.06367,41.1295],[29.06407,41.13053],[29.0625,41.13414],[29.06082,41.13579],[29.05451,41.13831],[29.05454,41.13912],[29.05737,41.13904],[29.05797,41.13966],[29.05644,41.14215],[29.05556,41.14267],[29.05569,41.14374],[29.0524,41.14696],[29.05079,41.14769],[29.05134,41.14625],[29.05056,41.14572],[29.05053,41.14446],[29.05258,41.14457],[29.05284,41.14305],[29.0515,41.14143],[29.04645,41.14179],[29.04575,41.14227],[29.04405,41.14454],[29.04235,41.14443],[29.04088,41.14505]]]},"properties":{"id":9644762,"name":"Tarabya Mahallesi","district_id":1765895}},{"type":"Feature","geometry":{"type":"Polygon","coordinates":[[[29.04088,41.14505],[29.04235,41.14443],[29.04405,41.14454],[29.04575,41.14227],[29.04645,41.14179],[29.0515,41.14143],[29.05284,41.14305],[29.05258,41.14457],[29.05053,41.14446],[29.05056,41.14572],[29.05134,41.14625],[29.05079,41.14769],[29.05042,41.14802],[29.04585,41.14894],[29.04377,41.15026],[29.04142,41.15292],[29.04035,41.15318],[29.04112,41.15122],[29.04275,41.14969],[29.04123,41.14838],[29.04198,41.148],[29.04005,41.14653],[29.04088,41.14505]]]},"properties":{"id":9644763,"name":"Kireçburnu Mahallesi","district_id":1765895}},{"type":"Feature","geometry":{"type":"Polygon","coordinates":[[[29.04959,41.12943],[29.04788,41.12905],[29.04868,41.12767],[29.0488,41.12637],[29.04982,41.12549],[29.05103,41.12329],[29.05248,41.12316],[29.05209,41.12184],[29.05438,41.12176],[29.05414,41.11955],[29.05506,41.11927],[29.05448,41.11786],[29.05533,41.11721],[29.05771,41.11685],[29.05892,41.11701],[29.06029,41.11544],[29.06182,41.1147],[29.06192,41.11327],[29.06344,41.11491],[29.0641,41.11616],[29.06715,41.11789],[29.06979,41.11965],[29.07072,41.12097],[29.0708,41.12186],[29.0719,41.12341],[29.07017,41.12736],[29.0665,41.12885],[29.06407,41.13053],[29.06367,41.1295],[29.06151,41.12845],[29.05916,41.12877],[29.05971,41.1298],[29.05891,41.13069],[29.05674,41.13045],[29.05517,41.12947],[29.05529,41.12795],[29.05456,41.12747],[29.04959,41.12943]]]},"properties":{"id":9644764,"name":"Yeniköy Mahallesi","district_id":1765895}},{"type":"Feature","geometry":{"type":"Polygon","coordinates":[[[29.02159,41.19033],[29.01919,41.18942],[29.0157,41.18769],[29.01453,41.18576],[29.01418,41.18349],[29.01495,41.18144],[29.01921,41.17941],[29.02163,41.17892],[29.0219,41.17617],[29.02232,41.17466],[29.02433,41.17273],[29.02848,41.16927],[29.03131,41.1689],[29.03236,41.16717],[29.03108,41.16571],[29.0314,41.16493],[29.03259,41.16548],[29.0342,41.16513],[29.03835,41.16467],[29.03948,41.16595],[29.0394,41.16719],[29.04178,41.16661],[29.04074,41.16952],[29.03761,41.16983],[29.03786,41.17251],[29.03897,41.17403],[29.03516,41.17361],[29.03396,41.17304],[29.03265,41.17333],[29.03211,41.17479],[29.03214,41.17619],[29.03148,41.17746],[29.02981,41.17781],[29.02794,41.17896],[29.02809,41.17963],[29.02681,41.18208],[29.02487,41.18324],[29.02143,41.18486],[29.0194,41.18631],[29.01769,41.18708],[29.01818,41.18844],[29.01955,41.1885],[29.02119,41.18946],[29.02159,41.19033]]]},"properties":{"id":9644785,"name":"Kocataş Mahallesi","district_id":1765895}},{"type":"Feature","geometry":{"type":"Polygon","coordinates":[[[29.03202,41.1632],[29.03055,41.16194],[29.02877,41.16156],[29.02824,41.16003],[29.02869,41.15925],[29.0287,41.1573],[29.02804,41.15554],[29.03269,41.15547],[29.03617,41.15594],[29.03658,41.15697],[29.03785,41.15785],[29.03702,41.16054],[29.03548,41.16053],[29.0325,41.16246],[29.03202,41.1632]]]},"properties":{"id":9644790,"name":"Çayırbaşı Mahallesi","district_id":1765895}},{"type":"Feature","geometry":{"type":"Polygon","coordinates":[[[29.04074,41.16952],[29.04178,41.16661],[29.0394,41.16719],[29.03948,41.16595],[29.03835,41.16467],[29.0342,41.16513],[29.03259,41.16548],[29.0314,41.16493],[29.03202,41.1632],[29.0325,41.16246],[29.03548,41.16053],[29.03702,41.16054],[29.03785,41.15785],[29.04278,41.15936],[29.04672,41.16106],[29.04838,41.16281],[29.05056,41.16368],[29.05177,41.16476],[29.05308,41.16502],[29.05252,41.1668],[29.05172,41.16639],[29.0491,41.16842],[29.04718,41.16762],[29.04653,41.16897],[29.04554,41.16965],[29.04074,41.16952]]]},"properties":{"id":9644824,"name":"Büyükdere Mahallesi","district_id":1765895}},{"type":"Feature","geometry":{"type":"Polygon","coordinates":[[[29.06044,41.17064],[29.06409,41.17192],[29.06709,41.17227],[29.07042,41.1739],[29.0704,41.17556],[29.0671,41.17674],[29.06563,41.17771],[29.06282,41.1787],[29.05973,41.17932],[29.05874,41.18017],[29.0573,41.17966],[29.05706,41.17806],[29.05834,41.17801],[29.05977,41.17647],[29.06104,41.17582],[29.06068,41.17351],[29.05976,41.17322],[29.05881,41.17146],[29.06044,41.17064]]]},"properties":{"id":9644953,"name":"Yeni Mahalle","district_id":1765895}},{"type":"Feature","geometry":{"type":"Polygon","coordinates":[[[29.0573,41.17966],[29.0558,41.18037],[29.05418,41.17968],[29.05336,41.17851],[29.05428,41.17802],[29.05467,41.17498],[29.05324,41.17219],[29.04944,41.17347],[29.04738,41.17288],[29.04492,41.1728],[29.04215,41.17301],[29.04026,41.17384],[29.03897,41.17403],[29.03786,41.17251],[29.03761,41.16983],[29.04074,41.16952],[29.04554,41.16965],[29.04653,41.16897],[29.04718,41.16762],[29.0491,41.16842],[29.05172,41.16639],[29.05252,41.1668],[29.05308,41.16502],[29.056,41.16537],[29.05743,41.16625],[29.05861,41.1693],[29.06044,41.17064],[29.05881,41.17146],[29.05976,41.17322],[29.06068,41.17351],[29.06104,41.17582],[29.05977,41.17647],[29.05834,41.17801],[29.05706,41.17806],[29.0573,41.17966]]]},"properties":{"id":9644954,"name":"Merkez Mahallesi","district_id":1765895}},{"type":"Feature","geometry":{"type":"Polygon","coordinates":[[[29.04602,41.21505],[29.04803,41.21813],[29.04814,41.22028],[29.0491,41.2216],[29.04889,41.22325],[29.05042,41.22577],[29.04838,41.22551],[29.03925,41.22594],[29.03771,41.22624],[29.03913,41.22793],[29.03824,41.22841],[29.03909,41.22952],[29.03967,41.2325],[29.04012,41.23341],[29.03652,41.23437],[29.03531,41.23434],[29.0321,41.2329],[29.03067,41.23138],[29.0292,41.2304],[29.02583,41.23109],[29.02379,41.23207],[29.02257,41.23312],[29.02136,41.23603],[29.02168,41.23984],[29.02048,41.23977],[29.01495,41.2403],[29.01332,41.23946],[29.01135,41.23979],[29.00697,41.23829],[29.00609,41.23736],[29.00219,41.23514],[29.0002,41.23438],[28.99452,41.23114],[28.99353,41.23094],[28.9913,41.22792],[28.98939,41.22634],[28.98776,41.22561],[28.98442,41.22539],[28.98296,41.2245],[28.9833,41.22231],[28.97946,41.22115],[28.97763,41.22106],[28.97729,41.22224],[28.97372,41.22077],[28.97151,41.2201],[28.97097,41.21808],[28.97196,41.21734],[28.97125,41.21593],[28.97123,41.21468],[28.97457,41.21313],[28.97451,41.21093],[28.97681,41.20903],[28.97837,41.20625],[28.97992,41.2056],[28.98114,41.20451],[28.98236,41.20472],[28.98442,41.20572],[28.98714,41.20576],[28.98849,41.2064],[28.98984,41.20608],[28.9924,41.20394],[28.99557,41.20449],[28.99687,41.20515],[28.99881,41.20503],[29.00162,41.20269],[29.00164,41.2004],[29.00201,41.19966],[29.00319,41.20016],[29.00365,41.20265],[29.00546,41.20415],[29.00846,41.20554],[29.00953,41.2048],[29.01351,41.2072],[29.01376,41.2084],[29.01569,41.20968],[29.01636,41.21078],[29.01854,41.21077],[29.02061,41.21148],[29.02277,41.21112],[29.02524,41.20955],[29.02758,41.21091],[29.02844,41.2106],[29.03035,41.21244],[29.03172,41.21715],[29.03174,41.21814],[29.03266,41.21996],[29.03455,41.2188],[29.03527,41.2166],[29.03515,41.21569],[29.0342,41.21522],[29.03403,41.21265],[29.03534,41.21309],[29.03597,41.21191],[29.03736,41.21095],[29.04001,41.21045],[29.04029,41.20993],[29.04052,41.20532],[29.0419,41.20788],[29.04419,41.21166],[29.04473,41.21377],[29.04602,41.21505]]]},"properties":{"id":9645050,"name":"Uskumruköy Mahallesi","district_id":1765895}},{"type":"Feature","geometry":{"type":"Polygon","coordinates":[[[29.04602,41.21505],[29.04473,41.21377],[29.04419,41.21166],[29.0419,41.20788],[29.04052,41.20532],[29.04029,41.20993],[29.04001,41.21045],[29.03736,41.21095],[29.03597,41.21191],[29.03534,41.21309],[29.03403,41.21265],[29.0342,41.21522],[29.03515,41.21569],[29.03527,41.2166],[29.03455,41.2188],[29.03266,41.21996],[29.03174,41.21814],[29.03172,41.21715],[29.03035,41.21244],[29.02844,41.2106],[29.02758,41.21091],[29.02524,41.20955],[29.02277,41.21112],[29.02061,41.21148],[29.01854,41.21077],[29.01636,41.21078],[29.01569,41.20968],[29.01376,41.2084],[29.01351,41.2072],[29.00953,41.2048],[29.00846,41.20554],[29.00546,41.20415],[29.00365,41.20265],[29.00319,41.20016],[29.00201,41.19966],[29.00067,41.19839],[28.99887,41.19781],[28.99709,41.19666],[28.99723,41.19505],[28.99792,41.19391],[29.00004,41.19349],[29.00137,41.19245],[29.00312,41.19246],[29.00629,41.19118],[29.01054,41.19131],[29.01286,41.19027],[29.01476,41.18771],[29.0157,41.18769],[29.01919,41.18942],[29.02159,41.19033],[29.02427,41.19126],[29.02559,41.19102],[29.02743,41.19015],[29.03005,41.19041],[29.03248,41.19187],[29.03417,41.19203],[29.03644,41.19104],[29.03787,41.18967],[29.03862,41.18843],[29.04269,41.18632],[29.04301,41.18486],[29.04459,41.18596],[29.04759,41.18639],[29.04709,41.18725],[29.04811,41.18892],[29.04942,41.1874],[29.04997,41.18866],[29.05098,41.18903],[29.05156,41.19008],[29.05292,41.19096],[29.0583,41.19374],[29.06098,41.19543],[29.06221,41.19711],[29.06488,41.1985],[29.06474,41.19982],[29.06337,41.20209],[29.06186,41.20377],[29.06323,41.20459],[29.06349,41.20597],[29.06278,41.20761],[29.06342,41.20938],[29.06115,41.21078],[29.06021,41.2119],[29.0566,41.21303],[29.05431,41.21264],[29.05161,41.21336],[29.04773,41.21354],[29.04602,41.21505]]]},"properties":{"id":9645084,"name":"Zekeriyaköy Mahallesi","district_id":1765895}},{"type":"Feature","geometry":{"type":"Polygon","coordinates":[[[29.04472,41.25365],[29.04294,41.25362],[29.04125,41.25556],[29.03808,41.25652],[29.03897,41.25388],[29.03857,41.25193],[29.03724,41.25034],[29.03562,41.25017],[29.03381,41.24933],[29.03447,41.24755],[29.03314,41.24617],[29.02955,41.24548],[29.0222,41.24498],[29.02093,41.24522],[29.0165,41.24537],[29.01269,41.24573],[29.01533,41.24383],[29.01495,41.2403],[29.02048,41.23977],[29.02168,41.23984],[29.02136,41.23603],[29.02257,41.23312],[29.02379,41.23207],[29.02583,41.23109],[29.0292,41.2304],[29.03067,41.23138],[29.0321,41.2329],[29.03531,41.23434],[29.03652,41.23437],[29.04012,41.23341],[29.04128,41.2352],[29.04191,41.23547],[29.04229,41.23754],[29.04436,41.2383],[29.04342,41.23961],[29.04408,41.24185],[29.04375,41.24311],[29.04564,41.24414],[29.04228,41.24604],[29.04242,41.24731],[29.04354,41.24779],[29.04545,41.2498],[29.04667,41.25223],[29.04645,41.25331],[29.04472,41.25365]]]},"properties":{"id":9645135,"name":"Kumköy (Kilyos) Mahallesi","district_id":1765895}},{"type":"Feature","geometry":{"type":"Polygon","coordinates":[[[29.07834,41.19678],[29.07775,41.1954],[29.07597,41.1941],[29.07394,41.19206],[29.07273,41.19246],[29.07226,41.19418],[29.07073,41.19518],[29.06755,41.19641],[29.06682,41.19738],[29.06488,41.1985],[29.06221,41.19711],[29.06098,41.19543],[29.0583,41.19374],[29.05292,41.19096],[29.05156,41.19008],[29.05098,41.18903],[29.04997,41.18866],[29.04942,41.1874],[29.04902,41.18561],[29.04841,41.18497],[29.05106,41.18386],[29.0523,41.18268],[29.05459,41.18161],[29.0558,41.18037],[29.0573,41.17966],[29.05874,41.18017],[29.05973,41.17932],[29.06282,41.1787],[29.06563,41.17771],[29.0671,41.17674],[29.0704,41.17556],[29.07042,41.1739],[29.07271,41.17502],[29.07387,41.17727],[29.07385,41.18087],[29.07442,41.18083],[29.07624,41.18327],[29.07722,41.18553],[29.08106,41.18782],[29.08336,41.18986],[29.08383,41.19086],[29.08536,41.19237],[29.08617,41.19366],[29.08685,41.19932],[29.08514,41.19836],[29.08178,41.19881],[29.07884,41.19736],[29.07834,41.19678]]]},"properties":{"id":9645141,"name":"Rumelikavağı Mahallesi","district_id":1765895}},{"type":"Feature","geometry":{"type":"Polygon","coordinates":[[[29.04602,41.21505],[29.04773,41.21354],[29.05161,41.21336],[29.05431,41.21264],[29.0566,41.21303],[29.06021,41.2119],[29.06115,41.21078],[29.06342,41.20938],[29.06497,41.21066],[29.06706,41.21321],[29.06665,41.21576],[29.0668,41.21715],[29.06621,41.21827],[29.06726,41.22026],[29.06977,41.2227],[29.07139,41.22368],[29.07156,41.22542],[29.07353,41.22678],[29.07621,41.2307],[29.07593,41.23461],[29.07607,41.23668],[29.07757,41.23848],[29.07799,41.24331],[29.07873,41.24427],[29.07626,41.24593],[29.07562,41.24681],[29.07636,41.24829],[29.07585,41.25077],[29.07381,41.24976],[29.07253,41.24793],[29.07104,41.24846],[29.07104,41.24992],[29.07201,41.2507],[29.07218,41.25167],[29.07038,41.25264],[29.06871,41.25201],[29.06773,41.25286],[29.0664,41.25262],[29.06573,41.25095],[29.06355,41.25097],[29.06194,41.25213],[29.06213,41.25365],[29.06097,41.25398],[29.06043,41.25523],[29.05912,41.25466],[29.05823,41.25493],[29.05613,41.25469],[29.05021,41.25588],[29.0503,41.2568],[29.0491,41.25698],[29.04743,41.25588],[29.04776,41.25518],[29.04537,41.25457],[29.04472,41.25365],[29.04645,41.25331],[29.04667,41.25223],[29.04545,41.2498],[29.04354,41.24779],[29.04242,41.24731],[29.04228,41.24604],[29.04564,41.24414],[29.04375,41.24311],[29.04408,41.24185],[29.04342,41.23961],[29.04436,41.2383],[29.04229,41.23754],[29.04191,41.23547],[29.04128,41.2352],[29.04012,41.23341],[29.03967,41.2325],[29.03909,41.22952],[29.03824,41.22841],[29.03913,41.22793],[29.03771,41.22624],[29.03925,41.22594],[29.04838,41.22551],[29.05042,41.22577],[29.04889,41.22325],[29.0491,41.2216],[29.04814,41.22028],[29.04803,41.21813],[29.04602,41.21505]]]},"properties":{"id":9645153,"name":"Demirciköy Mahallesi","district_id":1765895}},{"type":"Feature","geometry":{"type":"Polygon","coordinates":[[[29.08617,41.19366],[29.08847,41.19622],[29.0887,41.19722],[29.09026,41.19866],[29.09143,41.20036],[29.09287,41.20136],[29.09587,41.20249],[29.09791,41.20296],[29.09772,41.20356],[29.09881,41.20525],[29.10017,41.20607],[29.10241,41.20599],[29.10304,41.20518],[29.1067,41.20564],[29.10615,41.20683],[29.1052,41.2075],[29.10952,41.2107],[29.1104,41.21208],[29.10942,41.2135],[29.1115,41.21417],[29.10781,41.21574],[29.10606,41.21848],[29.10614,41.22015],[29.10674,41.22173],[29.10843,41.22294],[29.10965,41.22306],[29.1052,41.22413],[29.10373,41.2226],[29.10018,41.22169],[29.09462,41.21928],[29.09155,41.21746],[29.09012,41.21625],[29.08887,41.21386],[29.08569,41.21136],[29.08513,41.21012],[29.0832,41.20798],[29.08094,41.20314],[29.08054,41.20047],[29.07834,41.19678],[29.07884,41.19736],[29.08178,41.19881],[29.08514,41.19836],[29.08685,41.19932],[29.08617,41.19366]]]},"properties":{"id":9645159,"name":"Garipçe Mahallesi","district_id":1765895}},{"type":"Feature","geometry":{"type":"Polygon","coordinates":[[[29.06488,41.1985],[29.06682,41.19738],[29.06755,41.19641],[29.07073,41.19518],[29.07226,41.19418],[29.07273,41.19246],[29.07394,41.19206],[29.07597,41.1941],[29.07775,41.1954],[29.07834,41.19678],[29.08054,41.20047],[29.08094,41.20314],[29.0832,41.20798],[29.08513,41.21012],[29.08569,41.21136],[29.08887,41.21386],[29.09012,41.21625],[29.09155,41.21746],[29.09462,41.21928],[29.10018,41.22169],[29.10373,41.2226],[29.1052,41.22413],[29.10965,41.22306],[29.10852,41.22482],[29.1103,41.22557],[29.11001,41.2261],[29.11331,41.22892],[29.11316,41.23033],[29.1121,41.23137],[29.11333,41.23407],[29.11159,41.23487],[29.10954,41.2352],[29.10975,41.2363],[29.11224,41.23758],[29.11163,41.23819],[29.10973,41.23844],[29.10644,41.23727],[29.10702,41.23967],[29.1058,41.23939],[29.10525,41.24042],[29.10324,41.2404],[29.10293,41.24132],[29.10141,41.24111],[29.10006,41.24142],[29.09911,41.24106],[29.09723,41.24354],[29.09538,41.24492],[29.0929,41.24524],[29.09215,41.24352],[29.09138,41.24373],[29.09187,41.24599],[29.0915,41.2471],[29.08979,41.24785],[29.08763,41.24645],[29.08628,41.24652],[29.08534,41.24553],[29.08422,41.24629],[29.0848,41.24708],[29.08324,41.24922],[29.0808,41.24925],[29.07969,41.24883],[29.07904,41.25013],[29.0802,41.25171],[29.07799,41.2539],[29.0761,41.25243],[29.07585,41.25077],[29.07636,41.24829],[29.07562,41.24681],[29.07626,41.24593],[29.07873,41.24427],[29.07799,41.24331],[29.07757,41.23848],[29.07607,41.23668],[29.07593,41.23461],[29.07621,41.2307],[29.07353,41.22678],[29.07156,41.22542],[29.07139,41.22368],[29.06977,41.2227],[29.06726,41.22026],[29.06621,41.21827],[29.0668,41.21715],[29.06665,41.21576],[29.06706,41.21321],[29.06497,41.21066],[29.06342,41.20938],[29.06278,41.20761],[29.06349,41.20597],[29.06323,41.20459],[29.06186,41.20377],[29.06337,41.20209],[29.06474,41.19982],[29.06488,41.1985]]]},"properties":{"id":9645160,"name":"Rumelifeneri Mahallesi","district_id":1765895}},{"type":"Feature","geometry":{"type":"Polygon","coordinates":[[[28.18871,41.08594],[28.18487,41.08701],[28.18225,41.08909],[28.17794,41.09129],[28.17338,41.09241],[28.16972,41.0917],[28.16726,41.09199],[28.16528,41.09262],[28.16359,41.09456],[28.16105,41.0959],[28.15681,41.09611],[28.15424,41.09641],[28.15011,41.09637],[28.14895,41.09696],[28.14719,41.09695],[28.14457,41.09793],[28.14184,41.10104],[28.14037,41.10221],[28.13753,41.09896],[28.13585,41.09733],[28.13265,41.09265],[28.13392,41.09227],[28.13366,41.08975],[28.13107,41.08629],[28.131,41.08436],[28.12943,41.08397],[28.12892,41.08296],[28.12752,41.08234],[28.12626,41.08122],[28.12176,41.07946],[28.12084,41.07861],[28.12307,41.07681],[28.12303,41.07621],[28.12153,41.07481],[28.12107,41.07316],[28.12303,41.0734],[28.12277,41.07003],[28.12296,41.06757],[28.12445,41.06442],[28.12575,41.06525],[28.1265,41.064],[28.12826,41.06518],[28.13253,41.06664],[28.13545,41.06726],[28.13798,41.06743],[28.13967,41.06814],[28.14297,41.06903],[28.14944,41.06959],[28.15205,41.07011],[28.15578,41.06963],[28.15746,41.07084],[28.16099,41.07178],[28.16443,41.07244],[28.16858,41.07273],[28.16988,41.073],[28.18163,41.07339],[28.18489,41.07328],[28.1853,41.07376],[28.18564,41.0772],[28.18627,41.07808],[28.18782,41.07866],[28.18755,41.08077],[28.18865,41.08496],[28.18871,41.08594]]]},"properties":{"id":9669360,"name":"Semizkumlar Mahallesi","district_id":1275379}},{"type":"Feature","geometry":{"type":"Polygon","coordinates":[[[28.26534,41.35123],[28.26381,41.34819],[28.26306,41.34719],[28.25684,41.34674],[28.25233,41.34626],[28.24776,41.34367],[28.24576,41.3448],[28.24272,41.34486],[28.24179,41.34535],[28.24049,41.34438],[28.23796,41.34415],[28.23591,41.34353],[28.2332,41.34245],[28.23205,41.34269],[28.22784,41.34289],[28.22624,41.34349],[28.22488,41.34316],[28.22217,41.34521],[28.22064,41.34598],[28.21887,41.34627],[28.21701,41.34515],[28.21611,41.34362],[28.21321,41.34105],[28.21268,41.33797],[28.21137,41.33548],[28.20914,41.33203],[28.20699,41.33069],[28.2062,41.32932],[28.20487,41.32828],[28.20479,41.32644],[28.20737,41.3207],[28.20898,41.31881],[28.21135,41.31688],[28.2134,41.31578],[28.21471,41.31558],[28.21597,41.31484],[28.21261,41.31148],[28.21076,41.31073],[28.21026,41.31011],[28.20825,41.30919],[28.20732,41.30685],[28.20845,41.30418],[28.20825,41.30266],[28.20714,41.30107],[28.20716,41.29835],[28.20776,41.29711],[28.20937,41.29755],[28.2108,41.29674],[28.21047,41.29445],[28.21276,41.29349],[28.21344,41.29289],[28.21307,41.29142],[28.21424,41.28967],[28.21254,41.28683],[28.21267,41.28614],[28.20944,41.28118],[28.21144,41.27999],[28.21225,41.28002],[28.21348,41.27873],[28.21442,41.27677],[28.21539,41.27654],[28.21571,41.27479],[28.21713,41.2738],[28.2168,41.27155],[28.21555,41.26982],[28.22045,41.26983],[28.22321,41.26799],[28.22439,41.26764],[28.22651,41.26786],[28.2296,41.26919],[28.23228,41.2669],[28.23364,41.26678],[28.23306,41.26974],[28.2336,41.27061],[28.24278,41.27294],[28.24628,41.27453],[28.25939,41.28007],[28.29329,41.27324],[28.27973,41.29757],[28.27484,41.31261],[28.2733,41.31323],[28.2712,41.31537],[28.26719,41.31791],[28.26541,41.32331],[28.26534,41.32442],[28.27421,41.33388],[28.27547,41.33467],[28.27489,41.33549],[28.2765,41.33728],[28.2767,41.33936],[28.27794,41.34109],[28.27977,41.34256],[28.2814,41.34636],[28.27905,41.34961],[28.2755,41.35174],[28.27461,41.35324],[28.27278,41.35391],[28.27252,41.35567],[28.27111,41.35583],[28.26808,41.35457],[28.26664,41.35346],[28.26534,41.35123]]]},"properties":{"id":9670364,"name":"Danamandıra Mahallesi","district_id":1275379}},{"type":"Feature","geometry":{"type":"Polygon","coordinates":[[[28.15647,41.35888],[28.15356,41.35906],[28.14932,41.35835],[28.14395,41.35782],[28.14062,41.35946],[28.13863,41.35982],[28.13591,41.36075],[28.13363,41.36303],[28.13237,41.36379],[28.13249,41.36143],[28.13377,41.3605],[28.13376,41.35919],[28.13437,41.35765],[28.13436,41.35641],[28.13547,41.35563],[28.13631,41.35391],[28.13578,41.35323],[28.13596,41.35165],[28.13482,41.35067],[28.13587,41.34929],[28.13502,41.34812],[28.13183,41.34256],[28.12595,41.33659],[28.12413,41.33452],[28.12498,41.33334],[28.12686,41.33376],[28.12796,41.33346],[28.12792,41.33207],[28.12884,41.33062],[28.12915,41.32895],[28.12875,41.32802],[28.12957,41.32751],[28.13079,41.32524],[28.13079,41.32397],[28.13307,41.32112],[28.13417,41.32068],[28.13638,41.32048],[28.13822,41.31987],[28.13906,41.31842],[28.14052,41.31775],[28.14115,41.31672],[28.14343,41.3166],[28.14484,41.31533],[28.14454,41.31358],[28.1465,41.31152],[28.14835,41.31052],[28.15233,41.31074],[28.15299,41.30937],[28.15384,41.30656],[28.15485,41.30612],[28.15555,41.30499],[28.15707,41.30399],[28.15825,41.30384],[28.16192,41.30133],[28.1638,41.29924],[28.1653,41.29898],[28.16593,41.29738],[28.16908,41.29417],[28.16991,41.29216],[28.17168,41.29225],[28.1722,41.293],[28.17367,41.29369],[28.17343,41.29192],[28.17373,41.28863],[28.17464,41.28689],[28.17572,41.28709],[28.18191,41.28747],[28.1859,41.28816],[28.18672,41.287],[28.18736,41.28495],[28.18882,41.28453],[28.19111,41.28476],[28.19384,41.28567],[28.19555,41.28334],[28.19575,41.28234],[28.19703,41.28147],[28.19705,41.28079],[28.19854,41.28013],[28.19946,41.27908],[28.1998,41.27626],[28.2008,41.27479],[28.20231,41.27492],[28.2029,41.27419],[28.20048,41.27353],[28.20184,41.27251],[28.2034,41.27193],[28.20378,41.26999],[28.20277,41.26913],[28.20237,41.26786],[28.20576,41.26728],[28.20842,41.26728],[28.2098,41.26793],[28.21062,41.26766],[28.21151,41.26864],[28.21268,41.26901],[28.21339,41.27015],[28.21555,41.26982],[28.2168,41.27155],[28.21713,41.2738],[28.21571,41.27479],[28.21539,41.27654],[28.21442,41.27677],[28.21348,41.27873],[28.21225,41.28002],[28.21144,41.27999],[28.20944,41.28118],[28.21267,41.28614],[28.21254,41.28683],[28.21424,41.28967],[28.21307,41.29142],[28.21344,41.29289],[28.21276,41.29349],[28.21047,41.29445],[28.2108,41.29674],[28.20937,41.29755],[28.20776,41.29711],[28.20716,41.29835],[28.20714,41.30107],[28.20825,41.30266],[28.20845,41.30418],[28.20732,41.30685],[28.20825,41.30919],[28.21026,41.31011],[28.21076,41.31073],[28.21261,41.31148],[28.21597,41.31484],[28.21471,41.31558],[28.2134,41.31578],[28.21135,41.31688],[28.20898,41.31881],[28.20737,41.3207],[28.20479,41.32644],[28.20487,41.32828],[28.2062,41.32932],[28.20699,41.33069],[28.20914,41.33203],[28.21137,41.33548],[28.20971,41.33786],[28.20869,41.34153],[28.20717,41.34211],[28.20494,41.34521],[28.19649,41.34774],[28.17533,41.35491],[28.15984,41.35861],[28.15647,41.35888]]]},"properties":{"id":9670918,"name":"Sayalar Mahallesi","district_id":1275379}},{"type":"Feature","geometry":{"type":"Polygon","coordinates":[[[28.95387,41.10486],[28.95748,41.10603],[28.95875,41.10599],[28.96015,41.10671],[28.96212,41.11105],[28.96071,41.11151],[28.95876,41.11347],[28.95982,41.11407],[28.96029,41.11835],[28.96205,41.11892],[28.96097,41.12096],[28.96096,41.12346],[28.95995,41.12492],[28.95989,41.1274],[28.96217,41.12939],[28.96506,41.1315],[28.96546,41.1333],[28.96411,41.1345],[28.96788,41.13671],[28.96936,41.14035],[28.9714,41.14229],[28.97414,41.14436],[28.97465,41.14585],[28.97632,41.14721],[28.97543,41.14903],[28.97559,41.15206],[28.97338,41.15589],[28.9714,41.15748],[28.96941,41.15765],[28.96807,41.15814],[28.96714,41.15761],[28.96153,41.15708],[28.95931,41.15669],[28.95704,41.158],[28.95785,41.16042],[28.95201,41.16047],[28.9522,41.16275],[28.94503,41.16389],[28.9307,41.16586],[28.92885,41.16643],[28.92839,41.16496],[28.92691,41.16482],[28.92636,41.16177],[28.92527,41.16123],[28.92252,41.16142],[28.9209,41.16089],[28.91659,41.16014],[28.91525,41.16082],[28.91403,41.16026],[28.91325,41.15866],[28.9154,41.15625],[28.91861,41.14963],[28.92124,41.14752],[28.92363,41.14737],[28.92499,41.14384],[28.92443,41.14214],[28.92542,41.14146],[28.92631,41.13893],[28.92766,41.13771],[28.92985,41.13642],[28.9348,41.13387],[28.93903,41.13307],[28.94314,41.13109],[28.94431,41.12984],[28.9447,41.12859],[28.94551,41.12432],[28.9464,41.12044],[28.94694,41.11717],[28.94832,41.11448],[28.94998,41.11],[28.95213,41.1074],[28.95387,41.10486]]]},"properties":{"id":9675979,"name":"Mimar Sinan Mahallesi","district_id":1766103}},{"type":"Feature","geometry":{"type":"Polygon","coordinates":[[[28.93271,41.2313],[28.93125,41.23027],[28.92826,41.22992],[28.92676,41.23162],[28.92452,41.23279],[28.92402,41.23385],[28.92252,41.23538],[28.92156,41.23686],[28.91965,41.23829],[28.91975,41.23629],[28.9187,41.23337],[28.91735,41.23315],[28.91575,41.23355],[28.91402,41.23441],[28.91183,41.23466],[28.91103,41.23433],[28.90893,41.23196],[28.90775,41.23325],[28.90557,41.23377],[28.90148,41.23376],[28.90128,41.23626],[28.89555,41.2374],[28.89249,41.23596],[28.89097,41.23418],[28.88933,41.23328],[28.88971,41.23121],[28.89028,41.23043],[28.89058,41.22865],[28.89046,41.22663],[28.89121,41.22615],[28.89321,41.22337],[28.89458,41.222],[28.89467,41.22068],[28.89662,41.21826],[28.89612,41.21705],[28.8968,41.21367],[28.89609,41.21171],[28.89666,41.21035],[28.90004,41.20827],[28.90297,41.20399],[28.90336,41.20288],[28.90205,41.20137],[28.90252,41.19995],[28.90384,41.19982],[28.90441,41.19857],[28.90542,41.19769],[28.90542,41.19555],[28.90609,41.19143],[28.90557,41.18866],[28.90476,41.18752],[28.9046,41.18584],[28.90371,41.18511],[28.90345,41.18371],[28.90412,41.18291],[28.90578,41.17511],[28.90448,41.17261],[28.90236,41.17103],[28.90045,41.16883],[28.89635,41.1683],[28.89402,41.16823],[28.89292,41.16781],[28.89112,41.16645],[28.89043,41.16387],[28.8912,41.16212],[28.88946,41.15834],[28.88866,41.15484],[28.88839,41.14916],[28.889,41.1461],[28.88733,41.14578],[28.88627,41.14713],[28.88431,41.14851],[28.88246,41.14859],[28.88308,41.14691],[28.88512,41.14514],[28.8882,41.13904],[28.88999,41.13728],[28.8907,41.13668],[28.89607,41.13511],[28.89925,41.13319],[28.90126,41.12848],[28.90272,41.12685],[28.90654,41.12469],[28.9063,41.12384],[28.90502,41.12333],[28.90416,41.12214],[28.90168,41.12216],[28.90162,41.12119],[28.9026,41.12164],[28.90462,41.12178],[28.90559,41.12248],[28.90709,41.12249],[28.90787,41.11987],[28.91043,41.11761],[28.91059,41.11611],[28.91004,41.11542],[28.91138,41.11443],[28.91384,41.11427],[28.91813,41.11474],[28.92164,41.10917],[28.92063,41.10765],[28.92412,41.10688],[28.92747,41.10675],[28.93172,41.10801],[28.93369,41.11073],[28.93603,41.11346],[28.94043,41.11414],[28.94247,41.11462],[28.94603,41.11703],[28.94694,41.11717],[28.9464,41.12044],[28.94551,41.12432],[28.9447,41.12859],[28.94431,41.12984],[28.94314,41.13109],[28.93903,41.13307],[28.9348,41.13387],[28.92985,41.13642],[28.92766,41.13771],[28.92631,41.13893],[28.92542,41.14146],[28.92443,41.14214],[28.92499,41.14384],[28.92363,41.14737],[28.92124,41.14752],[28.91861,41.14963],[28.9154,41.15625],[28.91325,41.15866],[28.91403,41.16026],[28.91525,41.16082],[28.91659,41.16014],[28.9209,41.16089],[28.92252,41.16142],[28.92527,41.16123],[28.92636,41.16177],[28.92691,41.16482],[28.92839,41.16496],[28.92885,41.16643],[28.9307,41.16586],[28.94503,41.16389],[28.9522,41.16275],[28.95371,41.17879],[28.95406,41.19364],[28.951,41.19458],[28.9502,41.19528],[28.94804,41.19922],[28.94839,41.20142],[28.94777,41.20341],[28.94787,41.20507],[28.94892,41.20638],[28.94921,41.20775],[28.95108,41.20994],[28.95149,41.2117],[28.9534,41.21465],[28.95374,41.2166],[28.95312,41.2178],[28.95385,41.21928],[28.95326,41.2208],[28.95151,41.22021],[28.94999,41.22046],[28.94881,41.22148],[28.94704,41.22192],[28.94174,41.22148],[28.94056,41.2223],[28.9371,41.2223],[28.93634,41.22313],[28.93702,41.22439],[28.93533,41.22427],[28.93491,41.22496],[28.93567,41.22667],[28.93516,41.22959],[28.93362,41.23123],[28.93271,41.2313]]]},"properties":{"id":9677347,"name":"Mithatpaşa Mahallesi","district_id":1766103}},{"type":"Feature","geometry":{"type":"Polygon","coordinates":[[[28.84127,41.20833],[28.84347,41.20715],[28.84627,41.20643],[28.84766,41.20533],[28.84894,41.2033],[28.85319,41.20371],[28.85493,41.20292],[28.85503,41.20165],[28.85672,41.20059],[28.85998,41.20099],[28.86151,41.20043],[28.85486,41.19685],[28.85292,41.19437],[28.85435,41.19194],[28.85769,41.18849],[28.86083,41.187],[28.86324,41.18515],[28.86475,41.1834],[28.86516,41.18245],[28.86456,41.17995],[28.86521,41.17821],[28.86659,41.17696],[28.86678,41.17532],[28.86539,41.17271],[28.86573,41.17185],[28.86549,41.17019],[28.8662,41.16879],[28.86899,41.16757],[28.86953,41.16666],[28.87112,41.16593],[28.87196,41.16499],[28.87364,41.16052],[28.87241,41.15969],[28.87265,41.15773],[28.87665,41.15538],[28.88048,41.15384],[28.88224,41.15232],[28.88254,41.15074],[28.88246,41.14859],[28.88431,41.14851],[28.88627,41.14713],[28.88733,41.14578],[28.889,41.1461],[28.88839,41.14916],[28.88866,41.15484],[28.88946,41.15834],[28.8912,41.16212],[28.89043,41.16387],[28.89112,41.16645],[28.89292,41.16781],[28.89402,41.16823],[28.89635,41.1683],[28.90045,41.16883],[28.90236,41.17103],[28.90448,41.17261],[28.90578,41.17511],[28.90412,41.18291],[28.90345,41.18371],[28.90371,41.18511],[28.9046,41.18584],[28.90476,41.18752],[28.90557,41.18866],[28.90609,41.19143],[28.90542,41.19555],[28.90542,41.19769],[28.90441,41.19857],[28.90384,41.19982],[28.90252,41.19995],[28.90205,41.20137],[28.90336,41.20288],[28.90297,41.20399],[28.90004,41.20827],[28.89666,41.21035],[28.89609,41.21171],[28.8968,41.21367],[28.89612,41.21705],[28.89662,41.21826],[28.89467,41.22068],[28.89458,41.222],[28.89321,41.22337],[28.89121,41.22615],[28.89046,41.22663],[28.89058,41.22865],[28.88996,41.23027],[28.88034,41.23008],[28.87473,41.2292],[28.87415,41.22733],[28.8719,41.22496],[28.86784,41.22523],[28.86151,41.22465],[28.85934,41.22418],[28.85674,41.22088],[28.85527,41.21866],[28.85173,41.21902],[28.85014,41.21818],[28.84718,41.21422],[28.8433,41.21083],[28.84127,41.20833]]]},"properties":{"id":9677558,"name":"Göktürk Merkez Mahallesi","district_id":1766103}},{"type":"Feature","geometry":{"type":"Polygon","coordinates":[[[28.83971,41.20928],[28.83742,41.21008],[28.83214,41.21104],[28.83014,41.21091],[28.82821,41.20864],[28.82572,41.20746],[28.82079,41.20724],[28.81924,41.203],[28.81605,41.20105],[28.81861,41.19787],[28.81915,41.19664],[28.81819,41.19416],[28.8193,41.19224],[28.81809,41.19101],[28.81868,41.18966],[28.81856,41.18802],[28.81788,41.1868],[28.81964,41.18351],[28.82144,41.18252],[28.82017,41.18034],[28.81976,41.17898],[28.81955,41.17516],[28.81665,41.17505],[28.81423,41.17557],[28.81372,41.17454],[28.81449,41.17362],[28.81438,41.17061],[28.81386,41.16853],[28.8143,41.16646],[28.8137,41.16443],[28.81387,41.16349],[28.81622,41.16],[28.8157,41.1578],[28.81556,41.15566],[28.81473,41.15432],[28.81635,41.1529],[28.8166,41.15158],[28.81725,41.14295],[28.81515,41.14118],[28.81519,41.13633],[28.8203,41.13636],[28.82267,41.13582],[28.82385,41.13523],[28.82625,41.13567],[28.82869,41.13559],[28.83058,41.13511],[28.83326,41.13364],[28.8336,41.13465],[28.8326,41.13642],[28.83302,41.14019],[28.83277,41.14173],[28.83357,41.14273],[28.83561,41.14354],[28.83817,41.14542],[28.84138,41.14823],[28.84274,41.15096],[28.84327,41.15137],[28.84567,41.15183],[28.84738,41.1531],[28.84826,41.1542],[28.85345,41.15555],[28.85465,41.1569],[28.86139,41.15981],[28.86231,41.15868],[28.86694,41.15715],[28.86698,41.15626],[28.86572,41.153],[28.86657,41.15183],[28.86779,41.15172],[28.87064,41.15254],[28.87236,41.15241],[28.87435,41.15161],[28.87578,41.15034],[28.87554,41.14667],[28.87394,41.14373],[28.87406,41.14298],[28.87615,41.1422],[28.87789,41.14284],[28.8791,41.1441],[28.87995,41.14609],[28.8813,41.147],[28.88308,41.14691],[28.88246,41.14859],[28.88254,41.15074],[28.88224,41.15232],[28.88048,41.15384],[28.87665,41.15538],[28.87265,41.15773],[28.87241,41.15969],[28.87364,41.16052],[28.87196,41.16499],[28.87112,41.16593],[28.86953,41.16666],[28.86899,41.16757],[28.8662,41.16879],[28.86549,41.17019],[28.86573,41.17185],[28.86539,41.17271],[28.86678,41.17532],[28.86659,41.17696],[28.86521,41.17821],[28.86456,41.17995],[28.86516,41.18245],[28.86475,41.1834],[28.86324,41.18515],[28.86083,41.187],[28.85769,41.18849],[28.85435,41.19194],[28.85292,41.19437],[28.85486,41.19685],[28.86151,41.20043],[28.85998,41.20099],[28.85672,41.20059],[28.85503,41.20165],[28.85493,41.20292],[28.85319,41.20371],[28.84894,41.2033],[28.84766,41.20533],[28.84627,41.20643],[28.84347,41.20715],[28.84127,41.20833],[28.83971,41.20928]]]},"properties":{"id":9677564,"name":"Pirinççi Mahallesi","district_id":1766103}},{"type":"Feature","geometry":{"type":"Polygon","coordinates":[[[28.83971,41.20928],[28.84193,41.21493],[28.84263,41.21958],[28.84408,41.22278],[28.84523,41.22366],[28.84637,41.22896],[28.84464,41.23026],[28.84296,41.23078],[28.84116,41.23239],[28.84141,41.23378],[28.84453,41.23744],[28.84489,41.23822],[28.83952,41.23897],[28.83721,41.23871],[28.83752,41.24234],[28.83909,41.24414],[28.83978,41.24564],[28.84142,41.24787],[28.8381,41.24665],[28.83453,41.24645],[28.83373,41.24731],[28.83073,41.24855],[28.82819,41.24872],[28.8238,41.24871],[28.82313,41.24713],[28.82237,41.2465],[28.82143,41.24466],[28.81916,41.24245],[28.81634,41.23914],[28.81511,41.23715],[28.80729,41.23376],[28.80651,41.23113],[28.80508,41.23],[28.80429,41.22847],[28.80239,41.22785],[28.80558,41.22613],[28.80452,41.22538],[28.80319,41.22376],[28.79857,41.22253],[28.79997,41.22164],[28.80563,41.22141],[28.80886,41.22002],[28.81065,41.2185],[28.81084,41.21614],[28.81259,41.21505],[28.81467,41.21312],[28.81487,41.21182],[28.81606,41.21075],[28.81728,41.21092],[28.81842,41.21022],[28.81956,41.20812],[28.82079,41.20724],[28.82572,41.20746],[28.82821,41.20864],[28.83014,41.21091],[28.83214,41.21104],[28.83742,41.21008],[28.83971,41.20928]]]},"properties":{"id":9677566,"name":"Işıklar Mahallesi","district_id":1766103}},{"type":"Feature","geometry":{"type":"Polygon","coordinates":[[[28.79857,41.22253],[28.80319,41.22376],[28.80452,41.22538],[28.80558,41.22613],[28.80239,41.22785],[28.80429,41.22847],[28.80508,41.23],[28.80651,41.23113],[28.80729,41.23376],[28.81511,41.23715],[28.81634,41.23914],[28.81916,41.24245],[28.82143,41.24466],[28.82237,41.2465],[28.82313,41.24713],[28.8238,41.24871],[28.82078,41.25414],[28.81935,41.25329],[28.81761,41.25277],[28.81195,41.25039],[28.81024,41.24899],[28.80727,41.24795],[28.80559,41.24672],[28.80229,41.24617],[28.79929,41.24626],[28.79605,41.24755],[28.79524,41.24835],[28.79215,41.24783],[28.78762,41.24758],[28.78704,41.24594],[28.7868,41.2432],[28.78831,41.24054],[28.78849,41.2381],[28.7889,41.23673],[28.7907,41.23525],[28.7928,41.23455],[28.79453,41.2332],[28.79458,41.23211],[28.79712,41.22968],[28.79779,41.22731],[28.79602,41.22583],[28.79653,41.2231],[28.79857,41.22253]]]},"properties":{"id":9677569,"name":"İhsaniye Mahallesi","district_id":1766103}},{"type":"Feature","geometry":{"type":"Polygon","coordinates":[[[28.84127,41.20833],[28.8433,41.21083],[28.84718,41.21422],[28.85014,41.21818],[28.85173,41.21902],[28.85527,41.21866],[28.85674,41.22088],[28.85934,41.22418],[28.86151,41.22465],[28.86784,41.22523],[28.8719,41.22496],[28.87415,41.22733],[28.87473,41.2292],[28.88034,41.23008],[28.88996,41.23027],[28.89058,41.22865],[28.89028,41.23043],[28.88971,41.23121],[28.88933,41.23328],[28.8878,41.23343],[28.88648,41.23545],[28.88301,41.23737],[28.8817,41.23882],[28.88083,41.24142],[28.88182,41.24263],[28.88002,41.24388],[28.87827,41.24324],[28.87655,41.24332],[28.87469,41.24153],[28.87196,41.24035],[28.86752,41.24055],[28.866,41.24032],[28.86396,41.241],[28.86259,41.24077],[28.86063,41.24113],[28.85876,41.24048],[28.85616,41.24072],[28.85498,41.24024],[28.85237,41.24253],[28.85029,41.24631],[28.84881,41.24806],[28.84709,41.24877],[28.8446,41.24884],[28.84142,41.24787],[28.83978,41.24564],[28.83909,41.24414],[28.83752,41.24234],[28.83721,41.23871],[28.83952,41.23897],[28.84489,41.23822],[28.84453,41.23744],[28.84141,41.23378],[28.84116,41.23239],[28.84296,41.23078],[28.84464,41.23026],[28.84637,41.22896],[28.84523,41.22366],[28.84408,41.22278],[28.84263,41.21958],[28.84193,41.21493],[28.83971,41.20928],[28.84127,41.20833]]]},"properties":{"id":9677573,"name":"Odayeri Mahallesi","district_id":1766103}},{"type":"Feature","geometry":{"type":"Polygon","coordinates":[[[28.88933,41.23328],[28.89097,41.23418],[28.89249,41.23596],[28.89555,41.2374],[28.90128,41.23626],[28.90148,41.23376],[28.90557,41.23377],[28.90775,41.23325],[28.90893,41.23196],[28.91103,41.23433],[28.91183,41.23466],[28.91402,41.23441],[28.91575,41.23355],[28.91735,41.23315],[28.9187,41.23337],[28.91975,41.23629],[28.91965,41.23829],[28.92156,41.23686],[28.92252,41.23538],[28.92402,41.23385],[28.92452,41.23279],[28.92676,41.23162],[28.92826,41.22992],[28.93125,41.23027],[28.93271,41.2313],[28.93257,41.23198],[28.93572,41.2372],[28.93668,41.24243],[28.93803,41.24506],[28.94073,41.24841],[28.9403,41.25119],[28.94325,41.25632],[28.94671,41.25708],[28.94848,41.25879],[28.94929,41.26178],[28.94814,41.26215],[28.94572,41.26207],[28.94319,41.26248],[28.9422,41.26349],[28.9394,41.26445],[28.93746,41.26546],[28.93223,41.26734],[28.92951,41.26797],[28.92618,41.26996],[28.92162,41.27154],[28.91616,41.27192],[28.91546,41.27091],[28.91111,41.27018],[28.90935,41.27142],[28.90802,41.27106],[28.90679,41.27187],[28.9038,41.2728],[28.90177,41.2743],[28.90043,41.27464],[28.89816,41.27441],[28.89815,41.27259],[28.89776,41.27082],[28.89638,41.26808],[28.89552,41.26508],[28.89477,41.26121],[28.89417,41.26084],[28.88823,41.25863],[28.88608,41.25829],[28.88449,41.25866],[28.8828,41.25784],[28.88089,41.25737],[28.87973,41.25573],[28.87948,41.25379],[28.8785,41.25195],[28.87834,41.24922],[28.87995,41.24885],[28.88041,41.24795],[28.87993,41.24584],[28.88002,41.24388],[28.88182,41.24263],[28.88083,41.24142],[28.8817,41.23882],[28.88301,41.23737],[28.88648,41.23545],[28.8878,41.23343],[28.88933,41.23328]]]},"properties":{"id":9677586,"name":"Çiftalan Mahallesi","district_id":1766103}},{"type":"Feature","geometry":{"type":"Polygon","coordinates":[[[28.84709,41.24877],[28.84881,41.24806],[28.85029,41.24631],[28.85237,41.24253],[28.85498,41.24024],[28.85616,41.24072],[28.85876,41.24048],[28.86063,41.24113],[28.86259,41.24077],[28.86396,41.241],[28.866,41.24032],[28.86752,41.24055],[28.87196,41.24035],[28.87469,41.24153],[28.87655,41.24332],[28.87827,41.24324],[28.88002,41.24388],[28.87993,41.24584],[28.88041,41.24795],[28.87995,41.24885],[28.87834,41.24922],[28.8785,41.25195],[28.87948,41.25379],[28.87973,41.25573],[28.88089,41.25737],[28.8828,41.25784],[28.88449,41.25866],[28.88608,41.25829],[28.88823,41.25863],[28.89417,41.26084],[28.89477,41.26121],[28.89552,41.26508],[28.89638,41.26808],[28.89776,41.27082],[28.89815,41.27259],[28.89816,41.27441],[28.89608,41.27416],[28.89132,41.27485],[28.88684,41.27417],[28.88335,41.27506],[28.87437,41.27696],[28.86718,41.27925],[28.86258,41.27996],[28.85497,41.28216],[28.85099,41.2836],[28.84875,41.28467],[28.84715,41.28584],[28.84572,41.28522],[28.84507,41.28393],[28.84366,41.28339],[28.84276,41.28229],[28.84369,41.28112],[28.8434,41.27969],[28.84666,41.27994],[28.84525,41.27806],[28.84409,41.27745],[28.84409,41.276],[28.84456,41.27416],[28.84465,41.27074],[28.84589,41.26945],[28.84469,41.26865],[28.84306,41.26645],[28.84117,41.26442],[28.84139,41.26403],[28.8389,41.25932],[28.8383,41.2567],[28.83714,41.25571],[28.83877,41.25368],[28.84709,41.24877]]]},"properties":{"id":9677587,"name":"Ağaçlı Mahallesi","district_id":1766103}},{"type":"Feature","geometry":{"type":"Polygon","coordinates":[[[28.78762,41.24758],[28.79215,41.24783],[28.79524,41.24835],[28.79605,41.24755],[28.79929,41.24626],[28.80229,41.24617],[28.80559,41.24672],[28.80727,41.24795],[28.81024,41.24899],[28.81195,41.25039],[28.81761,41.25277],[28.81935,41.25329],[28.82078,41.25414],[28.8238,41.24871],[28.82819,41.24872],[28.83073,41.24855],[28.83373,41.24731],[28.83453,41.24645],[28.8381,41.24665],[28.84142,41.24787],[28.8446,41.24884],[28.84709,41.24877],[28.83877,41.25368],[28.83714,41.25571],[28.8383,41.2567],[28.8389,41.25932],[28.84139,41.26403],[28.84117,41.26442],[28.84306,41.26645],[28.84469,41.26865],[28.84589,41.26945],[28.84465,41.27074],[28.84456,41.27416],[28.84409,41.276],[28.84409,41.27745],[28.84525,41.27806],[28.84666,41.27994],[28.8434,41.27969],[28.84369,41.28112],[28.84276,41.28229],[28.84366,41.28339],[28.84507,41.28393],[28.84572,41.28522],[28.84715,41.28584],[28.84494,41.28704],[28.84019,41.28706],[28.83717,41.28686],[28.83347,41.28834],[28.83013,41.29003],[28.82423,41.29189],[28.82099,41.29358],[28.82021,41.29507],[28.8166,41.29792],[28.81478,41.29899],[28.81169,41.30016],[28.81035,41.30022],[28.80627,41.30276],[28.80106,41.30326],[28.79852,41.30262],[28.79552,41.30265],[28.79103,41.30417],[28.78971,41.30494],[28.78886,41.30611],[28.78738,41.30516],[28.78655,41.3041],[28.78584,41.30223],[28.78471,41.29804],[28.78513,41.29533],[28.78418,41.29373],[28.78293,41.28941],[28.78347,41.28781],[28.78181,41.28456],[28.78128,41.27962],[28.7795,41.27771],[28.77749,41.2761],[28.77737,41.27459],[28.77772,41.27285],[28.77624,41.2721],[28.77695,41.27107],[28.7763,41.27018],[28.77441,41.27],[28.77328,41.27054],[28.77008,41.27032],[28.77002,41.26938],[28.77133,41.2676],[28.77168,41.26506],[28.77316,41.26284],[28.7731,41.26137],[28.77447,41.2599],[28.77482,41.25839],[28.77571,41.25803],[28.77908,41.25779],[28.78076,41.25635],[28.78234,41.25407],[28.78408,41.25105],[28.78619,41.24872],[28.78762,41.24758]]]},"properties":{"id":9677588,"name":"Akpınar Mahallesi","district_id":1766103}},{"type":"Feature","geometry":{"type":"Polygon","coordinates":[[[28.02558,41.08645],[28.02917,41.09162],[28.01662,41.09539],[28.01345,41.09736],[28.00647,41.10126],[28.00355,41.10127],[27.99997,41.10488],[27.99929,41.10451],[27.99403,41.10725],[27.99148,41.10807],[27.99004,41.1088],[27.98801,41.11107],[27.98293,41.11246],[27.97736,41.11143],[27.97556,41.10984],[27.97363,41.10932],[27.97298,41.1087],[27.97498,41.10797],[27.97582,41.10721],[27.97547,41.10598],[27.97342,41.10254],[27.97218,41.10084],[27.97085,41.09983],[27.9765,41.09852],[27.97795,41.09899],[27.97826,41.09703],[27.97751,41.0966],[27.97672,41.09443],[27.97712,41.09325],[27.97675,41.0916],[27.97519,41.09027],[27.97477,41.08766],[27.9758,41.08641],[27.97744,41.08566],[27.97881,41.08455],[27.97844,41.08221],[27.97629,41.08086],[27.975,41.07963],[27.97467,41.07791],[27.97561,41.07525],[27.97956,41.07561],[27.98101,41.07603],[27.98194,41.0754],[27.98185,41.07382],[27.98108,41.07225],[27.98169,41.07155],[27.98399,41.07165],[27.98235,41.07016],[27.98018,41.06778],[27.97686,41.06626],[27.97575,41.06614],[27.9757,41.06492],[27.97663,41.06487],[27.9817,41.06577],[27.98365,41.06728],[27.98462,41.06751],[27.98577,41.06964],[27.99426,41.06926],[27.99706,41.06879],[27.9988,41.0682],[28.0037,41.0726],[28.00691,41.07652],[28.0088,41.07471],[28.01134,41.07359],[28.01615,41.07738],[28.01934,41.08233],[28.01962,41.084],[28.02043,41.08615],[28.02123,41.08732],[28.02558,41.08645]]]},"properties":{"id":9679437,"name":"Değirmenköy Fevzipaşa Mahallesi","district_id":1275379}},{"type":"Feature","geometry":{"type":"Polygon","coordinates":[[[29.24047,41.0464],[29.24119,41.04751],[29.24415,41.04833],[29.24706,41.0477],[29.24919,41.04674],[29.25204,41.0461],[29.25248,41.0468],[29.25468,41.04477],[29.25692,41.04415],[29.25925,41.04375],[29.26269,41.04438],[29.26807,41.04688],[29.26791,41.05136],[29.26946,41.05383],[29.26935,41.05455],[29.27023,41.05824],[29.26965,41.06061],[29.26888,41.06255],[29.26866,41.06482],[29.26983,41.0665],[29.26901,41.06851],[29.26905,41.06959],[29.26755,41.06966],[29.26562,41.07189],[29.26424,41.07081],[29.26359,41.06836],[29.26266,41.06687],[29.26043,41.06559],[29.25942,41.06639],[29.25758,41.0664],[29.25617,41.06472],[29.25451,41.06465],[29.25385,41.06402],[29.25254,41.06428],[29.25139,41.06517],[29.24868,41.06511],[29.24681,41.06559],[29.24555,41.06636],[29.24559,41.06754],[29.24247,41.06643],[29.24168,41.06578],[29.23916,41.06105],[29.23957,41.05841],[29.23835,41.05718],[29.23814,41.05494],[29.23996,41.05213],[29.23966,41.04957],[29.24047,41.0464]]]},"properties":{"id":9679470,"name":"Çatalmeşe Mahallesi","district_id":1276034}},{"type":"Feature","geometry":{"type":"Polygon","coordinates":[[[29.24896,41.11056],[29.24911,41.10848],[29.25012,41.10787],[29.24863,41.10457],[29.24728,41.10349],[29.24526,41.10294],[29.2438,41.10293],[29.24398,41.1039],[29.24245,41.10428],[29.24104,41.10299],[29.23944,41.10228],[29.23739,41.10382],[29.23535,41.10411],[29.23457,41.10556],[29.23419,41.1075],[29.23353,41.10781],[29.23355,41.10948],[29.23221,41.10997],[29.23009,41.10794],[29.22985,41.10691],[29.2277,41.10659],[29.22614,41.10578],[29.22196,41.10437],[29.22149,41.10299],[29.22176,41.10212],[29.22159,41.09962],[29.22282,41.0985],[29.2224,41.09677],[29.21972,41.09483],[29.21787,41.09434],[29.21782,41.09369],[29.21635,41.09257],[29.21438,41.09265],[29.21282,41.09099],[29.21138,41.0916],[29.21105,41.09035],[29.21005,41.08999],[29.21043,41.08897],[29.21152,41.08787],[29.21075,41.0871],[29.21195,41.08528],[29.21131,41.08389],[29.21376,41.081],[29.21554,41.08116],[29.2176,41.08045],[29.21849,41.0805],[29.2221,41.08146],[29.22553,41.0826],[29.22677,41.08176],[29.22706,41.08079],[29.22563,41.07907],[29.22629,41.07784],[29.22876,41.07662],[29.22942,41.07596],[29.22821,41.0746],[29.22902,41.07353],[29.22887,41.07243],[29.22669,41.07046],[29.22791,41.06887],[29.23036,41.06764],[29.23183,41.06614],[29.23345,41.06535],[29.23388,41.06469],[29.2372,41.0654],[29.23975,41.06534],[29.24168,41.06578],[29.24247,41.06643],[29.24559,41.06754],[29.24555,41.06636],[29.24681,41.06559],[29.24868,41.06511],[29.25139,41.06517],[29.25254,41.06428],[29.25385,41.06402],[29.25451,41.06465],[29.25617,41.06472],[29.25758,41.0664],[29.25942,41.06639],[29.26043,41.06559],[29.26266,41.06687],[29.26359,41.06836],[29.26424,41.07081],[29.26562,41.07189],[29.26648,41.07322],[29.26867,41.07322],[29.26938,41.07453],[29.27069,41.07424],[29.27139,41.07496],[29.27144,41.07658],[29.27334,41.07814],[29.27402,41.08024],[29.27581,41.0805],[29.2784,41.08145],[29.27948,41.08223],[29.2794,41.08297],[29.27731,41.08405],[29.27787,41.08671],[29.27721,41.0875],[29.2789,41.08791],[29.28004,41.08915],[29.28023,41.09024],[29.27911,41.09062],[29.27915,41.09212],[29.27851,41.09303],[29.27894,41.09412],[29.28022,41.09452],[29.28023,41.09524],[29.27865,41.0977],[29.27838,41.10074],[29.27778,41.1018],[29.27817,41.10291],[29.27726,41.10336],[29.27719,41.10287],[29.27405,41.10083],[29.27277,41.09933],[29.27072,41.099],[29.26825,41.09933],[29.26723,41.09801],[29.26557,41.09843],[29.26447,41.09915],[29.26369,41.10089],[29.26456,41.10269],[29.26275,41.10281],[29.26156,41.10177],[29.26072,41.10323],[29.25938,41.10441],[29.25851,41.10572],[29.25617,41.1075],[29.25598,41.10801],[29.25718,41.11083],[29.25609,41.1127],[29.25541,41.11255],[29.25341,41.11492],[29.2521,41.11508],[29.25167,41.11451],[29.25333,41.11386],[29.25369,41.11291],[29.2525,41.11161],[29.24896,41.11101],[29.24896,41.11056]]]},"properties":{"id":9679498,"name":"Reşadiye Mahallesi","district_id":1276034}},{"type":"Feature","geometry":{"type":"Polygon","coordinates":[[[29.2581,41.02781],[29.25938,41.02786],[29.26421,41.02922],[29.26531,41.02982],[29.26847,41.03223],[29.27227,41.03643],[29.27325,41.03833],[29.27351,41.04101],[29.2745,41.04235],[29.2815,41.04489],[29.28317,41.04668],[29.28446,41.05009],[29.28669,41.0517],[29.29027,41.05273],[29.28635,41.05312],[29.2833,41.05449],[29.2806,41.05395],[29.27869,41.05438],[29.27455,41.0535],[29.27353,41.05372],[29.27469,41.05555],[29.27364,41.05852],[29.27258,41.05962],[29.27077,41.06308],[29.27065,41.06486],[29.27255,41.06839],[29.27025,41.06873],[29.26905,41.06959],[29.26901,41.06851],[29.26983,41.0665],[29.26866,41.06482],[29.26888,41.06255],[29.26965,41.06061],[29.27023,41.05824],[29.26935,41.05455],[29.26946,41.05383],[29.26791,41.05136],[29.26807,41.04688],[29.26269,41.04438],[29.25925,41.04375],[29.25692,41.04415],[29.25694,41.04245],[29.25527,41.04141],[29.25605,41.04075],[29.25591,41.0392],[29.25469,41.03773],[29.25365,41.03545],[29.25514,41.03542],[29.2568,41.03407],[29.25578,41.03337],[29.25751,41.03162],[29.25806,41.02982],[29.2581,41.02781]]]},"properties":{"id":9679518,"name":"Nişantepe Mahallesi","district_id":1276034}},{"type":"Feature","geometry":{"type":"Polygon","coordinates":[[[29.2521,41.11508],[29.25341,41.11492],[29.25541,41.11255],[29.25609,41.1127],[29.25718,41.11083],[29.25598,41.10801],[29.25617,41.1075],[29.25851,41.10572],[29.25938,41.10441],[29.26072,41.10323],[29.26156,41.10177],[29.26275,41.10281],[29.26456,41.10269],[29.26369,41.10089],[29.26447,41.09915],[29.26557,41.09843],[29.26723,41.09801],[29.26825,41.09933],[29.27072,41.099],[29.27277,41.09933],[29.27405,41.10083],[29.27719,41.10287],[29.27726,41.10336],[29.27614,41.10557],[29.27723,41.10888],[29.27841,41.1098],[29.28032,41.11021],[29.28031,41.11136],[29.28195,41.11266],[29.28381,41.11359],[29.28504,41.11498],[29.28668,41.11365],[29.28826,41.11303],[29.28952,41.11194],[29.29052,41.11169],[29.29225,41.10997],[29.29499,41.10777],[29.29504,41.10737],[29.29566,41.10716],[29.29767,41.10853],[29.2984,41.10807],[29.30376,41.10915],[29.30538,41.10929],[29.3074,41.10994],[29.31155,41.11251],[29.31366,41.11278],[29.31542,41.11261],[29.31747,41.11333],[29.31798,41.11439],[29.31929,41.11516],[29.32194,41.11552],[29.32397,41.11624],[29.32616,41.11819],[29.32817,41.11866],[29.33328,41.11778],[29.33605,41.11832],[29.33897,41.1186],[29.33968,41.11822],[29.34302,41.11837],[29.3444,41.11876],[29.34747,41.11906],[29.35047,41.1191],[29.35176,41.11864],[29.35382,41.11919],[29.35543,41.12079],[29.35957,41.12273],[29.36036,41.12362],[29.36282,41.12481],[29.36175,41.12537],[29.35911,41.12536],[29.35561,41.12528],[29.35263,41.125],[29.3499,41.12657],[29.34986,41.12734],[29.3508,41.12889],[29.34842,41.12911],[29.34642,41.12961],[29.34141,41.12921],[29.33798,41.12702],[29.33498,41.12738],[29.33297,41.12631],[29.33035,41.12627],[29.32783,41.12587],[29.32451,41.12665],[29.32406,41.12729],[29.32202,41.12783],[29.31972,41.12982],[29.31884,41.12972],[29.31691,41.12845],[29.31411,41.12792],[29.31207,41.12567],[29.31017,41.1264],[29.30661,41.12648],[29.30206,41.1261],[29.30139,41.12723],[29.2999,41.12754],[29.2986,41.12866],[29.29499,41.12868],[29.29418,41.12939],[29.29199,41.12946],[29.2916,41.13031],[29.28854,41.13147],[29.28715,41.13158],[29.2852,41.13254],[29.28404,41.1317],[29.28406,41.13067],[29.2851,41.12839],[29.28353,41.12631],[29.28263,41.12628],[29.28185,41.12504],[29.28224,41.12303],[29.28104,41.12167],[29.28094,41.12062],[29.27855,41.12053],[29.27654,41.12175],[29.27499,41.12133],[29.27395,41.11995],[29.27215,41.11991],[29.26946,41.11868],[29.26813,41.11874],[29.26596,41.11715],[29.26509,41.11719],[29.26276,41.11621],[29.26072,41.11726],[29.25973,41.11876],[29.25873,41.11803],[29.25852,41.11675],[29.25721,41.11679],[29.25674,41.11593],[29.25451,41.11579],[29.25285,41.11603],[29.2521,41.11508]]]},"properties":{"id":9679582,"name":"Hüseyinli Mahallesi","district_id":1276034}},{"type":"Feature","geometry":{"type":"Polygon","coordinates":[[[29.3669,41.12268],[29.36282,41.12481],[29.36036,41.12362],[29.35957,41.12273],[29.35543,41.12079],[29.35382,41.11919],[29.35176,41.11864],[29.35047,41.1191],[29.34747,41.11906],[29.3444,41.11876],[29.34302,41.11837],[29.33968,41.11822],[29.33897,41.1186],[29.33605,41.11832],[29.33328,41.11778],[29.32817,41.11866],[29.32616,41.11819],[29.32397,41.11624],[29.32194,41.11552],[29.31929,41.11516],[29.31798,41.11439],[29.31747,41.11333],[29.31542,41.11261],[29.31366,41.11278],[29.31155,41.11251],[29.3074,41.10994],[29.30538,41.10929],[29.30376,41.10915],[29.2984,41.10807],[29.29767,41.10853],[29.29566,41.10716],[29.29504,41.10737],[29.29527,41.10495],[29.29642,41.10317],[29.29904,41.10227],[29.30128,41.09995],[29.30284,41.09932],[29.30587,41.09889],[29.31001,41.09944],[29.31381,41.09923],[29.31477,41.09883],[29.31722,41.09687],[29.31852,41.09679],[29.32113,41.09786],[29.32154,41.09935],[29.32301,41.09957],[29.32542,41.09916],[29.3271,41.09818],[29.32745,41.09679],[29.32926,41.09567],[29.32982,41.09443],[29.3315,41.09472],[29.33441,41.09306],[29.33548,41.0937],[29.3349,41.09469],[29.33686,41.09567],[29.33984,41.09761],[29.34118,41.09757],[29.34095,41.09866],[29.34186,41.09911],[29.34308,41.10087],[29.34292,41.10135],[29.34543,41.10579],[29.34873,41.10863],[29.35271,41.1091],[29.35553,41.11017],[29.35628,41.11096],[29.35858,41.1118],[29.35916,41.11312],[29.36073,41.11457],[29.36197,41.11716],[29.36317,41.11809],[29.36371,41.1205],[29.36474,41.12071],[29.3669,41.12268]]]},"properties":{"id":9679639,"name":"Sırapınar Mahallesi","district_id":1276034}},{"type":"Feature","geometry":{"type":"Polygon","coordinates":[[[29.39562,41.08163],[29.39963,41.08245],[29.39943,41.08591],[29.39544,41.08675],[29.39346,41.08693],[29.39207,41.08849],[29.39026,41.08874],[29.39016,41.08964],[29.39201,41.09071],[29.39339,41.0921],[29.39346,41.09317],[29.39514,41.09367],[29.39798,41.09334],[29.39914,41.09382],[29.39445,41.09422],[29.3864,41.0955],[29.38436,41.09544],[29.3831,41.09492],[29.38011,41.09266],[29.37652,41.09142],[29.37291,41.08873],[29.37002,41.08769],[29.36855,41.08822],[29.36644,41.0896],[29.36405,41.09003],[29.36301,41.08962],[29.36128,41.08979],[29.3602,41.08931],[29.35844,41.08933],[29.35635,41.08839],[29.35337,41.08796],[29.35179,41.0891],[29.34953,41.08729],[29.34815,41.08586],[29.34411,41.08473],[29.33976,41.08526],[29.33822,41.08408],[29.33886,41.08238],[29.34,41.08092],[29.34019,41.07985],[29.33912,41.07453],[29.33805,41.07286],[29.33955,41.07032],[29.34021,41.06837],[29.34197,41.06767],[29.34618,41.06904],[29.34807,41.06911],[29.34882,41.06855],[29.34961,41.06667],[29.34873,41.06528],[29.34483,41.06303],[29.34418,41.06094],[29.34605,41.05902],[29.34766,41.0584],[29.35144,41.05775],[29.35325,41.05838],[29.35411,41.05947],[29.35579,41.06033],[29.35844,41.06063],[29.36527,41.06056],[29.36648,41.0594],[29.36988,41.0576],[29.3761,41.05723],[29.37843,41.05998],[29.3798,41.06264],[29.38204,41.06428],[29.3824,41.06623],[29.3835,41.06771],[29.38468,41.06859],[29.385,41.06967],[29.38714,41.07052],[29.38943,41.07088],[29.39036,41.07197],[29.38728,41.07269],[29.38785,41.07354],[29.39163,41.07514],[29.39149,41.07601],[29.39479,41.07785],[29.39381,41.07973],[29.39448,41.08139],[29.39562,41.08163]]]},"properties":{"id":9679693,"name":"Koçullu Mahallesi","district_id":1276034}},{"type":"Feature","geometry":{"type":"Polygon","coordinates":[[[29.26562,41.07189],[29.26755,41.06966],[29.26905,41.06959],[29.27025,41.06873],[29.27255,41.06839],[29.27065,41.06486],[29.27077,41.06308],[29.27258,41.05962],[29.27364,41.05852],[29.27469,41.05555],[29.27353,41.05372],[29.27455,41.0535],[29.27869,41.05438],[29.2806,41.05395],[29.2833,41.05449],[29.28635,41.05312],[29.29027,41.05273],[29.29591,41.04998],[29.29662,41.04923],[29.30007,41.04784],[29.30142,41.04923],[29.3044,41.04948],[29.30588,41.04893],[29.30888,41.0491],[29.31,41.04858],[29.31361,41.04882],[29.3182,41.05021],[29.31907,41.05072],[29.32045,41.05036],[29.32132,41.05083],[29.32647,41.05041],[29.32836,41.04955],[29.32877,41.04891],[29.33073,41.04849],[29.33168,41.0489],[29.33624,41.04869],[29.33864,41.04805],[29.33997,41.04877],[29.34204,41.04866],[29.34467,41.04791],[29.34657,41.04795],[29.34829,41.04286],[29.34858,41.04137],[29.35167,41.04109],[29.36032,41.03846],[29.3618,41.04159],[29.36456,41.04285],[29.36541,41.04389],[29.36387,41.04653],[29.36097,41.04791],[29.35929,41.04968],[29.35871,41.05158],[29.36016,41.05501],[29.36206,41.05744],[29.36527,41.06056],[29.35844,41.06063],[29.35579,41.06033],[29.35411,41.05947],[29.35325,41.05838],[29.35144,41.05775],[29.34766,41.0584],[29.34605,41.05902],[29.34418,41.06094],[29.34483,41.06303],[29.34873,41.06528],[29.34961,41.06667],[29.34882,41.06855],[29.34807,41.06911],[29.34618,41.06904],[29.34197,41.06767],[29.34021,41.06837],[29.33955,41.07032],[29.33805,41.07286],[29.33912,41.07453],[29.34019,41.07985],[29.34,41.08092],[29.33886,41.08238],[29.33822,41.08408],[29.33976,41.08526],[29.34411,41.08473],[29.34815,41.08586],[29.34953,41.08729],[29.35179,41.0891],[29.35337,41.08796],[29.35635,41.08839],[29.35844,41.08933],[29.3602,41.08931],[29.36128,41.08979],[29.36301,41.08962],[29.36405,41.09003],[29.36644,41.0896],[29.36855,41.08822],[29.37002,41.08769],[29.37291,41.08873],[29.37652,41.09142],[29.38011,41.09266],[29.3831,41.09492],[29.38436,41.09544],[29.3864,41.0955],[29.39445,41.09422],[29.39914,41.09382],[29.40039,41.09426],[29.40203,41.09638],[29.40199,41.09853],[29.40137,41.09999],[29.3984,41.10012],[29.39443,41.10219],[29.39159,41.10293],[29.39054,41.10505],[29.38919,41.10618],[29.38731,41.10659],[29.38475,41.10821],[29.38452,41.10886],[29.38247,41.10895],[29.38205,41.11136],[29.38245,41.11234],[29.38177,41.11296],[29.38046,41.11745],[29.3801,41.12106],[29.37831,41.12294],[29.37715,41.12321],[29.37282,41.12584],[29.36973,41.12458],[29.36806,41.12308],[29.3669,41.12268],[29.36474,41.12071],[29.36371,41.1205],[29.36317,41.11809],[29.36197,41.11716],[29.36073,41.11457],[29.35916,41.11312],[29.35858,41.1118],[29.35628,41.11096],[29.35553,41.11017],[29.35271,41.1091],[29.34873,41.10863],[29.34543,41.10579],[29.34292,41.10135],[29.34308,41.10087],[29.34186,41.09911],[29.34095,41.09866],[29.34118,41.09757],[29.33984,41.09761],[29.33686,41.09567],[29.3349,41.09469],[29.33548,41.0937],[29.33441,41.09306],[29.3315,41.09472],[29.32982,41.09443],[29.32926,41.09567],[29.32745,41.09679],[29.3271,41.09818],[29.32542,41.09916],[29.32301,41.09957],[29.32154,41.09935],[29.32113,41.09786],[29.31852,41.09679],[29.31722,41.09687],[29.31477,41.09883],[29.31381,41.09923],[29.31001,41.09944],[29.30587,41.09889],[29.30284,41.09932],[29.30128,41.09995],[29.29904,41.10227],[29.29642,41.10317],[29.29527,41.10495],[29.29504,41.10737],[29.29499,41.10777],[29.29225,41.10997],[29.29052,41.11169],[29.28952,41.11194],[29.28826,41.11303],[29.28668,41.11365],[29.28504,41.11498],[29.28381,41.11359],[29.28195,41.11266],[29.28031,41.11136],[29.28032,41.11021],[29.27841,41.1098],[29.27723,41.10888],[29.27614,41.10557],[29.27726,41.10336],[29.27817,41.10291],[29.27778,41.1018],[29.27838,41.10074],[29.27865,41.0977],[29.28023,41.09524],[29.28022,41.09452],[29.27894,41.09412],[29.27851,41.09303],[29.27915,41.09212],[29.27911,41.09062],[29.28023,41.09024],[29.28004,41.08915],[29.2789,41.08791],[29.27721,41.0875],[29.27787,41.08671],[29.27731,41.08405],[29.2794,41.08297],[29.27948,41.08223],[29.2784,41.08145],[29.27581,41.0805],[29.27402,41.08024],[29.27334,41.07814],[29.27144,41.07658],[29.27139,41.07496],[29.27069,41.07424],[29.26938,41.07453],[29.26867,41.07322],[29.26648,41.07322],[29.26562,41.07189]]]},"properties":{"id":9679694,"name":"Ömerli Mahallesi","district_id":1276034}},{"type":"Feature","geometry":{"type":"Polygon","coordinates":[[[28.49099,41.39149],[28.49139,41.39008],[28.49559,41.38769],[28.49794,41.38725],[28.51967,41.38318],[28.53421,41.37113],[28.56531,41.36605],[28.57309,41.35362],[28.56357,41.32699],[28.55974,41.31628],[28.56299,41.31592],[28.57003,41.31295],[28.57389,41.30915],[28.57352,41.30581],[28.58625,41.3026],[28.58752,41.30125],[28.58884,41.30062],[28.59185,41.30197],[28.59529,41.29936],[28.59588,41.2986],[28.59774,41.29825],[28.60135,41.2981],[28.6043,41.29719],[28.60553,41.29631],[28.60889,41.29683],[28.60882,41.29747],[28.61009,41.29909],[28.61201,41.30209],[28.61508,41.30311],[28.61791,41.3031],[28.61877,41.30393],[28.62308,41.30349],[28.62451,41.30387],[28.62538,41.30512],[28.62859,41.30609],[28.62939,41.30785],[28.63147,41.31139],[28.62923,41.31382],[28.62587,41.31782],[28.6232,41.31824],[28.62134,41.31825],[28.62207,41.32093],[28.622,41.32185],[28.62325,41.32454],[28.6231,41.32639],[28.62181,41.32826],[28.61782,41.33298],[28.61745,41.33482],[28.6181,41.33691],[28.61936,41.33906],[28.62063,41.34037],[28.62299,41.34229],[28.62276,41.34337],[28.62089,41.3444],[28.61855,41.34684],[28.61872,41.34835],[28.62085,41.34738],[28.62247,41.34763],[28.62221,41.34871],[28.62126,41.34941],[28.62092,41.3507],[28.62132,41.35216],[28.61859,41.35382],[28.61859,41.35589],[28.61947,41.35693],[28.61124,41.36032],[28.60948,41.36181],[28.60787,41.36183],[28.60356,41.36339],[28.60238,41.36405],[28.59462,41.36717],[28.58975,41.36937],[28.58744,41.37008],[28.58624,41.37078],[28.58402,41.37146],[28.5803,41.37323],[28.57878,41.37368],[28.57619,41.3749],[28.57321,41.37705],[28.57218,41.37728],[28.57009,41.37881],[28.56788,41.38005],[28.56574,41.38052],[28.56456,41.3812],[28.56326,41.38281],[28.55931,41.38399],[28.55691,41.38532],[28.5548,41.38617],[28.5501,41.38711],[28.54758,41.38815],[28.54507,41.38824],[28.54275,41.38876],[28.54097,41.38951],[28.53847,41.38988],[28.53512,41.39137],[28.53146,41.39252],[28.52853,41.39412],[28.52532,41.39552],[28.5208,41.3969],[28.51835,41.39801],[28.51497,41.39896],[28.50674,41.40221],[28.50469,41.40276],[28.49862,41.40543],[28.4939,41.40717],[28.49196,41.40808],[28.49189,41.40716],[28.49084,41.40569],[28.49014,41.40552],[28.49066,41.40233],[28.48976,41.39767],[28.48994,41.39688],[28.48927,41.39435],[28.49043,41.39342],[28.49099,41.39149]]]},"properties":{"id":9680133,"name":"Balaban Mahallesi","district_id":1766093}},{"type":"Feature","geometry":{"type":"Polygon","coordinates":[[[28.67146,41.29888],[28.6741,41.30014],[28.67403,41.30125],[28.67537,41.30231],[28.67713,41.30293],[28.67867,41.30391],[28.67993,41.30413],[28.6812,41.30496],[28.68633,41.30672],[28.68766,41.30789],[28.68545,41.30879],[28.6866,41.3094],[28.68667,41.31042],[28.68765,41.31171],[28.68739,41.31263],[28.68397,41.31261],[28.68367,41.31373],[28.68496,41.31582],[28.68583,41.31613],[28.68684,41.31862],[28.68894,41.32091],[28.68942,41.32184],[28.69174,41.3236],[28.6908,41.32581],[28.69156,41.327],[28.68786,41.32827],[28.68527,41.32982],[28.68095,41.33021],[28.67939,41.33124],[28.67501,41.33268],[28.66872,41.33574],[28.66264,41.33449],[28.66199,41.33634],[28.66041,41.33749],[28.66174,41.34004],[28.6626,41.34103],[28.66032,41.34181],[28.65974,41.34448],[28.65903,41.34496],[28.65486,41.34571],[28.644,41.34455],[28.64189,41.34368],[28.63817,41.34117],[28.63253,41.33819],[28.63056,41.33755],[28.62831,41.33768],[28.62414,41.33841],[28.61963,41.33808],[28.62104,41.33892],[28.62063,41.34037],[28.61936,41.33906],[28.6181,41.33691],[28.61745,41.33482],[28.61782,41.33298],[28.62181,41.32826],[28.6231,41.32639],[28.62325,41.32454],[28.622,41.32185],[28.62207,41.32093],[28.62134,41.31825],[28.6232,41.31824],[28.62587,41.31782],[28.62923,41.31382],[28.63147,41.31139],[28.64299,41.30921],[28.65312,41.30818],[28.65691,41.30731],[28.65986,41.30663],[28.66051,41.30615],[28.66264,41.30614],[28.6677,41.30443],[28.66804,41.30417],[28.67146,41.29888]]]},"properties":{"id":9680169,"name":"Terkos Mahallesi","district_id":1766093}},{"type":"Feature","geometry":{"type":"Polygon","coordinates":[[[28.62063,41.34037],[28.62104,41.33892],[28.61963,41.33808],[28.62414,41.33841],[28.62831,41.33768],[28.63056,41.33755],[28.63253,41.33819],[28.63817,41.34117],[28.64189,41.34368],[28.644,41.34455],[28.65486,41.34571],[28.65903,41.34496],[28.65974,41.34448],[28.66032,41.34181],[28.6626,41.34103],[28.66174,41.34004],[28.66041,41.33749],[28.66199,41.33634],[28.66264,41.33449],[28.66872,41.33574],[28.67501,41.33268],[28.67939,41.33124],[28.68095,41.33021],[28.68527,41.32982],[28.68786,41.32827],[28.69156,41.327],[28.69332,41.32808],[28.69344,41.32957],[28.69633,41.32818],[28.69724,41.32801],[28.70034,41.33131],[28.70063,41.33354],[28.70205,41.33526],[28.69767,41.33677],[28.69677,41.33741],[28.69517,41.3377],[28.68918,41.34021],[28.68863,41.34098],[28.68589,41.3416],[28.68547,41.34309],[28.68394,41.34329],[28.68384,41.34467],[28.68446,41.34515],[28.68624,41.34495],[28.68467,41.34657],[28.68446,41.34787],[28.68311,41.34841],[28.67993,41.34806],[28.67931,41.34761],[28.68007,41.34653],[28.67894,41.34444],[28.67673,41.34308],[28.67365,41.34284],[28.66906,41.34363],[28.66229,41.34609],[28.66046,41.34648],[28.65786,41.34785],[28.6455,41.34912],[28.64071,41.34993],[28.63637,41.35105],[28.63408,41.35195],[28.63076,41.35279],[28.6242,41.35515],[28.62174,41.35634],[28.61947,41.35693],[28.61859,41.35589],[28.61859,41.35382],[28.62132,41.35216],[28.62092,41.3507],[28.62126,41.34941],[28.62221,41.34871],[28.62247,41.34763],[28.62085,41.34738],[28.61872,41.34835],[28.61855,41.34684],[28.62089,41.3444],[28.62276,41.34337],[28.62299,41.34229],[28.62063,41.34037]]]},"properties":{"id":9680170,"name":"Karaburun Mahallesi","district_id":1766093}},{"type":"Feature","geometry":{"type":"Polygon","coordinates":[[[28.72592,41.186],[28.72542,41.18302],[28.72451,41.1797],[28.72333,41.17806],[28.72261,41.17773],[28.7219,41.17612],[28.71963,41.17318],[28.72068,41.1714],[28.72014,41.17042],[28.72062,41.16969],[28.72065,41.16753],[28.72026,41.16627],[28.72198,41.16599],[28.72347,41.16458],[28.72405,41.16344],[28.72603,41.16208],[28.72791,41.16242],[28.72957,41.16333],[28.72946,41.16438],[28.7318,41.16594],[28.73399,41.16618],[28.73549,41.16678],[28.73727,41.16602],[28.73737,41.16403],[28.73621,41.16225],[28.74051,41.16139],[28.74257,41.1616],[28.74415,41.16233],[28.74644,41.15897],[28.74723,41.15972],[28.75049,41.16074],[28.75154,41.16166],[28.75311,41.16236],[28.75955,41.16299],[28.76601,41.16422],[28.76845,41.16506],[28.76638,41.16672],[28.76252,41.16857],[28.76087,41.16997],[28.75832,41.1714],[28.75615,41.17336],[28.75245,41.17446],[28.74988,41.17558],[28.74848,41.17648],[28.7455,41.1804],[28.74503,41.18178],[28.74583,41.18374],[28.74543,41.18419],[28.74136,41.18452],[28.73895,41.18641],[28.73796,41.18623],[28.73651,41.18519],[28.73602,41.18413],[28.73419,41.18438],[28.73308,41.1855],[28.72999,41.18631],[28.72592,41.186]]]},"properties":{"id":9680204,"name":"Arnavutköy Merkez Mahallesi","district_id":1766093}},{"type":"Feature","geometry":{"type":"Polygon","coordinates":[[[28.72396,41.19531],[28.72245,41.1943],[28.72093,41.19178],[28.7207,41.1903],[28.72107,41.18694],[28.72055,41.18432],[28.72054,41.18313],[28.72502,41.18416],[28.72592,41.186],[28.72999,41.18631],[28.73308,41.1855],[28.73419,41.18438],[28.73602,41.18413],[28.73651,41.18519],[28.73796,41.18623],[28.73895,41.18641],[28.73681,41.18827],[28.73522,41.19084],[28.7314,41.19353],[28.72905,41.19586],[28.72549,41.19562],[28.72396,41.19531]]]},"properties":{"id":9680382,"name":"Mustafa Kemal Paşa Mahallesi","district_id":1766093}},{"type":"Feature","geometry":{"type":"Polygon","coordinates":[[[28.72825,41.20467],[28.7282,41.20406],[28.7264,41.19998],[28.72558,41.19688],[28.72549,41.19562],[28.72905,41.19586],[28.7314,41.19353],[28.73522,41.19084],[28.73823,41.18957],[28.7394,41.19027],[28.73999,41.19221],[28.74146,41.19481],[28.74133,41.19577],[28.74225,41.19684],[28.74293,41.19875],[28.7402,41.19878],[28.73709,41.19977],[28.73179,41.20235],[28.7299,41.20405],[28.72825,41.20467]]]},"properties":{"id":9680399,"name":"Nene hatun Mahallesi","district_id":1766093}},{"type":"Feature","geometry":{"type":"Polygon","coordinates":[[[28.76417,41.19002],[28.76525,41.1905],[28.76655,41.18924],[28.76521,41.18854],[28.76432,41.18749],[28.76633,41.18541],[28.7662,41.18446],[28.76476,41.18361],[28.76395,41.18259],[28.76272,41.18189],[28.76055,41.18131],[28.76074,41.17844],[28.75986,41.17757],[28.75581,41.1764],[28.75397,41.17479],[28.75245,41.17446],[28.75615,41.17336],[28.75832,41.1714],[28.76087,41.16997],[28.76252,41.16857],[28.76638,41.16672],[28.76845,41.16506],[28.77183,41.16273],[28.77559,41.16114],[28.78215,41.15988],[28.78546,41.15864],[28.78659,41.15752],[28.78735,41.15533],[28.78699,41.15232],[28.7877,41.15066],[28.78983,41.14876],[28.79308,41.14637],[28.79557,41.14496],[28.79928,41.14288],[28.80731,41.13752],[28.80895,41.13671],[28.81162,41.13619],[28.81519,41.13633],[28.81515,41.14118],[28.81725,41.14295],[28.8166,41.15158],[28.81635,41.1529],[28.81473,41.15432],[28.81556,41.15566],[28.8157,41.1578],[28.81622,41.16],[28.81387,41.16349],[28.8137,41.16443],[28.8143,41.16646],[28.81386,41.16853],[28.81438,41.17061],[28.81449,41.17362],[28.81372,41.17454],[28.81423,41.17557],[28.81665,41.17505],[28.81955,41.17516],[28.81976,41.17898],[28.82017,41.18034],[28.82144,41.18252],[28.81964,41.18351],[28.81788,41.1868],[28.81856,41.18802],[28.81868,41.18966],[28.81809,41.19101],[28.8193,41.19224],[28.81819,41.19416],[28.81915,41.19664],[28.81861,41.19787],[28.81605,41.20105],[28.81924,41.203],[28.82079,41.20724],[28.81956,41.20812],[28.81842,41.21022],[28.81728,41.21092],[28.81606,41.21075],[28.81487,41.21182],[28.81467,41.21312],[28.81259,41.21505],[28.81084,41.21614],[28.81065,41.2185],[28.80886,41.22002],[28.80563,41.22141],[28.79997,41.22164],[28.79857,41.22253],[28.79653,41.2231],[28.7943,41.22006],[28.79504,41.21676],[28.79348,41.21595],[28.79363,41.21419],[28.79249,41.20952],[28.79398,41.20621],[28.79321,41.20477],[28.79184,41.20338],[28.78897,41.20245],[28.78753,41.20249],[28.78302,41.20167],[28.77998,41.20191],[28.77675,41.20129],[28.77462,41.2019],[28.773,41.20089],[28.77363,41.19916],[28.77361,41.19794],[28.77266,41.19709],[28.77087,41.19682],[28.76894,41.19562],[28.76867,41.19481],[28.7674,41.19427],[28.76653,41.19376],[28.765,41.19279],[28.76417,41.19002]]]},"properties":{"id":9680508,"name":"Boğazköy İstiklal Mahallesi","district_id":1766093}},{"type":"Feature","geometry":{"type":"Polygon","coordinates":[[[28.67441,41.29994],[28.67575,41.3003],[28.6779,41.29967],[28.67816,41.30043],[28.67955,41.30045],[28.68153,41.30106],[28.68389,41.30299],[28.68448,41.30394],[28.68838,41.30661],[28.68766,41.30789],[28.68633,41.30672],[28.6812,41.30496],[28.67993,41.30413],[28.67867,41.30391],[28.67713,41.30293],[28.67537,41.30231],[28.67403,41.30125],[28.6741,41.30014],[28.67441,41.29994]]]},"properties":{"id":9680532,"name":"Durusu Mahallesi","district_id":1766093}},{"type":"Feature","geometry":{"type":"Polygon","coordinates":[[[28.76845,41.13864],[28.77187,41.13988],[28.77367,41.14129],[28.77519,41.14338],[28.77937,41.1477],[28.78146,41.14937],[28.78383,41.14944],[28.78627,41.14913],[28.78835,41.14844],[28.78983,41.14876],[28.7877,41.15066],[28.78699,41.15232],[28.78735,41.15533],[28.78659,41.15752],[28.78546,41.15864],[28.78215,41.15988],[28.77559,41.16114],[28.77183,41.16273],[28.76845,41.16506],[28.76601,41.16422],[28.75955,41.16299],[28.75311,41.16236],[28.75154,41.16166],[28.75049,41.16074],[28.74723,41.15972],[28.74644,41.15897],[28.74415,41.16233],[28.74257,41.1616],[28.74051,41.16139],[28.73621,41.16225],[28.73737,41.16403],[28.73727,41.16602],[28.73549,41.16678],[28.73399,41.16618],[28.7318,41.16594],[28.72946,41.16438],[28.72957,41.16333],[28.72791,41.16242],[28.72603,41.16208],[28.72405,41.16344],[28.72347,41.16458],[28.72198,41.16599],[28.72026,41.16627],[28.7178,41.1662],[28.71482,41.16639],[28.71374,41.16617],[28.71123,41.16679],[28.70816,41.16693],[28.7076,41.16894],[28.70569,41.16854],[28.70278,41.16865],[28.70128,41.16755],[28.70065,41.16639],[28.70083,41.16518],[28.69999,41.16468],[28.69684,41.1642],[28.6949,41.16304],[28.69166,41.16725],[28.68826,41.16489],[28.68657,41.16483],[28.68432,41.16436],[28.68543,41.16119],[28.68497,41.15937],[28.68555,41.15866],[28.68521,41.15738],[28.68518,41.15381],[28.68647,41.15415],[28.68923,41.15372],[28.69188,41.15371],[28.69495,41.1543],[28.69429,41.15135],[28.69481,41.14721],[28.69472,41.14483],[28.69426,41.14346],[28.69504,41.14313],[28.69448,41.14117],[28.69515,41.14052],[28.69698,41.14057],[28.69943,41.13952],[28.70345,41.13991],[28.70184,41.13802],[28.7004,41.13746],[28.69945,41.13656],[28.69744,41.13558],[28.69693,41.13474],[28.69499,41.13311],[28.69643,41.13218],[28.69383,41.12959],[28.69168,41.12421],[28.71675,41.11175],[28.72172,41.11183],[28.72716,41.11436],[28.73352,41.12534],[28.73387,41.13101],[28.73514,41.13589],[28.73679,41.13658],[28.73803,41.13612],[28.73809,41.13395],[28.74031,41.1328],[28.74572,41.13355],[28.747,41.13406],[28.7485,41.1327],[28.75018,41.1317],[28.75075,41.13214],[28.75404,41.13212],[28.75462,41.13126],[28.75887,41.13245],[28.76208,41.1356],[28.76367,41.13687],[28.76589,41.13787],[28.76845,41.13864]]]},"properties":{"id":9680547,"name":"Hacımaşlı Mahallesi","district_id":1766093}},{"type":"Feature","geometry":{"type":"Polygon","coordinates":[[[28.63402,41.08863],[28.63527,41.09203],[28.63516,41.09259],[28.63598,41.09494],[28.63721,41.09572],[28.63924,41.09603],[28.63854,41.09811],[28.6396,41.09811],[28.64308,41.10358],[28.64457,41.10699],[28.64523,41.11034],[28.64704,41.1106],[28.64635,41.11238],[28.64804,41.11382],[28.6491,41.11544],[28.64938,41.11712],[28.65031,41.11801],[28.65076,41.11987],[28.65058,41.12214],[28.65139,41.12487],[28.65067,41.12499],[28.65341,41.13399],[28.65043,41.13651],[28.64782,41.14001],[28.64547,41.13823],[28.64282,41.13741],[28.64067,41.13705],[28.63847,41.13752],[28.63776,41.1387],[28.63837,41.14031],[28.6376,41.14155],[28.63629,41.14103],[28.63573,41.14195],[28.63147,41.14128],[28.6303,41.14142],[28.6298,41.1402],[28.6284,41.141],[28.62744,41.13926],[28.62638,41.13834],[28.62558,41.13919],[28.62323,41.1405],[28.62289,41.14045],[28.62371,41.13539],[28.62375,41.13302],[28.62475,41.12587],[28.62569,41.12156],[28.62446,41.12117],[28.62282,41.12148],[28.62233,41.11954],[28.61999,41.11962],[28.61557,41.11912],[28.61274,41.11939],[28.61342,41.11853],[28.61571,41.114],[28.6172,41.11284],[28.61867,41.11068],[28.6194,41.11043],[28.62019,41.10896],[28.62136,41.10856],[28.62219,41.10567],[28.62276,41.10518],[28.62416,41.1024],[28.62417,41.10145],[28.62522,41.09966],[28.628,41.09778],[28.62906,41.09563],[28.63102,41.09317],[28.63112,41.09208],[28.63282,41.08973],[28.63402,41.08863]]]},"properties":{"id":9680567,"name":"Ömerli Mahallesi","district_id":1766093}},{"type":"Feature","geometry":{"type":"Polygon","coordinates":[[[28.67806,41.11024],[28.67617,41.11122],[28.67375,41.11183],[28.67153,41.11192],[28.67085,41.11553],[28.66952,41.11875],[28.66939,41.12138],[28.66513,41.12579],[28.66298,41.12964],[28.66193,41.1308],[28.65913,41.13141],[28.65478,41.13311],[28.65341,41.13399],[28.65067,41.12499],[28.65139,41.12487],[28.65058,41.12214],[28.65076,41.11987],[28.65031,41.11801],[28.64938,41.11712],[28.6491,41.11544],[28.64804,41.11382],[28.64635,41.11238],[28.64704,41.1106],[28.64523,41.11034],[28.64457,41.10699],[28.64308,41.10358],[28.64567,41.10148],[28.64804,41.10148],[28.6527,41.09975],[28.65611,41.10014],[28.65737,41.09874],[28.65899,41.0993],[28.65973,41.10081],[28.66151,41.10164],[28.66229,41.1025],[28.66351,41.10382],[28.66521,41.10443],[28.66825,41.10683],[28.67158,41.10817],[28.67806,41.11024]]]},"properties":{"id":9680568,"name":"Deliklikaya Mahallesi","district_id":1766093}},{"type":"Feature","geometry":{"type":"Polygon","coordinates":[[[28.71424,41.19874],[28.71247,41.19752],[28.70854,41.1953],[28.70748,41.19343],[28.7075,41.19001],[28.70642,41.18764],[28.70787,41.18709],[28.70836,41.18574],[28.71272,41.18549],[28.72055,41.18432],[28.72107,41.18694],[28.7207,41.1903],[28.72093,41.19178],[28.72245,41.1943],[28.72396,41.19531],[28.72031,41.19681],[28.71806,41.19698],[28.71776,41.19826],[28.71703,41.19866],[28.71424,41.19874]]]},"properties":{"id":9680573,"name":"Taşoluk Mahallesi","district_id":1766093}},{"type":"Feature","geometry":{"type":"Polygon","coordinates":[[[28.62289,41.14045],[28.62323,41.1405],[28.62459,41.14256],[28.62484,41.14411],[28.62422,41.1454],[28.62492,41.1465],[28.62618,41.14724],[28.62629,41.14822],[28.6252,41.1514],[28.62506,41.1526],[28.62588,41.15314],[28.6228,41.15576],[28.62037,41.15614],[28.61676,41.15753],[28.6144,41.158],[28.61125,41.15946],[28.60951,41.16089],[28.60438,41.16602],[28.60444,41.16634],[28.6013,41.16917],[28.59597,41.17899],[28.59581,41.18178],[28.59602,41.18314],[28.59457,41.18343],[28.59405,41.17884],[28.59419,41.17474],[28.59403,41.17215],[28.59305,41.16866],[28.59132,41.16566],[28.58633,41.16392],[28.58475,41.16193],[28.58442,41.16043],[28.58332,41.15809],[28.58737,41.15705],[28.5896,41.15692],[28.58939,41.15616],[28.59147,41.15549],[28.592,41.15611],[28.59484,41.1539],[28.59531,41.15289],[28.59581,41.14895],[28.59977,41.14885],[28.60107,41.14963],[28.60272,41.14992],[28.60422,41.14946],[28.60498,41.14849],[28.60706,41.14743],[28.60864,41.14769],[28.61009,41.14599],[28.61176,41.14639],[28.61647,41.1465],[28.61738,41.14635],[28.61732,41.14513],[28.61805,41.14451],[28.61958,41.14494],[28.62066,41.14362],[28.62234,41.14367],[28.62289,41.14045]]]},"properties":{"id":9680598,"name":"Hastane Mahallesi","district_id":1766093}},{"type":"Feature","geometry":{"type":"Polygon","coordinates":[[[28.62323,41.1405],[28.62558,41.13919],[28.62638,41.13834],[28.62744,41.13926],[28.6284,41.141],[28.6298,41.1402],[28.6303,41.14142],[28.63147,41.14128],[28.63573,41.14195],[28.63629,41.14103],[28.6376,41.14155],[28.63837,41.14031],[28.63776,41.1387],[28.63847,41.13752],[28.64067,41.13705],[28.64282,41.13741],[28.64547,41.13823],[28.64782,41.14001],[28.64607,41.14275],[28.6452,41.14538],[28.64348,41.14828],[28.63987,41.15171],[28.63787,41.1545],[28.63767,41.15566],[28.63595,41.15815],[28.63534,41.16062],[28.63406,41.16064],[28.63392,41.1616],[28.63586,41.16219],[28.6363,41.16482],[28.63702,41.16686],[28.63684,41.16756],[28.63482,41.16727],[28.63368,41.16925],[28.6297,41.17021],[28.62995,41.17182],[28.62947,41.17315],[28.62689,41.17412],[28.62653,41.17479],[28.62678,41.17647],[28.62504,41.17729],[28.62451,41.17826],[28.62118,41.1795],[28.61975,41.18026],[28.61945,41.18109],[28.61791,41.18065],[28.61582,41.18302],[28.61363,41.18891],[28.61396,41.18935],[28.61125,41.18844],[28.6118,41.18749],[28.61133,41.18675],[28.60894,41.18553],[28.60503,41.185],[28.60367,41.18444],[28.60091,41.18404],[28.59785,41.18294],[28.59581,41.18178],[28.59597,41.17899],[28.6013,41.16917],[28.60444,41.16634],[28.60438,41.16602],[28.60951,41.16089],[28.61125,41.15946],[28.6144,41.158],[28.61676,41.15753],[28.62037,41.15614],[28.6228,41.15576],[28.62588,41.15314],[28.62506,41.1526],[28.6252,41.1514],[28.62629,41.14822],[28.62618,41.14724],[28.62492,41.1465],[28.62422,41.1454],[28.62484,41.14411],[28.62459,41.14256],[28.62323,41.1405]]]},"properties":{"id":9680605,"name":"Hadımköy Mahallesi","district_id":1766093}},{"type":"Feature","geometry":{"type":"Polygon","coordinates":[[[28.64782,41.14001],[28.65043,41.13651],[28.65341,41.13399],[28.65478,41.13311],[28.65913,41.13141],[28.66193,41.1308],[28.66298,41.12964],[28.66513,41.12579],[28.66939,41.12138],[28.66952,41.11875],[28.67085,41.11553],[28.67153,41.11192],[28.67375,41.11183],[28.67387,41.11347],[28.67513,41.11498],[28.67706,41.11581],[28.67713,41.11693],[28.67839,41.11793],[28.67906,41.11927],[28.6818,41.12228],[28.68372,41.12368],[28.68933,41.12538],[28.69168,41.12421],[28.69383,41.12959],[28.69643,41.13218],[28.69499,41.13311],[28.69693,41.13474],[28.69744,41.13558],[28.69945,41.13656],[28.7004,41.13746],[28.70184,41.13802],[28.70345,41.13991],[28.69943,41.13952],[28.69698,41.14057],[28.69515,41.14052],[28.69448,41.14117],[28.69504,41.14313],[28.69426,41.14346],[28.69472,41.14483],[28.69481,41.14721],[28.69429,41.15135],[28.69495,41.1543],[28.69188,41.15371],[28.68923,41.15372],[28.68647,41.15415],[28.68518,41.15381],[28.68521,41.15738],[28.68555,41.15866],[28.68497,41.15937],[28.68543,41.16119],[28.68432,41.16436],[28.68309,41.16622],[28.68206,41.16918],[28.68116,41.17019],[28.68012,41.17143],[28.68063,41.17375],[28.67842,41.17437],[28.6782,41.17148],[28.6731,41.17157],[28.66931,41.17122],[28.66867,41.17145],[28.66642,41.17084],[28.66489,41.17116],[28.66586,41.17265],[28.65952,41.17343],[28.66011,41.17203],[28.65822,41.17271],[28.65668,41.17245],[28.65508,41.17078],[28.6525,41.17051],[28.65071,41.16971],[28.64674,41.16654],[28.64578,41.16814],[28.64567,41.16974],[28.64516,41.1703],[28.64302,41.16975],[28.64129,41.16946],[28.63565,41.16775],[28.63482,41.16727],[28.63684,41.16756],[28.63702,41.16686],[28.6363,41.16482],[28.63586,41.16219],[28.63392,41.1616],[28.63406,41.16064],[28.63534,41.16062],[28.63595,41.15815],[28.63767,41.15566],[28.63787,41.1545],[28.63987,41.15171],[28.64348,41.14828],[28.6452,41.14538],[28.64607,41.14275],[28.64782,41.14001]]]},"properties":{"id":9680610,"name":"Sazlıbosna Mahallesi","district_id":1766093}},{"type":"Feature","geometry":{"type":"Polygon","coordinates":[[[28.62231,41.2332],[28.62326,41.23258],[28.6251,41.23215],[28.62749,41.23119],[28.62997,41.2307],[28.63449,41.23082],[28.6346,41.23222],[28.63931,41.2334],[28.64131,41.23376],[28.63986,41.23633],[28.64019,41.23928],[28.64028,41.24354],[28.64017,41.24603],[28.64116,41.24889],[28.64049,41.25057],[28.63794,41.25324],[28.63749,41.25623],[28.63586,41.262],[28.63629,41.26338],[28.63864,41.26518],[28.6399,41.26769],[28.64109,41.26888],[28.64207,41.27171],[28.64325,41.27327],[28.64413,41.27502],[28.64603,41.27662],[28.64944,41.27889],[28.65069,41.2818],[28.65087,41.28455],[28.65168,41.28537],[28.65127,41.28708],[28.65168,41.28979],[28.65157,41.29198],[28.652,41.29551],[28.65235,41.29644],[28.65444,41.29925],[28.65577,41.30264],[28.65691,41.30731],[28.65312,41.30818],[28.64299,41.30921],[28.63147,41.31139],[28.62939,41.30785],[28.62859,41.30609],[28.62538,41.30512],[28.62451,41.30387],[28.62308,41.30349],[28.61877,41.30393],[28.61791,41.3031],[28.61508,41.30311],[28.61201,41.30209],[28.61009,41.29909],[28.60882,41.29747],[28.60889,41.29683],[28.60553,41.29631],[28.6043,41.29719],[28.60135,41.2981],[28.59774,41.29825],[28.59588,41.2986],[28.59529,41.29936],[28.59185,41.30197],[28.58884,41.30062],[28.58752,41.30125],[28.58625,41.3026],[28.57352,41.30581],[28.57278,41.29925],[28.57659,41.29782],[28.57805,41.29792],[28.58505,41.29549],[28.58559,41.29423],[28.58598,41.29199],[28.58673,41.29083],[28.58778,41.29041],[28.58998,41.28723],[28.59223,41.28473],[28.59236,41.28064],[28.59334,41.27962],[28.59359,41.27803],[28.59719,41.27587],[28.59874,41.27529],[28.60012,41.27421],[28.6017,41.27381],[28.60492,41.27169],[28.60623,41.27035],[28.60514,41.26944],[28.60305,41.26657],[28.60391,41.26553],[28.60372,41.26429],[28.60534,41.26295],[28.60798,41.26169],[28.61099,41.25944],[28.61151,41.25877],[28.6122,41.25615],[28.61523,41.25348],[28.61741,41.25006],[28.61875,41.24911],[28.61948,41.24775],[28.61936,41.24649],[28.61808,41.24358],[28.61835,41.24015],[28.62027,41.23732],[28.62068,41.23533],[28.62231,41.2332]]]},"properties":{"id":9680620,"name":"Boyalık Mahallesi","district_id":1766093}},{"type":"Feature","geometry":{"type":"Polygon","coordinates":[[[28.72592,41.186],[28.72502,41.18416],[28.72054,41.18313],[28.72055,41.18432],[28.71272,41.18549],[28.70836,41.18574],[28.70822,41.18425],[28.70958,41.18101],[28.70957,41.18029],[28.71135,41.17821],[28.71424,41.17539],[28.71863,41.17307],[28.71963,41.17318],[28.7219,41.17612],[28.72261,41.17773],[28.72333,41.17806],[28.72451,41.1797],[28.72542,41.18302],[28.72592,41.186]]]},"properties":{"id":9680653,"name":"Karlıbayır Mahallesi","district_id":1766093}},{"type":"Feature","geometry":{"type":"Polygon","coordinates":[[[28.73895,41.18641],[28.74136,41.18452],[28.7418,41.18742],[28.74324,41.18977],[28.7444,41.19039],[28.74725,41.191],[28.74973,41.19259],[28.75332,41.19454],[28.75513,41.19533],[28.75324,41.19607],[28.75284,41.19732],[28.75318,41.19868],[28.75136,41.20066],[28.75091,41.20263],[28.74846,41.20353],[28.74642,41.20599],[28.74242,41.20928],[28.74228,41.2064],[28.74266,41.20326],[28.74239,41.20258],[28.74311,41.20109],[28.74293,41.19875],[28.74225,41.19684],[28.74133,41.19577],[28.74146,41.19481],[28.73999,41.19221],[28.7394,41.19027],[28.73823,41.18957],[28.73522,41.19084],[28.73681,41.18827],[28.73895,41.18641]]]},"properties":{"id":9680656,"name":"İslambey Mahallesi","district_id":1766093}},{"type":"Feature","geometry":{"type":"Polygon","coordinates":[[[28.72825,41.20467],[28.7299,41.20405],[28.73179,41.20235],[28.73709,41.19977],[28.7402,41.19878],[28.74293,41.19875],[28.74311,41.20109],[28.74239,41.20258],[28.74266,41.20326],[28.74228,41.2064],[28.74242,41.20928],[28.74067,41.21217],[28.73705,41.21445],[28.7327,41.21773],[28.7302,41.22151],[28.72853,41.22045],[28.72858,41.21754],[28.72679,41.21566],[28.72746,41.21503],[28.73001,41.21647],[28.73239,41.21495],[28.73258,41.2143],[28.73031,41.21301],[28.72994,41.21175],[28.72671,41.2107],[28.72444,41.20923],[28.72361,41.20789],[28.72757,41.20532],[28.72825,41.20467]]]},"properties":{"id":9680662,"name":"Yavuz Selim Mahallesi","district_id":1766093}},{"type":"Feature","geometry":{"type":"Polygon","coordinates":[[[28.72825,41.20467],[28.72757,41.20532],[28.72361,41.20789],[28.72444,41.20923],[28.72671,41.2107],[28.72994,41.21175],[28.73031,41.21301],[28.73258,41.2143],[28.73239,41.21495],[28.73001,41.21647],[28.72746,41.21503],[28.72679,41.21566],[28.72858,41.21754],[28.72853,41.22045],[28.7273,41.22065],[28.72792,41.21875],[28.72527,41.2171],[28.72241,41.21627],[28.72086,41.21521],[28.71991,41.21356],[28.71547,41.214],[28.7171,41.2159],[28.71785,41.21836],[28.71923,41.22016],[28.71612,41.21999],[28.71444,41.21939],[28.71228,41.21925],[28.70889,41.21958],[28.71043,41.21532],[28.71217,41.21239],[28.71498,41.2103],[28.71565,41.20861],[28.71628,41.20529],[28.71587,41.20154],[28.71491,41.19922],[28.71424,41.19874],[28.71703,41.19866],[28.71776,41.19826],[28.71806,41.19698],[28.72031,41.19681],[28.72396,41.19531],[28.72549,41.19562],[28.72558,41.19688],[28.7264,41.19998],[28.7282,41.20406],[28.72825,41.20467]]]},"properties":{"id":9680709,"name":"Mareşal Fevzi Çakmak Mahallesi","district_id":1766093}},{"type":"Feature","geometry":{"type":"Polygon","coordinates":[[[28.70642,41.18764],[28.7075,41.19001],[28.70748,41.19343],[28.70854,41.1953],[28.71247,41.19752],[28.71424,41.19874],[28.71491,41.19922],[28.71587,41.20154],[28.71628,41.20529],[28.71565,41.20861],[28.71498,41.2103],[28.71217,41.21239],[28.71043,41.21532],[28.70889,41.21958],[28.70873,41.2178],[28.7075,41.2148],[28.70642,41.21288],[28.70507,41.20884],[28.70446,41.20543],[28.70433,41.20033],[28.70314,41.19872],[28.70277,41.19806],[28.70273,41.19586],[28.7031,41.19522],[28.70291,41.19107],[28.70316,41.18809],[28.70642,41.18764]]]},"properties":{"id":9680710,"name":"Mehmet Akif Ersoy Mahallesi","district_id":1766093}},{"type":"Feature","geometry":{"type":"Polygon","coordinates":[[[28.70056,41.23214],[28.69542,41.23115],[28.69101,41.23185],[28.68763,41.23134],[28.68625,41.2307],[28.68349,41.2303],[28.68292,41.22988],[28.6829,41.22772],[28.68506,41.22697],[28.68613,41.22542],[28.68586,41.22343],[28.68675,41.22294],[28.68759,41.22112],[28.68741,41.2197],[28.68856,41.21839],[28.68841,41.21727],[28.68966,41.2156],[28.69456,41.21687],[28.69616,41.2167],[28.69912,41.22019],[28.69971,41.21887],[28.70167,41.21923],[28.70263,41.21892],[28.70326,41.21783],[28.70671,41.21841],[28.70593,41.22058],[28.70471,41.22132],[28.70446,41.22348],[28.70744,41.22381],[28.70692,41.22594],[28.70388,41.22953],[28.70056,41.23214]]]},"properties":{"id":9680712,"name":"Fatih Mahallesi","district_id":1766093}},{"type":"Feature","geometry":{"type":"Polygon","coordinates":[[[28.68966,41.2156],[28.6904,41.21389],[28.69194,41.21204],[28.69254,41.21019],[28.69352,41.20845],[28.69506,41.20721],[28.69547,41.20573],[28.69453,41.20438],[28.69625,41.20261],[28.69612,41.20135],[28.69687,41.20003],[28.70084,41.19944],[28.70314,41.19872],[28.70433,41.20033],[28.70446,41.20543],[28.70507,41.20884],[28.70642,41.21288],[28.7075,41.2148],[28.70873,41.2178],[28.70889,41.21958],[28.70744,41.22381],[28.70446,41.22348],[28.70471,41.22132],[28.70593,41.22058],[28.70671,41.21841],[28.70326,41.21783],[28.70263,41.21892],[28.70167,41.21923],[28.69971,41.21887],[28.69912,41.22019],[28.69616,41.2167],[28.69456,41.21687],[28.68966,41.2156]]]},"properties":{"id":9680713,"name":"Adnan Menderes Mahallesi","district_id":1766093}},{"type":"Feature","geometry":{"type":"Polygon","coordinates":[[[28.75091,41.20263],[28.75197,41.20386],[28.75462,41.20152],[28.75604,41.20168],[28.75585,41.20339],[28.75524,41.20493],[28.75545,41.20732],[28.75507,41.20772],[28.75499,41.21174],[28.75626,41.21374],[28.75631,41.21699],[28.75734,41.21952],[28.75733,41.22042],[28.75831,41.22105],[28.75833,41.22254],[28.76081,41.22645],[28.7611,41.22799],[28.76073,41.2303],[28.76193,41.23321],[28.76421,41.23579],[28.76777,41.23828],[28.76994,41.23918],[28.77251,41.2406],[28.77543,41.24293],[28.77616,41.24409],[28.77676,41.24677],[28.77796,41.24761],[28.77859,41.24886],[28.78619,41.24872],[28.78408,41.25105],[28.78234,41.25407],[28.78076,41.25635],[28.77908,41.25779],[28.77571,41.25803],[28.77482,41.25839],[28.77447,41.2599],[28.7731,41.26137],[28.77316,41.26284],[28.77168,41.26506],[28.77133,41.2676],[28.77002,41.26938],[28.77008,41.27032],[28.77328,41.27054],[28.77441,41.27],[28.7763,41.27018],[28.77695,41.27107],[28.77624,41.2721],[28.77772,41.27285],[28.77737,41.27459],[28.77749,41.2761],[28.7795,41.27771],[28.78128,41.27962],[28.78181,41.28456],[28.78347,41.28781],[28.78293,41.28941],[28.78418,41.29373],[28.78513,41.29533],[28.78471,41.29804],[28.78584,41.30223],[28.78655,41.3041],[28.78738,41.30516],[28.78886,41.30611],[28.78959,41.30683],[28.79007,41.30835],[28.7903,41.31169],[28.7889,41.31411],[28.78842,41.31381],[28.7898,41.31156],[28.78964,41.30835],[28.78857,41.30713],[28.78597,41.30679],[28.78078,41.30865],[28.78028,41.30932],[28.78042,41.31146],[28.78186,41.31324],[28.77875,41.31504],[28.7754,41.31658],[28.77391,41.31774],[28.7713,41.32107],[28.76931,41.32256],[28.76805,41.32316],[28.76557,41.32371],[28.76389,41.32352],[28.76212,41.32017],[28.76019,41.31547],[28.75803,41.31268],[28.75609,41.31161],[28.75387,41.30939],[28.75436,41.30801],[28.75427,41.30654],[28.75591,41.30538],[28.7568,41.30406],[28.75667,41.30235],[28.75579,41.30113],[28.75602,41.29981],[28.75693,41.29902],[28.75665,41.29796],[28.75803,41.29659],[28.75662,41.29502],[28.7565,41.29406],[28.75922,41.29411],[28.75931,41.29224],[28.75922,41.28587],[28.75897,41.28403],[28.75954,41.28382],[28.75965,41.28008],[28.7615,41.27734],[28.76143,41.27481],[28.76386,41.27278],[28.76433,41.2709],[28.76317,41.26955],[28.75961,41.26607],[28.75816,41.26603],[28.75687,41.26448],[28.75488,41.26424],[28.75209,41.26505],[28.75076,41.26478],[28.74666,41.26315],[28.74539,41.26286],[28.74205,41.26171],[28.74223,41.25731],[28.74121,41.25644],[28.74067,41.25449],[28.73768,41.2524],[28.73748,41.25106],[28.73618,41.25032],[28.73635,41.24532],[28.73718,41.24329],[28.73582,41.24246],[28.73505,41.24131],[28.7322,41.23944],[28.73037,41.23783],[28.72971,41.2394],[28.72713,41.23819],[28.72511,41.23848],[28.7218,41.23758],[28.72012,41.23612],[28.71915,41.23576],[28.71517,41.23498],[28.7127,41.23532],[28.71054,41.23475],[28.70869,41.23508],[28.70708,41.23462],[28.70575,41.23514],[28.70292,41.2347],[28.70056,41.23393],[28.69938,41.23388],[28.70056,41.23214],[28.70388,41.22953],[28.70692,41.22594],[28.70744,41.22381],[28.70889,41.21958],[28.71228,41.21925],[28.71444,41.21939],[28.71612,41.21999],[28.71923,41.22016],[28.71785,41.21836],[28.7171,41.2159],[28.71547,41.214],[28.71991,41.21356],[28.72086,41.21521],[28.72241,41.21627],[28.72527,41.2171],[28.72792,41.21875],[28.7273,41.22065],[28.72853,41.22045],[28.7302,41.22151],[28.7327,41.21773],[28.73705,41.21445],[28.74067,41.21217],[28.74242,41.20928],[28.74642,41.20599],[28.74846,41.20353],[28.75091,41.20263]]]},"properties":{"id":9680733,"name":"İmrahor Mahallesi","district_id":1766093}},{"type":"Feature","geometry":{"type":"Polygon","coordinates":[[[28.65691,41.30731],[28.65577,41.30264],[28.65444,41.29925],[28.65235,41.29644],[28.652,41.29551],[28.65157,41.29198],[28.65168,41.28979],[28.65127,41.28708],[28.65168,41.28537],[28.65087,41.28455],[28.65069,41.2818],[28.64944,41.27889],[28.64603,41.27662],[28.64413,41.27502],[28.64325,41.27327],[28.64207,41.27171],[28.64109,41.26888],[28.6399,41.26769],[28.63864,41.26518],[28.63629,41.26338],[28.63586,41.262],[28.63749,41.25623],[28.63794,41.25324],[28.64049,41.25057],[28.64116,41.24889],[28.64017,41.24603],[28.64028,41.24354],[28.64019,41.23928],[28.64213,41.23888],[28.64361,41.23806],[28.65226,41.23704],[28.65335,41.23821],[28.65966,41.23866],[28.6655,41.23873],[28.66834,41.23746],[28.67006,41.23758],[28.67287,41.24241],[28.67418,41.24327],[28.67502,41.24452],[28.67716,41.24608],[28.67742,41.24718],[28.67707,41.24948],[28.6774,41.25227],[28.67838,41.25383],[28.67823,41.25523],[28.67986,41.25742],[28.68025,41.26008],[28.67891,41.26249],[28.67328,41.26426],[28.66933,41.26648],[28.66891,41.26748],[28.66909,41.26915],[28.67141,41.2713],[28.6713,41.27264],[28.6718,41.27565],[28.67085,41.27733],[28.67015,41.2799],[28.6707,41.28578],[28.67213,41.28826],[28.67189,41.29077],[28.6714,41.29221],[28.67202,41.29415],[28.67323,41.29465],[28.67277,41.2955],[28.67339,41.29646],[28.67146,41.29888],[28.66804,41.30417],[28.6677,41.30443],[28.66264,41.30614],[28.66051,41.30615],[28.65986,41.30663],[28.65691,41.30731]]]},"properties":{"id":9680749,"name":"Baklalı Mahallesi","district_id":1766093}},{"type":"Feature","geometry":{"type":"Polygon","coordinates":[[[28.68856,41.21839],[28.68669,41.21703],[28.68349,41.21556],[28.68223,41.21588],[28.68014,41.21746],[28.67771,41.21827],[28.67419,41.22],[28.67412,41.21745],[28.67129,41.21285],[28.6714,41.21003],[28.6697,41.21025],[28.66781,41.20885],[28.66515,41.20746],[28.66462,41.20638],[28.6623,41.20473],[28.6605,41.20299],[28.6602,41.20197],[28.65717,41.19826],[28.65706,41.19587],[28.65485,41.19291],[28.65417,41.19133],[28.65432,41.18999],[28.65262,41.18972],[28.65026,41.18865],[28.65016,41.18813],[28.64797,41.18742],[28.6476,41.18681],[28.64992,41.18453],[28.6497,41.18343],[28.64825,41.18035],[28.64754,41.17959],[28.6458,41.17893],[28.64537,41.1778],[28.64561,41.17539],[28.64503,41.1734],[28.64436,41.17292],[28.64501,41.1716],[28.64302,41.16975],[28.64516,41.1703],[28.64567,41.16974],[28.64578,41.16814],[28.64674,41.16654],[28.65071,41.16971],[28.6525,41.17051],[28.65508,41.17078],[28.65668,41.17245],[28.65822,41.17271],[28.66011,41.17203],[28.65952,41.17343],[28.66586,41.17265],[28.66489,41.17116],[28.66642,41.17084],[28.66867,41.17145],[28.66931,41.17122],[28.6731,41.17157],[28.6782,41.17148],[28.67842,41.17437],[28.68063,41.17375],[28.68012,41.17143],[28.68116,41.17019],[28.68249,41.1715],[28.68305,41.17357],[28.68419,41.17427],[28.683,41.17559],[28.68394,41.17765],[28.68486,41.17841],[28.68582,41.1808],[28.68927,41.18162],[28.69182,41.18256],[28.69158,41.18364],[28.69344,41.18363],[28.69456,41.18465],[28.69634,41.18455],[28.69615,41.18574],[28.6906,41.18731],[28.69046,41.18817],[28.69186,41.18987],[28.69221,41.1912],[28.69185,41.19243],[28.69201,41.19416],[28.69013,41.19459],[28.68613,41.19509],[28.68379,41.19575],[28.68271,41.1971],[28.68083,41.19846],[28.67815,41.19975],[28.67601,41.20232],[28.67575,41.20396],[28.6773,41.2053],[28.67928,41.20593],[28.68142,41.20704],[28.68348,41.20735],[28.68808,41.20848],[28.69254,41.21019],[28.69194,41.21204],[28.6904,41.21389],[28.68966,41.2156],[28.68841,41.21727],[28.68856,41.21839]]]},"properties":{"id":9680766,"name":"Çilingir Mahallesi","district_id":1766093}},{"type":"Feature","geometry":{"type":"Polygon","coordinates":[[[28.70314,41.19872],[28.70084,41.19944],[28.69687,41.20003],[28.69612,41.20135],[28.69625,41.20261],[28.69453,41.20438],[28.69547,41.20573],[28.69506,41.20721],[28.69352,41.20845],[28.69254,41.21019],[28.68808,41.20848],[28.68348,41.20735],[28.68142,41.20704],[28.67928,41.20593],[28.6773,41.2053],[28.67575,41.20396],[28.67601,41.20232],[28.67815,41.19975],[28.68083,41.19846],[28.68271,41.1971],[28.68379,41.19575],[28.68613,41.19509],[28.69013,41.19459],[28.69201,41.19416],[28.69185,41.19243],[28.69221,41.1912],[28.69186,41.18987],[28.69046,41.18817],[28.6906,41.18731],[28.69615,41.18574],[28.69634,41.18455],[28.69456,41.18465],[28.69344,41.18363],[28.69158,41.18364],[28.69182,41.18256],[28.68927,41.18162],[28.68582,41.1808],[28.68486,41.17841],[28.68394,41.17765],[28.683,41.17559],[28.68419,41.17427],[28.68305,41.17357],[28.68249,41.1715],[28.68116,41.17019],[28.68206,41.16918],[28.68309,41.16622],[28.68432,41.16436],[28.68657,41.16483],[28.68826,41.16489],[28.69166,41.16725],[28.6949,41.16304],[28.69684,41.1642],[28.69999,41.16468],[28.70083,41.16518],[28.70065,41.16639],[28.70128,41.16755],[28.70278,41.16865],[28.70569,41.16854],[28.7076,41.16894],[28.70816,41.16693],[28.71123,41.16679],[28.71374,41.16617],[28.71482,41.16639],[28.7178,41.1662],[28.72026,41.16627],[28.72065,41.16753],[28.72062,41.16969],[28.72014,41.17042],[28.72068,41.1714],[28.71963,41.17318],[28.71863,41.17307],[28.71424,41.17539],[28.71135,41.17821],[28.70957,41.18029],[28.70958,41.18101],[28.70822,41.18425],[28.70836,41.18574],[28.70787,41.18709],[28.70642,41.18764],[28.70316,41.18809],[28.70291,41.19107],[28.7031,41.19522],[28.70273,41.19586],[28.70277,41.19806],[28.70314,41.19872]]]},"properties":{"id":9680772,"name":"Haraççı Mahallesi","district_id":1766093}},{"type":"Feature","geometry":{"type":"Polygon","coordinates":[[[28.63482,41.16727],[28.63565,41.16775],[28.64129,41.16946],[28.64302,41.16975],[28.64501,41.1716],[28.64436,41.17292],[28.64503,41.1734],[28.64561,41.17539],[28.64537,41.1778],[28.6458,41.17893],[28.64754,41.17959],[28.64825,41.18035],[28.6497,41.18343],[28.64992,41.18453],[28.6476,41.18681],[28.64797,41.18742],[28.65016,41.18813],[28.65026,41.18865],[28.65262,41.18972],[28.65432,41.18999],[28.65417,41.19133],[28.65485,41.19291],[28.65706,41.19587],[28.65717,41.19826],[28.6602,41.20197],[28.6605,41.20299],[28.6623,41.20473],[28.66462,41.20638],[28.66515,41.20746],[28.66781,41.20885],[28.6697,41.21025],[28.6714,41.21003],[28.67129,41.21285],[28.67412,41.21745],[28.67419,41.22],[28.67444,41.22261],[28.67307,41.22516],[28.67155,41.22874],[28.67132,41.22988],[28.66978,41.23249],[28.66975,41.23415],[28.67018,41.23515],[28.67006,41.23758],[28.66834,41.23746],[28.6655,41.23873],[28.65966,41.23866],[28.65335,41.23821],[28.65226,41.23704],[28.64361,41.23806],[28.64213,41.23888],[28.64019,41.23928],[28.63986,41.23633],[28.64131,41.23376],[28.63931,41.2334],[28.6346,41.23222],[28.63449,41.23082],[28.62997,41.2307],[28.62749,41.23119],[28.6251,41.23215],[28.62326,41.23258],[28.62231,41.2332],[28.62338,41.23018],[28.62473,41.22484],[28.62554,41.22352],[28.62617,41.22102],[28.61714,41.21909],[28.61586,41.21832],[28.61393,41.21803],[28.61138,41.21616],[28.60796,41.21406],[28.60682,41.21362],[28.6071,41.21138],[28.60659,41.20972],[28.60859,41.20309],[28.60964,41.20179],[28.60893,41.20125],[28.61125,41.19898],[28.61274,41.19664],[28.61274,41.19446],[28.61336,41.1906],[28.61396,41.18935],[28.61363,41.18891],[28.61582,41.18302],[28.61791,41.18065],[28.61945,41.18109],[28.61975,41.18026],[28.62118,41.1795],[28.62451,41.17826],[28.62504,41.17729],[28.62678,41.17647],[28.62653,41.17479],[28.62689,41.17412],[28.62947,41.17315],[28.62995,41.17182],[28.6297,41.17021],[28.63368,41.16925],[28.63482,41.16727]]]},"properties":{"id":9680774,"name":"Dursunköy Mahallesi","district_id":1766093}},{"type":"Feature","geometry":{"type":"Polygon","coordinates":[[[28.67441,41.29994],[28.67549,41.29835],[28.67673,41.29751],[28.67755,41.29599],[28.68028,41.29553],[28.68297,41.29578],[28.6859,41.29538],[28.68837,41.29404],[28.69166,41.29293],[28.69339,41.29183],[28.69428,41.2905],[28.69696,41.28915],[28.69829,41.28767],[28.699,41.28473],[28.7034,41.28233],[28.70453,41.28152],[28.705,41.28026],[28.70864,41.27821],[28.71115,41.27777],[28.71412,41.27927],[28.7167,41.27969],[28.71708,41.28162],[28.71814,41.28225],[28.7187,41.28374],[28.71987,41.28521],[28.71994,41.28624],[28.72511,41.28754],[28.73151,41.28829],[28.73379,41.28787],[28.73651,41.28635],[28.73677,41.28414],[28.73817,41.28293],[28.74198,41.28276],[28.74337,41.28211],[28.74493,41.27856],[28.74586,41.27701],[28.74459,41.27344],[28.74541,41.26548],[28.74539,41.26286],[28.74666,41.26315],[28.75076,41.26478],[28.75209,41.26505],[28.75488,41.26424],[28.75687,41.26448],[28.75816,41.26603],[28.75961,41.26607],[28.76317,41.26955],[28.76433,41.2709],[28.76386,41.27278],[28.76143,41.27481],[28.7615,41.27734],[28.75965,41.28008],[28.75954,41.28382],[28.75897,41.28403],[28.75922,41.28587],[28.75931,41.29224],[28.75922,41.29411],[28.7565,41.29406],[28.75662,41.29502],[28.75803,41.29659],[28.75665,41.29796],[28.75693,41.29902],[28.75602,41.29981],[28.75579,41.30113],[28.75667,41.30235],[28.7568,41.30406],[28.75591,41.30538],[28.75427,41.30654],[28.75436,41.30801],[28.75387,41.30939],[28.75609,41.31161],[28.75803,41.31268],[28.76019,41.31547],[28.76212,41.32017],[28.76389,41.32352],[28.76018,41.32427],[28.75711,41.32614],[28.7545,41.32738],[28.75198,41.32797],[28.75028,41.32788],[28.74666,41.32671],[28.74377,41.32654],[28.74145,41.326],[28.73659,41.32716],[28.7341,41.32723],[28.73243,41.32617],[28.73065,41.32585],[28.72661,41.32658],[28.7235,41.32764],[28.7214,41.32813],[28.71785,41.3294],[28.71535,41.33009],[28.71222,41.33149],[28.70892,41.33239],[28.70781,41.33325],[28.7052,41.33429],[28.70205,41.33526],[28.70063,41.33354],[28.70034,41.33131],[28.69724,41.32801],[28.69633,41.32818],[28.69344,41.32957],[28.69332,41.32808],[28.69156,41.327],[28.6908,41.32581],[28.69174,41.3236],[28.68942,41.32184],[28.68894,41.32091],[28.68684,41.31862],[28.68583,41.31613],[28.68496,41.31582],[28.68367,41.31373],[28.68397,41.31261],[28.68739,41.31263],[28.68765,41.31171],[28.68667,41.31042],[28.6866,41.3094],[28.68545,41.30879],[28.68766,41.30789],[28.68838,41.30661],[28.68448,41.30394],[28.68389,41.30299],[28.68153,41.30106],[28.67955,41.30045],[28.67816,41.30043],[28.6779,41.29967],[28.67575,41.3003],[28.67441,41.29994]]]},"properties":{"id":9680778,"name":"Yeniköy Mahallesi","district_id":1766093}},{"type":"Feature","geometry":{"type":"Polygon","coordinates":[[[28.68856,41.21839],[28.68741,41.2197],[28.68759,41.22112],[28.68675,41.22294],[28.68586,41.22343],[28.68613,41.22542],[28.68506,41.22697],[28.6829,41.22772],[28.68292,41.22988],[28.68349,41.2303],[28.68625,41.2307],[28.68763,41.23134],[28.69101,41.23185],[28.69542,41.23115],[28.70056,41.23214],[28.69938,41.23388],[28.70056,41.23393],[28.70292,41.2347],[28.70575,41.23514],[28.70708,41.23462],[28.70869,41.23508],[28.71054,41.23475],[28.7127,41.23532],[28.71517,41.23498],[28.71915,41.23576],[28.72012,41.23612],[28.7218,41.23758],[28.72511,41.23848],[28.72713,41.23819],[28.72971,41.2394],[28.73037,41.23783],[28.7322,41.23944],[28.73505,41.24131],[28.73582,41.24246],[28.73718,41.24329],[28.73635,41.24532],[28.73618,41.25032],[28.73748,41.25106],[28.73768,41.2524],[28.74067,41.25449],[28.74121,41.25644],[28.74223,41.25731],[28.74205,41.26171],[28.74539,41.26286],[28.74541,41.26548],[28.74459,41.27344],[28.74586,41.27701],[28.74493,41.27856],[28.74337,41.28211],[28.74198,41.28276],[28.73817,41.28293],[28.73677,41.28414],[28.73651,41.28635],[28.73379,41.28787],[28.73151,41.28829],[28.72511,41.28754],[28.71994,41.28624],[28.71987,41.28521],[28.7187,41.28374],[28.71814,41.28225],[28.71708,41.28162],[28.7167,41.27969],[28.71412,41.27927],[28.71115,41.27777],[28.70864,41.27821],[28.705,41.28026],[28.70453,41.28152],[28.7034,41.28233],[28.699,41.28473],[28.69829,41.28767],[28.69696,41.28915],[28.69428,41.2905],[28.69339,41.29183],[28.69166,41.29293],[28.68837,41.29404],[28.6859,41.29538],[28.68297,41.29578],[28.68028,41.29553],[28.67755,41.29599],[28.67673,41.29751],[28.67549,41.29835],[28.67441,41.29994],[28.6741,41.30014],[28.67146,41.29888],[28.67339,41.29646],[28.67277,41.2955],[28.67323,41.29465],[28.67202,41.29415],[28.6714,41.29221],[28.67189,41.29077],[28.67213,41.28826],[28.6707,41.28578],[28.67015,41.2799],[28.67085,41.27733],[28.6718,41.27565],[28.6713,41.27264],[28.67141,41.2713],[28.66909,41.26915],[28.66891,41.26748],[28.66933,41.26648],[28.67328,41.26426],[28.67891,41.26249],[28.68025,41.26008],[28.67986,41.25742],[28.67823,41.25523],[28.67838,41.25383],[28.6774,41.25227],[28.67707,41.24948],[28.67742,41.24718],[28.67716,41.24608],[28.67502,41.24452],[28.67418,41.24327],[28.67287,41.24241],[28.67006,41.23758],[28.67018,41.23515],[28.66975,41.23415],[28.66978,41.23249],[28.67132,41.22988],[28.67155,41.22874],[28.67307,41.22516],[28.67444,41.22261],[28.67419,41.22],[28.67771,41.21827],[28.68014,41.21746],[28.68223,41.21588],[28.68349,41.21556],[28.68669,41.21703],[28.68856,41.21839]]]},"properties":{"id":9680779,"name":"Tayakadın Mahallesi","district_id":1766093}},{"type":"Feature","geometry":{"type":"Polygon","coordinates":[[[28.12269,41.14687],[28.12141,41.14254],[28.12009,41.13951],[28.1187,41.13562],[28.11905,41.13302],[28.11862,41.13132],[28.11958,41.12935],[28.12039,41.12564],[28.12126,41.12333],[28.12254,41.11735],[28.12258,41.11548],[28.12314,41.11373],[28.12502,41.11234],[28.12643,41.1108],[28.12906,41.11104],[28.13083,41.11025],[28.13114,41.10937],[28.13353,41.1089],[28.13552,41.10799],[28.1383,41.10837],[28.1424,41.10729],[28.14597,41.10703],[28.14861,41.10729],[28.14986,41.10708],[28.1542,41.1053],[28.1566,41.10481],[28.15748,41.10427],[28.15872,41.10447],[28.16008,41.1039],[28.16038,41.10612],[28.15862,41.10835],[28.15773,41.11122],[28.15643,41.11161],[28.15728,41.11348],[28.15568,41.1156],[28.15727,41.11674],[28.15714,41.11824],[28.15844,41.11894],[28.16004,41.12089],[28.16097,41.12078],[28.16218,41.12227],[28.16369,41.12311],[28.1653,41.12431],[28.16502,41.12566],[28.16371,41.12671],[28.1624,41.12902],[28.16029,41.13004],[28.15798,41.13336],[28.15592,41.13532],[28.15511,41.13564],[28.15307,41.13843],[28.15075,41.1404],[28.1503,41.14156],[28.14678,41.13919],[28.14245,41.13743],[28.13689,41.13534],[28.13103,41.13284],[28.13138,41.13365],[28.12999,41.13421],[28.12907,41.13511],[28.12837,41.1374],[28.12771,41.13817],[28.12752,41.13985],[28.12785,41.14211],[28.12847,41.14247],[28.12895,41.14418],[28.12718,41.14658],[28.12317,41.14663],[28.12269,41.14687]]]},"properties":{"id":9681982,"name":"Yolçatı Mahallesi","district_id":1275379}},{"type":"Feature","geometry":{"type":"Polygon","coordinates":[[[28.13552,41.10799],[28.13353,41.1089],[28.13114,41.10937],[28.13083,41.11025],[28.12906,41.11104],[28.12643,41.1108],[28.12502,41.11234],[28.12314,41.11373],[28.12258,41.11548],[28.12254,41.11735],[28.12126,41.12333],[28.12039,41.12564],[28.11958,41.12935],[28.11862,41.13132],[28.11905,41.13302],[28.1187,41.13562],[28.12009,41.13951],[28.12141,41.14254],[28.12269,41.14687],[28.12247,41.15036],[28.12333,41.15131],[28.12217,41.15253],[28.1226,41.15359],[28.12235,41.15476],[28.12003,41.15681],[28.1193,41.1582],[28.11991,41.15989],[28.1195,41.16045],[28.11709,41.16103],[28.1175,41.16433],[28.11687,41.16492],[28.11748,41.16656],[28.11604,41.16744],[28.11616,41.16866],[28.11515,41.16983],[28.11489,41.17101],[28.11383,41.1724],[28.11308,41.17245],[28.1113,41.17476],[28.11108,41.17587],[28.10914,41.17601],[28.10934,41.17704],[28.1075,41.17689],[28.10679,41.17762],[28.10546,41.18015],[28.10328,41.18056],[28.10305,41.1815],[28.10192,41.18208],[28.10099,41.18415],[28.09927,41.18459],[28.09411,41.18178],[28.09311,41.18273],[28.09099,41.18255],[28.08848,41.18058],[28.08766,41.18033],[28.08581,41.17635],[28.08385,41.17417],[28.08279,41.17205],[28.0752,41.16868],[28.07264,41.16793],[28.07078,41.16524],[28.07076,41.16444],[28.07202,41.1629],[28.07255,41.16055],[28.07092,41.1591],[28.07183,41.15839],[28.07388,41.15792],[28.07431,41.15737],[28.07359,41.15622],[28.07531,41.15523],[28.07428,41.15413],[28.07516,41.15312],[28.07825,41.15159],[28.08004,41.15138],[28.08105,41.15017],[28.08183,41.14828],[28.08296,41.1478],[28.08258,41.14583],[28.0826,41.14366],[28.08321,41.14146],[28.08461,41.14156],[28.08557,41.14031],[28.08701,41.13993],[28.08749,41.1391],[28.08691,41.13811],[28.08779,41.13622],[28.09152,41.13176],[28.09086,41.13044],[28.091,41.1294],[28.09302,41.12589],[28.09321,41.12219],[28.09474,41.12259],[28.09582,41.1182],[28.09379,41.1176],[28.09533,41.11508],[28.09514,41.11121],[28.09608,41.10964],[28.09636,41.10802],[28.09576,41.10651],[28.09556,41.10391],[28.09712,41.10184],[28.09701,41.10051],[28.09836,41.09869],[28.09826,41.09679],[28.09941,41.09558],[28.09927,41.0941],[28.09992,41.09332],[28.09991,41.09197],[28.10145,41.08864],[28.10278,41.08887],[28.10437,41.08589],[28.10464,41.08445],[28.10411,41.08209],[28.10441,41.08085],[28.10393,41.08016],[28.10447,41.07859],[28.1044,41.07719],[28.10532,41.07603],[28.10618,41.07609],[28.10691,41.0744],[28.10856,41.07254],[28.10825,41.07162],[28.10989,41.07111],[28.11145,41.07326],[28.11196,41.07569],[28.11367,41.07572],[28.11442,41.07403],[28.11679,41.07477],[28.11799,41.07644],[28.12084,41.07861],[28.12176,41.07946],[28.12626,41.08122],[28.12752,41.08234],[28.12892,41.08296],[28.12943,41.08397],[28.131,41.08436],[28.13107,41.08629],[28.13366,41.08975],[28.13392,41.09227],[28.13265,41.09265],[28.13585,41.09733],[28.13753,41.09896],[28.14037,41.10221],[28.13698,41.10531],[28.13552,41.10799]]]},"properties":{"id":9681983,"name":"Çeltik Mahallesi","district_id":1275379}},{"type":"Feature","geometry":{"type":"Polygon","coordinates":[[[27.97736,41.11143],[27.98293,41.11246],[27.98801,41.11107],[27.99004,41.1088],[27.99148,41.10807],[27.99403,41.10725],[27.99929,41.10451],[27.99997,41.10488],[28.00355,41.10127],[28.00647,41.10126],[28.01345,41.09736],[28.01662,41.09539],[28.02917,41.09162],[28.03132,41.09361],[28.03426,41.09749],[28.03571,41.10017],[28.0371,41.10382],[28.04108,41.1029],[28.04531,41.10211],[28.04898,41.10107],[28.05005,41.10105],[28.05412,41.10026],[28.05581,41.10637],[28.0567,41.11005],[28.05741,41.11413],[28.05796,41.11438],[28.05803,41.11632],[28.05863,41.11972],[28.05965,41.12317],[28.06041,41.12474],[28.05939,41.12624],[28.05924,41.13007],[28.05785,41.13168],[28.05829,41.13628],[28.05807,41.13696],[28.05524,41.13872],[28.05352,41.14069],[28.05041,41.14691],[28.04971,41.14773],[28.04702,41.15195],[28.04428,41.15442],[28.04348,41.15657],[28.04174,41.15649],[28.04071,41.15904],[28.04074,41.16068],[28.04144,41.16581],[28.04189,41.16726],[28.03874,41.16846],[28.03777,41.16933],[28.03436,41.16984],[28.03166,41.17134],[28.03041,41.17242],[28.02827,41.1732],[28.02711,41.17433],[28.02456,41.17507],[28.02151,41.17557],[28.02149,41.17394],[28.02035,41.17229],[28.01855,41.17151],[28.01696,41.1715],[28.01612,41.16933],[28.017,41.16811],[28.01679,41.16701],[28.01582,41.1667],[28.01296,41.16694],[28.01265,41.16495],[28.01362,41.16234],[28.01087,41.16188],[28.00619,41.16211],[27.99887,41.16176],[27.99545,41.16186],[27.99216,41.16158],[27.98897,41.16217],[27.98428,41.16199],[27.98246,41.15974],[27.97997,41.15574],[27.9787,41.15239],[27.97861,41.15137],[27.97927,41.14955],[27.97961,41.14757],[27.98032,41.14587],[27.98071,41.14379],[27.98003,41.14082],[27.97882,41.13848],[27.97839,41.13427],[27.97668,41.12999],[27.97611,41.12798],[27.97454,41.12486],[27.97336,41.12299],[27.97582,41.12337],[27.97544,41.11776],[27.97493,41.11607],[27.97245,41.112],[27.97253,41.11148],[27.97579,41.11104],[27.97736,41.11143]]]},"properties":{"id":9682004,"name":"Değirmenköy İsmetpaşa Mahallesi","district_id":1275379}},{"type":"Feature","geometry":{"type":"Polygon","coordinates":[[[28.08701,41.13993],[28.08557,41.14031],[28.08461,41.14156],[28.08321,41.14146],[28.0826,41.14366],[28.08258,41.14583],[28.08296,41.1478],[28.08183,41.14828],[28.08105,41.15017],[28.08004,41.15138],[28.07825,41.15159],[28.07516,41.15312],[28.07428,41.15413],[28.07531,41.15523],[28.07359,41.15622],[28.07431,41.15737],[28.07388,41.15792],[28.07183,41.15839],[28.07092,41.1591],[28.07255,41.16055],[28.07202,41.1629],[28.07076,41.16444],[28.07078,41.16524],[28.06955,41.1663],[28.06803,41.16866],[28.06883,41.17088],[28.06856,41.17265],[28.06878,41.17437],[28.06788,41.17476],[28.06771,41.17689],[28.06887,41.17782],[28.06912,41.17945],[28.06844,41.18075],[28.06827,41.1828],[28.06732,41.18277],[28.06747,41.18576],[28.06973,41.18695],[28.06882,41.18836],[28.06895,41.19002],[28.06286,41.18981],[28.05745,41.18988],[28.054,41.19019],[28.05099,41.1896],[28.05009,41.18915],[28.04745,41.18922],[28.04462,41.18857],[28.04207,41.18754],[28.03786,41.18755],[28.03453,41.18725],[28.03243,41.18747],[28.03054,41.18663],[28.02956,41.18657],[28.02728,41.18495],[28.0236,41.18203],[28.02334,41.1813],[28.02318,41.17907],[28.022,41.1772],[28.02151,41.17557],[28.02456,41.17507],[28.02711,41.17433],[28.02827,41.1732],[28.03041,41.17242],[28.03166,41.17134],[28.03436,41.16984],[28.03777,41.16933],[28.03874,41.16846],[28.04189,41.16726],[28.04144,41.16581],[28.04074,41.16068],[28.04071,41.15904],[28.04174,41.15649],[28.04348,41.15657],[28.04428,41.15442],[28.04702,41.15195],[28.04971,41.14773],[28.05041,41.14691],[28.05352,41.14069],[28.05524,41.13872],[28.05807,41.13696],[28.05829,41.13628],[28.05785,41.13168],[28.05924,41.13007],[28.05939,41.12624],[28.06041,41.12474],[28.05965,41.12317],[28.05863,41.11972],[28.05803,41.11632],[28.05796,41.11438],[28.05741,41.11413],[28.0567,41.11005],[28.05581,41.10637],[28.05412,41.10026],[28.05005,41.10105],[28.04898,41.10107],[28.04531,41.10211],[28.04108,41.1029],[28.0371,41.10382],[28.03571,41.10017],[28.03426,41.09749],[28.03132,41.09361],[28.02917,41.09162],[28.02558,41.08645],[28.04677,41.08219],[28.06052,41.07954],[28.06118,41.07776],[28.06303,41.07753],[28.06296,41.07599],[28.06439,41.0756],[28.06988,41.07503],[28.06789,41.07304],[28.06379,41.06833],[28.06507,41.06736],[28.06512,41.06419],[28.06563,41.05825],[28.06763,41.05832],[28.0673,41.05744],[28.06811,41.05474],[28.07172,41.05598],[28.07502,41.05673],[28.08122,41.05763],[28.0859,41.05788],[28.08795,41.05837],[28.09072,41.05862],[28.09269,41.05833],[28.09484,41.05879],[28.10078,41.05956],[28.10095,41.0606],[28.1006,41.0653],[28.10019,41.0666],[28.10324,41.06857],[28.10327,41.06921],[28.10109,41.07001],[28.10085,41.07046],[28.08407,41.07551],[28.08447,41.0777],[28.07903,41.08769],[28.07824,41.08884],[28.07808,41.10002],[28.07965,41.10756],[28.07906,41.11101],[28.07778,41.11222],[28.07852,41.11476],[28.07846,41.11608],[28.07993,41.11645],[28.08104,41.11801],[28.08233,41.12056],[28.08269,41.12186],[28.08277,41.12425],[28.08372,41.12611],[28.08494,41.12751],[28.08499,41.12905],[28.08561,41.13356],[28.08535,41.13519],[28.08582,41.13786],[28.08701,41.13993]]]},"properties":{"id":9682023,"name":"Çanta Balaban Mahallesi","district_id":1275379}},{"type":"Feature","geometry":{"type":"Polygon","coordinates":[[[28.13906,41.31842],[28.13817,41.31766],[28.13525,41.31787],[28.13423,41.31716],[28.13342,41.31474],[28.13277,41.31375],[28.13081,41.31251],[28.13006,41.31118],[28.12841,41.30952],[28.1269,41.30934],[28.12552,41.30732],[28.1228,41.30463],[28.12178,41.30418],[28.1215,41.30329],[28.11935,41.30282],[28.11708,41.29917],[28.11483,41.29785],[28.11348,41.29824],[28.11113,41.29827],[28.10997,41.2971],[28.109,41.2981],[28.10718,41.29897],[28.1049,41.29811],[28.10406,41.29686],[28.10212,41.29774],[28.10094,41.29781],[28.09947,41.29851],[28.09668,41.29926],[28.09365,41.29974],[28.09295,41.29842],[28.09351,41.29709],[28.09086,41.29578],[28.08924,41.29641],[28.08849,41.29556],[28.08657,41.29767],[28.08176,41.29915],[28.0806,41.29851],[28.07968,41.29723],[28.07865,41.2972],[28.07709,41.29987],[28.07575,41.2983],[28.07509,41.2967],[28.07626,41.29581],[28.0757,41.29426],[28.07633,41.2919],[28.07542,41.29038],[28.07652,41.28944],[28.07673,41.28792],[28.07214,41.28499],[28.07181,41.28257],[28.0695,41.28108],[28.06752,41.279],[28.06538,41.27768],[28.06357,41.27783],[28.06263,41.27717],[28.06167,41.27496],[28.0589,41.272],[28.05837,41.27024],[28.05705,41.26797],[28.05611,41.2669],[28.06107,41.26654],[28.06363,41.26603],[28.07003,41.26391],[28.07185,41.26302],[28.0752,41.26028],[28.07754,41.25958],[28.08598,41.26044],[28.08836,41.26034],[28.0914,41.25921],[28.09524,41.25873],[28.09667,41.25833],[28.10179,41.25778],[28.10529,41.25707],[28.10893,41.25547],[28.1107,41.25404],[28.11167,41.25173],[28.11355,41.25336],[28.11515,41.25436],[28.11685,41.25487],[28.11925,41.25609],[28.12089,41.25583],[28.12825,41.25753],[28.13011,41.25748],[28.13213,41.25934],[28.13664,41.2591],[28.13981,41.25812],[28.14112,41.25728],[28.14608,41.25219],[28.14825,41.2485],[28.14997,41.24519],[28.15213,41.24157],[28.15411,41.23971],[28.16021,41.2351],[28.16309,41.23312],[28.1648,41.23252],[28.16984,41.23227],[28.17861,41.22952],[28.18134,41.22856],[28.18368,41.22834],[28.18459,41.23285],[28.18459,41.2371],[28.18641,41.24336],[28.19066,41.24826],[28.19136,41.24881],[28.19658,41.25179],[28.19659,41.2561],[28.20007,41.26263],[28.20237,41.26786],[28.20277,41.26913],[28.20378,41.26999],[28.2034,41.27193],[28.20184,41.27251],[28.20048,41.27353],[28.2029,41.27419],[28.20231,41.27492],[28.2008,41.27479],[28.1998,41.27626],[28.19946,41.27908],[28.19854,41.28013],[28.19705,41.28079],[28.19703,41.28147],[28.19575,41.28234],[28.19555,41.28334],[28.19384,41.28567],[28.19111,41.28476],[28.18882,41.28453],[28.18736,41.28495],[28.18672,41.287],[28.1859,41.28816],[28.18191,41.28747],[28.17572,41.28709],[28.17464,41.28689],[28.17373,41.28863],[28.17343,41.29192],[28.17367,41.29369],[28.1722,41.293],[28.17168,41.29225],[28.16991,41.29216],[28.16908,41.29417],[28.16593,41.29738],[28.1653,41.29898],[28.1638,41.29924],[28.16192,41.30133],[28.15825,41.30384],[28.15707,41.30399],[28.15555,41.30499],[28.15485,41.30612],[28.15384,41.30656],[28.15299,41.30937],[28.15233,41.31074],[28.14835,41.31052],[28.1465,41.31152],[28.14454,41.31358],[28.14484,41.31533],[28.14343,41.3166],[28.14115,41.31672],[28.14052,41.31775],[28.13906,41.31842]]]},"properties":{"id":9682058,"name":"Çayırdere Mahallesi","district_id":1275379}},{"type":"Feature","geometry":{"type":"Polygon","coordinates":[[[28.02334,41.1813],[28.0236,41.18203],[28.02728,41.18495],[28.02956,41.18657],[28.03054,41.18663],[28.03243,41.18747],[28.03453,41.18725],[28.03786,41.18755],[28.04207,41.18754],[28.04462,41.18857],[28.04745,41.18922],[28.05009,41.18915],[28.05099,41.1896],[28.054,41.19019],[28.05745,41.18988],[28.06286,41.18981],[28.06895,41.19002],[28.07506,41.18918],[28.07543,41.18842],[28.07824,41.18702],[28.07987,41.1856],[28.08427,41.18465],[28.08872,41.18284],[28.08902,41.18515],[28.08681,41.1896],[28.08708,41.19114],[28.08608,41.1948],[28.0854,41.19861],[28.08601,41.20183],[28.08557,41.2024],[28.08677,41.20622],[28.08715,41.21071],[28.08745,41.2121],[28.09054,41.21983],[28.0882,41.22062],[28.08497,41.22237],[28.08163,41.22325],[28.08084,41.22459],[28.07961,41.22478],[28.0739,41.22684],[28.0734,41.22772],[28.07114,41.22938],[28.0722,41.23036],[28.07501,41.23522],[28.07761,41.2375],[28.08021,41.24191],[28.08339,41.24553],[28.08398,41.24701],[28.08438,41.25032],[28.08479,41.25096],[28.08771,41.25208],[28.08879,41.25223],[28.09207,41.25398],[28.09318,41.25415],[28.09591,41.2555],[28.10179,41.25778],[28.09667,41.25833],[28.09524,41.25873],[28.0914,41.25921],[28.08836,41.26034],[28.08598,41.26044],[28.07754,41.25958],[28.0752,41.26028],[28.07185,41.26302],[28.07003,41.26391],[28.06363,41.26603],[28.06107,41.26654],[28.05611,41.2669],[28.05468,41.26727],[28.05252,41.26695],[28.05116,41.26711],[28.04867,41.26613],[28.04586,41.26532],[28.03984,41.26173],[28.03694,41.25967],[28.03014,41.25612],[28.0234,41.25346],[28.02065,41.25299],[28.01893,41.2523],[28.01553,41.25228],[28.01337,41.25027],[28.00963,41.24802],[28.00646,41.2457],[28.00391,41.24409],[28.00254,41.24246],[28.00038,41.24062],[27.99968,41.2391],[28.00009,41.23844],[27.99883,41.23631],[27.99852,41.23353],[27.99747,41.2304],[27.99826,41.22264],[28.00013,41.22013],[28.00222,41.21779],[28.0045,41.21572],[28.00711,41.21284],[28.00879,41.20987],[28.01067,41.20711],[28.01131,41.2051],[28.01354,41.2027],[28.01622,41.20082],[28.01752,41.19757],[28.01846,41.19688],[28.01943,41.19215],[28.0199,41.19154],[28.02013,41.18769],[28.02083,41.18615],[28.02076,41.18409],[28.02189,41.18235],[28.02334,41.1813]]]},"properties":{"id":9682224,"name":"Büyük Çavuşlu Mahallesi","district_id":1275379}},{"type":"Feature","geometry":{"type":"Polygon","coordinates":[[[28.24754,41.24356],[28.24311,41.24535],[28.2403,41.24556],[28.22246,41.24392],[28.21973,41.24305],[28.21384,41.23905],[28.21129,41.23791],[28.20778,41.23777],[28.20603,41.23748],[28.20161,41.23578],[28.2013,41.23613],[28.19672,41.23371],[28.19685,41.23185],[28.19408,41.23113],[28.19408,41.22969],[28.19148,41.22564],[28.19044,41.2256],[28.18855,41.22623],[28.18706,41.22565],[28.18554,41.22323],[28.18493,41.21999],[28.18302,41.21777],[28.18087,41.21625],[28.18158,41.21418],[28.183,41.21106],[28.18343,41.2094],[28.18328,41.20833],[28.18407,41.20673],[28.18564,41.20472],[28.18787,41.20284],[28.18916,41.20228],[28.19317,41.2011],[28.19596,41.2012],[28.19645,41.20045],[28.19824,41.19987],[28.19813,41.19892],[28.2001,41.19756],[28.20025,41.19642],[28.2019,41.19529],[28.20195,41.19438],[28.20362,41.19377],[28.20467,41.19285],[28.20641,41.19225],[28.2083,41.19227],[28.21049,41.19025],[28.21079,41.18817],[28.2119,41.18823],[28.21201,41.18632],[28.2128,41.18424],[28.21077,41.18276],[28.21107,41.1813],[28.20914,41.18019],[28.20881,41.17654],[28.20964,41.17486],[28.20978,41.17803],[28.21363,41.182],[28.21382,41.18273],[28.21585,41.1848],[28.21675,41.1873],[28.21864,41.19015],[28.21903,41.1942],[28.2204,41.19689],[28.22173,41.19723],[28.22325,41.19427],[28.22404,41.19179],[28.22501,41.18962],[28.22769,41.18995],[28.22872,41.19148],[28.23011,41.19251],[28.2323,41.19492],[28.23164,41.19545],[28.23339,41.19665],[28.23529,41.19881],[28.23598,41.19999],[28.23635,41.20229],[28.23483,41.20262],[28.23343,41.20371],[28.23181,41.20345],[28.22803,41.20381],[28.22874,41.20623],[28.22883,41.20903],[28.22834,41.2107],[28.2295,41.211],[28.22967,41.21207],[28.23134,41.21515],[28.23172,41.21663],[28.23303,41.21841],[28.2354,41.2193],[28.23934,41.22129],[28.24062,41.22167],[28.24264,41.22363],[28.24554,41.22544],[28.24673,41.22749],[28.24893,41.2327],[28.24745,41.23358],[28.24662,41.23525],[28.24562,41.23582],[28.2455,41.23693],[28.24447,41.23824],[28.24499,41.23874],[28.24524,41.24045],[28.24724,41.24273],[28.24754,41.24356]]]},"properties":{"id":9682262,"name":"Büyük Sinekli Mahallesi","district_id":1275379}},{"type":"Feature","geometry":{"type":"Polygon","coordinates":[[[28.18368,41.22834],[28.18194,41.2251],[28.18218,41.22405],[28.18123,41.2225],[28.18024,41.22165],[28.17958,41.21961],[28.18023,41.21877],[28.18087,41.21625],[28.18302,41.21777],[28.18493,41.21999],[28.18554,41.22323],[28.18706,41.22565],[28.18855,41.22623],[28.19044,41.2256],[28.19148,41.22564],[28.19408,41.22969],[28.19408,41.23113],[28.19685,41.23185],[28.19672,41.23371],[28.2013,41.23613],[28.20161,41.23578],[28.20603,41.23748],[28.20778,41.23777],[28.21129,41.23791],[28.21384,41.23905],[28.21973,41.24305],[28.22246,41.24392],[28.2403,41.24556],[28.24311,41.24535],[28.24754,41.24356],[28.2548,41.24062],[28.25672,41.24018],[28.2614,41.24057],[28.26118,41.2417],[28.26201,41.2436],[28.26382,41.2452],[28.2657,41.24876],[28.26748,41.2485],[28.26791,41.24792],[28.27002,41.24824],[28.27107,41.2491],[28.27236,41.24839],[28.27462,41.24778],[28.27692,41.24937],[28.27937,41.25311],[28.28016,41.25669],[28.28293,41.25919],[28.28415,41.26129],[28.28439,41.26352],[28.28576,41.26473],[28.28651,41.26592],[28.28829,41.267],[28.28956,41.26984],[28.29263,41.27219],[28.29329,41.27324],[28.25939,41.28007],[28.24628,41.27453],[28.24278,41.27294],[28.2336,41.27061],[28.23306,41.26974],[28.23364,41.26678],[28.23228,41.2669],[28.2296,41.26919],[28.22651,41.26786],[28.22439,41.26764],[28.22321,41.26799],[28.22045,41.26983],[28.21555,41.26982],[28.21339,41.27015],[28.21268,41.26901],[28.21151,41.26864],[28.21062,41.26766],[28.2098,41.26793],[28.20842,41.26728],[28.20576,41.26728],[28.20237,41.26786],[28.20007,41.26263],[28.19659,41.2561],[28.19658,41.25179],[28.19136,41.24881],[28.19066,41.24826],[28.18641,41.24336],[28.18459,41.2371],[28.18459,41.23285],[28.18368,41.22834]]]},"properties":{"id":9682263,"name":"Küçük Sinekli Mahallesi","district_id":1275379}},{"type":"Feature","geometry":{"type":"Polygon","coordinates":[[[28.14825,41.2485],[28.14608,41.25219],[28.14112,41.25728],[28.13981,41.25812],[28.13664,41.2591],[28.13213,41.25934],[28.13011,41.25748],[28.12825,41.25753],[28.12089,41.25583],[28.11925,41.25609],[28.11685,41.25487],[28.11515,41.25436],[28.11355,41.25336],[28.11167,41.25173],[28.1107,41.25404],[28.10893,41.25547],[28.10529,41.25707],[28.10179,41.25778],[28.09591,41.2555],[28.09318,41.25415],[28.09207,41.25398],[28.08879,41.25223],[28.08771,41.25208],[28.08479,41.25096],[28.08438,41.25032],[28.08398,41.24701],[28.08339,41.24553],[28.08021,41.24191],[28.07761,41.2375],[28.07501,41.23522],[28.0722,41.23036],[28.07114,41.22938],[28.0734,41.22772],[28.0739,41.22684],[28.07961,41.22478],[28.08084,41.22459],[28.08163,41.22325],[28.08497,41.22237],[28.0882,41.22062],[28.09054,41.21983],[28.08745,41.2121],[28.08715,41.21071],[28.08677,41.20622],[28.08557,41.2024],[28.08601,41.20183],[28.0854,41.19861],[28.08608,41.1948],[28.08708,41.19114],[28.08681,41.1896],[28.08902,41.18515],[28.08872,41.18284],[28.08848,41.18058],[28.09099,41.18255],[28.09311,41.18273],[28.09411,41.18178],[28.09927,41.18459],[28.10099,41.18415],[28.10053,41.18507],[28.10163,41.18784],[28.10353,41.18955],[28.10411,41.19186],[28.10619,41.19221],[28.10671,41.19486],[28.10759,41.19564],[28.10822,41.19772],[28.10945,41.19856],[28.1093,41.19917],[28.11085,41.20082],[28.11037,41.20214],[28.10897,41.20295],[28.1104,41.20547],[28.11218,41.20626],[28.11309,41.2072],[28.11398,41.2091],[28.11577,41.211],[28.11631,41.21269],[28.11705,41.21363],[28.11934,41.21518],[28.12062,41.21502],[28.12255,41.21639],[28.1228,41.21835],[28.12351,41.21993],[28.12476,41.2209],[28.12548,41.22072],[28.12847,41.22141],[28.12844,41.22219],[28.12972,41.22252],[28.13124,41.22365],[28.13307,41.22588],[28.13614,41.22827],[28.13445,41.23265],[28.1374,41.23465],[28.13799,41.23589],[28.13952,41.23729],[28.14309,41.23871],[28.14399,41.24],[28.14405,41.2435],[28.14825,41.2485]]]},"properties":{"id":9682312,"name":"Beyciler Mahallesi","district_id":1275379}},{"type":"Feature","geometry":{"type":"Polygon","coordinates":[[[28.18368,41.22834],[28.18134,41.22856],[28.17861,41.22952],[28.16984,41.23227],[28.1648,41.23252],[28.16309,41.23312],[28.16373,41.22925],[28.16267,41.22737],[28.1614,41.22601],[28.1608,41.22262],[28.16103,41.2218],[28.15965,41.21951],[28.16124,41.21858],[28.16162,41.21752],[28.16528,41.2163],[28.16514,41.2132],[28.1656,41.21024],[28.1652,41.20395],[28.165,41.20281],[28.16374,41.20141],[28.16229,41.20071],[28.16354,41.19867],[28.16385,41.19622],[28.16469,41.19434],[28.16448,41.1925],[28.16386,41.19142],[28.16244,41.18776],[28.16388,41.18588],[28.16342,41.18459],[28.16417,41.18291],[28.16415,41.18193],[28.16604,41.17805],[28.16544,41.17584],[28.16687,41.17436],[28.16653,41.17391],[28.16803,41.17131],[28.16812,41.17032],[28.16746,41.16891],[28.16871,41.16716],[28.17094,41.16589],[28.17265,41.16528],[28.17326,41.16263],[28.17429,41.16123],[28.17567,41.15827],[28.1769,41.15816],[28.17703,41.15715],[28.17799,41.15649],[28.17706,41.15447],[28.17783,41.15391],[28.17816,41.15152],[28.17996,41.15013],[28.18019,41.1479],[28.18206,41.14903],[28.18439,41.14951],[28.18379,41.15063],[28.18315,41.15553],[28.18637,41.15435],[28.18726,41.15363],[28.18862,41.15099],[28.19175,41.14702],[28.19275,41.14773],[28.19158,41.14899],[28.19395,41.14942],[28.19493,41.1503],[28.19607,41.15047],[28.19782,41.15144],[28.19894,41.1529],[28.20037,41.15585],[28.20038,41.15701],[28.20187,41.15971],[28.20255,41.16185],[28.20224,41.16279],[28.20457,41.16403],[28.20387,41.16666],[28.20586,41.16866],[28.20676,41.17059],[28.20654,41.17163],[28.20771,41.17214],[28.20905,41.17184],[28.20996,41.17244],[28.20964,41.17486],[28.20881,41.17654],[28.20914,41.18019],[28.21107,41.1813],[28.21077,41.18276],[28.2128,41.18424],[28.21201,41.18632],[28.2119,41.18823],[28.21079,41.18817],[28.21049,41.19025],[28.2083,41.19227],[28.20641,41.19225],[28.20467,41.19285],[28.20362,41.19377],[28.20195,41.19438],[28.2019,41.19529],[28.20025,41.19642],[28.2001,41.19756],[28.19813,41.19892],[28.19824,41.19987],[28.19645,41.20045],[28.19596,41.2012],[28.19317,41.2011],[28.18916,41.20228],[28.18787,41.20284],[28.18564,41.20472],[28.18407,41.20673],[28.18328,41.20833],[28.18343,41.2094],[28.183,41.21106],[28.18158,41.21418],[28.18087,41.21625],[28.18023,41.21877],[28.17958,41.21961],[28.18024,41.22165],[28.18123,41.2225],[28.18218,41.22405],[28.18194,41.2251],[28.18368,41.22834]]]},"properties":{"id":9682646,"name":"Büyük Kılıçlı Mahallesi","district_id":1275379}},{"type":"Feature","geometry":{"type":"Polygon","coordinates":[[[28.16369,41.12311],[28.16439,41.12252],[28.16635,41.12311],[28.16743,41.12386],[28.17053,41.12503],[28.17095,41.12398],[28.17192,41.1237],[28.17341,41.12395],[28.17399,41.12474],[28.17416,41.12619],[28.17492,41.12692],[28.17493,41.12869],[28.17691,41.12861],[28.17747,41.12957],[28.17621,41.13037],[28.17713,41.13129],[28.17832,41.13043],[28.1798,41.13199],[28.17983,41.13322],[28.18141,41.13335],[28.18257,41.13391],[28.18248,41.13479],[28.18431,41.13623],[28.18555,41.13677],[28.18667,41.13845],[28.18696,41.13963],[28.18799,41.14041],[28.18811,41.14123],[28.19135,41.14115],[28.19194,41.14163],[28.1911,41.14303],[28.18738,41.14469],[28.18439,41.14951],[28.18206,41.14903],[28.18019,41.1479],[28.17996,41.15013],[28.17816,41.15152],[28.17783,41.15391],[28.17706,41.15447],[28.17799,41.15649],[28.17703,41.15715],[28.1769,41.15816],[28.17567,41.15827],[28.17429,41.16123],[28.17326,41.16263],[28.17265,41.16528],[28.17094,41.16589],[28.16871,41.16716],[28.16746,41.16891],[28.16812,41.17032],[28.16803,41.17131],[28.16653,41.17391],[28.16687,41.17436],[28.16544,41.17584],[28.16604,41.17805],[28.16415,41.18193],[28.16417,41.18291],[28.16342,41.18459],[28.16388,41.18588],[28.16244,41.18776],[28.16386,41.19142],[28.16448,41.1925],[28.16469,41.19434],[28.16385,41.19622],[28.16354,41.19867],[28.16229,41.20071],[28.16374,41.20141],[28.165,41.20281],[28.1652,41.20395],[28.1656,41.21024],[28.16514,41.2132],[28.16528,41.2163],[28.16162,41.21752],[28.16124,41.21858],[28.15965,41.21951],[28.16103,41.2218],[28.1608,41.22262],[28.1614,41.22601],[28.16267,41.22737],[28.16373,41.22925],[28.16309,41.23312],[28.16021,41.2351],[28.15411,41.23971],[28.15213,41.24157],[28.14997,41.24519],[28.14825,41.2485],[28.14405,41.2435],[28.14399,41.24],[28.14309,41.23871],[28.13952,41.23729],[28.13799,41.23589],[28.1374,41.23465],[28.13445,41.23265],[28.13614,41.22827],[28.13307,41.22588],[28.13124,41.22365],[28.12972,41.22252],[28.12844,41.22219],[28.12847,41.22141],[28.12548,41.22072],[28.12476,41.2209],[28.12351,41.21993],[28.1228,41.21835],[28.12255,41.21639],[28.12062,41.21502],[28.11934,41.21518],[28.11705,41.21363],[28.11631,41.21269],[28.11577,41.211],[28.11398,41.2091],[28.11309,41.2072],[28.11218,41.20626],[28.1104,41.20547],[28.10897,41.20295],[28.11037,41.20214],[28.11085,41.20082],[28.1093,41.19917],[28.10945,41.19856],[28.10822,41.19772],[28.10759,41.19564],[28.10671,41.19486],[28.10619,41.19221],[28.10411,41.19186],[28.10353,41.18955],[28.10163,41.18784],[28.10053,41.18507],[28.10099,41.18415],[28.10192,41.18208],[28.10305,41.1815],[28.10328,41.18056],[28.10546,41.18015],[28.10679,41.17762],[28.1075,41.17689],[28.10934,41.17704],[28.10914,41.17601],[28.11108,41.17587],[28.1113,41.17476],[28.11308,41.17245],[28.11383,41.1724],[28.11489,41.17101],[28.11515,41.16983],[28.11616,41.16866],[28.11604,41.16744],[28.11748,41.16656],[28.11687,41.16492],[28.1175,41.16433],[28.11709,41.16103],[28.1195,41.16045],[28.11991,41.15989],[28.1193,41.1582],[28.12003,41.15681],[28.12235,41.15476],[28.1226,41.15359],[28.12217,41.15253],[28.12333,41.15131],[28.12247,41.15036],[28.12269,41.14687],[28.12317,41.14663],[28.12718,41.14658],[28.12895,41.14418],[28.12847,41.14247],[28.12785,41.14211],[28.12752,41.13985],[28.12771,41.13817],[28.12837,41.1374],[28.12907,41.13511],[28.12999,41.13421],[28.13138,41.13365],[28.13103,41.13284],[28.13689,41.13534],[28.14245,41.13743],[28.14678,41.13919],[28.1503,41.14156],[28.15075,41.1404],[28.15307,41.13843],[28.15511,41.13564],[28.15592,41.13532],[28.15798,41.13336],[28.16029,41.13004],[28.1624,41.12902],[28.16371,41.12671],[28.16502,41.12566],[28.1653,41.12431],[28.16369,41.12311]]]},"properties":{"id":9682647,"name":"Seymen Mahallesi","district_id":1275379}},{"type":"Feature","geometry":{"type":"MultiPolygon","coordinates":[[[[28.06895,41.19002],[28.06882,41.18836],[28.06973,41.18695],[28.06747,41.18576],[28.06732,41.18277],[28.06827,41.1828],[28.06844,41.18075],[28.06912,41.17945],[28.06887,41.17782],[28.06771,41.17689],[28.06788,41.17476],[28.06878,41.17437],[28.06856,41.17265],[28.06883,41.17088],[28.06803,41.16866],[28.06955,41.1663],[28.07078,41.16524],[28.07264,41.16793],[28.0752,41.16868],[28.08279,41.17205],[28.08385,41.17417],[28.08581,41.17635],[28.08766,41.18033],[28.08848,41.18058],[28.08872,41.18284],[28.08427,41.18465],[28.07987,41.1856],[28.07824,41.18702],[28.07543,41.18842],[28.07506,41.18918],[28.06895,41.19002]]],[[[28.10078,41.05956],[28.10658,41.06031],[28.1094,41.06089],[28.11727,41.06143],[28.12109,41.05995],[28.1226,41.0599],[28.12429,41.06145],[28.1265,41.064],[28.12575,41.06525],[28.12445,41.06442],[28.12296,41.06757],[28.12277,41.07003],[28.12303,41.0734],[28.12107,41.07316],[28.12153,41.07481],[28.12303,41.07621],[28.12307,41.07681],[28.12084,41.07861],[28.11799,41.07644],[28.11679,41.07477],[28.11442,41.07403],[28.11367,41.07572],[28.11196,41.07569],[28.11145,41.07326],[28.10989,41.07111],[28.10825,41.07162],[28.10856,41.07254],[28.10691,41.0744],[28.10618,41.07609],[28.10532,41.07603],[28.1044,41.07719],[28.10447,41.07859],[28.10393,41.08016],[28.10441,41.08085],[28.10411,41.08209],[28.10464,41.08445],[28.10437,41.08589],[28.10278,41.08887],[28.10145,41.08864],[28.09991,41.09197],[28.09992,41.09332],[28.09927,41.0941],[28.09941,41.09558],[28.09826,41.09679],[28.09836,41.09869],[28.09701,41.10051],[28.09712,41.10184],[28.09556,41.10391],[28.09576,41.10651],[28.09636,41.10802],[28.09608,41.10964],[28.09514,41.11121],[28.09533,41.11508],[28.09379,41.1176],[28.09582,41.1182],[28.09474,41.12259],[28.09321,41.12219],[28.09302,41.12589],[28.091,41.1294],[28.09086,41.13044],[28.09152,41.13176],[28.08779,41.13622],[28.08691,41.13811],[28.08749,41.1391],[28.08701,41.13993],[28.08582,41.13786],[28.08535,41.13519],[28.08561,41.13356],[28.08499,41.12905],[28.08494,41.12751],[28.08372,41.12611],[28.08277,41.12425],[28.08269,41.12186],[28.08233,41.12056],[28.08104,41.11801],[28.07993,41.11645],[28.07846,41.11608],[28.07852,41.11476],[28.07778,41.11222],[28.07906,41.11101],[28.07965,41.10756],[28.07808,41.10002],[28.07824,41.08884],[28.07903,41.08769],[28.08447,41.0777],[28.08407,41.07551],[28.10085,41.07046],[28.10109,41.07001],[28.10327,41.06921],[28.10324,41.06857],[28.10019,41.0666],[28.1006,41.0653],[28.10095,41.0606],[28.10078,41.05956]]]]},"properties":{"id":9682747,"name":"Çanta Sancaktepe Mahallesi","district_id":1275379}},{"type":"Feature","geometry":{"type":"Polygon","coordinates":[[[28.29623,41.17501],[28.29792,41.17657],[28.29713,41.18029],[28.29641,41.18142],[28.29457,41.18296],[28.29437,41.18363],[28.29565,41.18679],[28.29515,41.18886],[28.29429,41.19064],[28.29235,41.19305],[28.29128,41.19383],[28.29137,41.19607],[28.29208,41.19708],[28.29416,41.19717],[28.29492,41.19794],[28.29502,41.19901],[28.29724,41.20091],[28.29854,41.20103],[28.30015,41.20053],[28.3013,41.20088],[28.3017,41.20178],[28.3038,41.20258],[28.30543,41.20246],[28.30648,41.20298],[28.30564,41.20332],[28.30295,41.20713],[28.30269,41.20951],[28.30182,41.21114],[28.30208,41.21184],[28.30053,41.21331],[28.2985,41.21601],[28.29741,41.21912],[28.29638,41.21959],[28.29611,41.22078],[28.29494,41.22141],[28.29344,41.22391],[28.29213,41.2286],[28.29194,41.23165],[28.29241,41.23251],[28.29173,41.23448],[28.29095,41.23491],[28.29069,41.23767],[28.29017,41.23933],[28.28894,41.24081],[28.29051,41.24198],[28.29251,41.2418],[28.29385,41.24243],[28.29461,41.24409],[28.29088,41.24425],[28.28898,41.24512],[28.28633,41.24726],[28.28503,41.24788],[28.27915,41.24801],[28.27462,41.24778],[28.27236,41.24839],[28.27107,41.2491],[28.27002,41.24824],[28.26791,41.24792],[28.26748,41.2485],[28.2657,41.24876],[28.26382,41.2452],[28.26201,41.2436],[28.26118,41.2417],[28.2614,41.24057],[28.25672,41.24018],[28.2548,41.24062],[28.24754,41.24356],[28.24724,41.24273],[28.24524,41.24045],[28.24499,41.23874],[28.24447,41.23824],[28.2455,41.23693],[28.24562,41.23582],[28.24662,41.23525],[28.24745,41.23358],[28.24893,41.2327],[28.24673,41.22749],[28.24554,41.22544],[28.24264,41.22363],[28.24062,41.22167],[28.23934,41.22129],[28.2354,41.2193],[28.23303,41.21841],[28.23172,41.21663],[28.23134,41.21515],[28.22967,41.21207],[28.2295,41.211],[28.22834,41.2107],[28.22883,41.20903],[28.22874,41.20623],[28.22803,41.20381],[28.23181,41.20345],[28.23343,41.20371],[28.23483,41.20262],[28.23635,41.20229],[28.23598,41.19999],[28.23529,41.19881],[28.23339,41.19665],[28.23164,41.19545],[28.2323,41.19492],[28.23631,41.19366],[28.23703,41.19289],[28.24076,41.1913],[28.2427,41.1891],[28.24442,41.1861],[28.24669,41.18538],[28.24782,41.18465],[28.2505,41.18398],[28.25032,41.18189],[28.25085,41.18052],[28.25065,41.17843],[28.25158,41.17673],[28.25097,41.1735],[28.25398,41.17347],[28.25605,41.17378],[28.25763,41.17319],[28.25941,41.17195],[28.26192,41.17114],[28.26773,41.17162],[28.27053,41.17163],[28.27248,41.17138],[28.27726,41.17031],[28.27766,41.17061],[28.28161,41.17101],[28.28584,41.17164],[28.28841,41.17152],[28.29021,41.1721],[28.29623,41.17501]]]},"properties":{"id":9682749,"name":"Kurfallı Mahallesi","district_id":1275379}},{"type":"Feature","geometry":{"type":"Polygon","coordinates":[[[28.87684,41.05782],[28.87928,41.05692],[28.88231,41.05639],[28.88385,41.05644],[28.88547,41.05774],[28.88587,41.0587],[28.88531,41.06093],[28.8837,41.06382],[28.88106,41.06737],[28.87845,41.07103],[28.87889,41.07169],[28.87892,41.07719],[28.87727,41.07855],[28.87436,41.0816],[28.87103,41.0764],[28.86977,41.07464],[28.86777,41.07256],[28.86927,41.0728],[28.87372,41.07536],[28.87489,41.0744],[28.87441,41.0715],[28.87348,41.07009],[28.87236,41.06577],[28.87107,41.06157],[28.87174,41.05977],[28.87684,41.05782]]]},"properties":{"id":13276411,"name":"15 Temmuz Mahallesi","district_id":1766101}},{"type":"Feature","geometry":{"type":"Polygon","coordinates":[[[28.95387,41.10486],[28.95213,41.1074],[28.94998,41.11],[28.94832,41.11448],[28.94694,41.11717],[28.94603,41.11703],[28.94247,41.11462],[28.94043,41.11414],[28.93603,41.11346],[28.93369,41.11073],[28.93172,41.10801],[28.92747,41.10675],[28.92412,41.10688],[28.92063,41.10765],[28.92167,41.10677],[28.91992,41.10353],[28.92085,41.10316],[28.92087,41.10203],[28.91906,41.10173],[28.917,41.09767],[28.91847,41.09621],[28.91833,41.09592],[28.92118,41.09428],[28.92242,41.09321],[28.92848,41.09052],[28.93014,41.09051],[28.9314,41.08999],[28.93292,41.09082],[28.93602,41.08886],[28.93985,41.08714],[28.94295,41.08724],[28.94564,41.08704],[28.94844,41.08601],[28.94905,41.08518],[28.9492,41.08333],[28.95191,41.08365],[28.95412,41.0842],[28.95636,41.08388],[28.95864,41.08229],[28.9608,41.08183],[28.96123,41.08431],[28.96081,41.08821],[28.96091,41.0907],[28.96137,41.09196],[28.96322,41.09485],[28.95997,41.09693],[28.95913,41.09848],[28.95728,41.09981],[28.95395,41.1008],[28.95428,41.10197],[28.95387,41.10486]]]},"properties":{"id":13986753,"name":"5. Levent Mahallesi","district_id":1766103}},{"type":"Feature","geometry":{"type":"Polygon","coordinates":[[[28.6594,41.00664],[28.65929,41.00303],[28.65893,41.00127],[28.65708,40.99898],[28.65576,40.99652],[28.6543,40.995],[28.65408,40.99373],[28.65539,40.99354],[28.65507,40.99103],[28.65628,40.99001],[28.66498,40.98949],[28.66567,40.9908],[28.66493,40.99259],[28.66524,40.99331],[28.66713,40.99382],[28.66677,40.99623],[28.66795,40.99873],[28.66889,40.99913],[28.66847,41.00228],[28.66725,41.00381],[28.66532,41.00401],[28.66136,41.00644],[28.65994,41.00791],[28.6594,41.00664]]]},"properties":{"id":14056989,"name":"Beylikdüzü Organize Sanayi Bölgesi","district_id":1766100}},{"type":"Feature","geometry":{"type":"Polygon","coordinates":[[[29.16979,41.00361],[29.16194,41.007],[29.15618,41.00062],[29.15532,40.99857],[29.15954,40.9967],[29.16094,40.9961],[29.16301,40.99471],[29.1674,40.99398],[29.1709,40.99393],[29.17308,40.99336],[29.1748,40.99381],[29.1751,40.99281],[29.17739,40.99186],[29.17848,40.9938],[29.18507,40.99368],[29.18802,40.99304],[29.18919,40.99404],[29.18787,40.99617],[29.18705,40.99803],[29.18712,41.00017],[29.18638,41.0021],[29.18485,41.00305],[29.18182,41.00409],[29.17888,41.00569],[29.17707,41.00521],[29.17739,41.00387],[29.17528,41.00294],[29.17449,41.00173],[29.16979,41.00361]]]},"properties":{"id":14601477,"name":"Dudullu OSB Mahallesi","district_id":1276890}}],"attribution":"© OpenStreetMap contributors, ODbL 1.0"}