{"type":"FeatureCollection","features":[{"type":"Feature","geometry":{"type":"Point","coordinates":[29.12361107742559,40.86478010481895]},"properties":{"id":963209,"level":"district"}},{"type":"Feature","geometry":{"type":"Point","coordinates":[29.643168260881772,41.08431727285739]},"properties":{"id":1275310,"level":"district"}},{"type":"Feature","geometry":{"type":"Point","coordinates":[28.185756722185005,41.20017218573939]},"properties":{"id":1275379,"level":"district"}},{"type":"Feature","geometry":{"type":"Point","coordinates":[28.56912896101412,41.0572034420605]},"properties":{"id":1275387,"level":"district"}},{"type":"Feature","geometry":{"type":"Point","coordinates":[28.396083225082958,41.33518660188325]},"properties":{"id":1275389,"level":"district"}},{"type":"Feature","geometry":{"type":"Point","coordinates":[29.36739417586428,40.90155514236928]},"properties":{"id":1276010,"level":"district"}},{"type":"Feature","geometry":{"type":"Point","coordinates":[29.34942852480042,40.97790352704156]},"properties":{"id":1276011,"level":"district"}},{"type":"Feature","geometry":{"type":"Point","coordinates":[29.271380711849062,40.96171640968117]},"properties":{"id":1276012,"level":"district"}},{"type":"Feature","geometry":{"type":"Point","coordinates":[29.203709499401157,40.902810809666704]},"properties":{"id":1276013,"level":"district"}},{"type":"Feature","geometry":{"type":"Point","coordinates":[29.22907832622137,40.991389726287395]},"properties":{"id":1276014,"level":"district"}},{"type":"Feature","geometry":{"type":"Point","coordinates":[29.30611055183218,41.08772746267015]},"properties":{"id":1276034,"level":"district"}},{"type":"Feature","geometry":{"type":"Point","coordinates":[29.16026424780179,40.94714203919392]},"properties":{"id":1276407,"level":"district"}},{"type":"Feature","geometry":{"type":"Point","coordinates":[29.06264404372624,40.97935535928917]},"properties":{"id":1276548,"level":"district"}},{"type":"Feature","geometry":{"type":"Point","coordinates":[29.128579889773132,40.98473955054669]},"properties":{"id":1276672,"level":"district"}},{"type":"Feature","geometry":{"type":"Point","coordinates":[29.058820024718933,41.02850449148746]},"properties":{"id":1276889,"level":"district"}},{"type":"Feature","geometry":{"type":"Point","coordinates":[29.118482060977787,41.02260186516665]},"properties":{"id":1276890,"level":"district"}},{"type":"Feature","geometry":{"type":"Point","coordinates":[29.175172451957234,41.15241916724665]},"properties":{"id":1276910,"level":"district"}},{"type":"Feature","geometry":{"type":"Point","coordinates":[28.975894546396677,41.0335539494896]},"properties":{"id":1765892,"level":"district"}},{"type":"Feature","geometry":{"type":"Point","coordinates":[29.029482023248136,41.07624417352382]},"properties":{"id":1765893,"level":"district"}},{"type":"Feature","geometry":{"type":"Point","coordinates":[28.981073341295602,41.08532776730561]},"properties":{"id":1765894,"level":"district"}},{"type":"Feature","geometry":{"type":"Point","coordinates":[29.008411941654728,41.19761155080034]},"properties":{"id":1765895,"level":"district"}},{"type":"Feature","geometry":{"type":"Point","coordinates":[28.984647329551674,41.0557139678012]},"properties":{"id":1765896,"level":"district"}},{"type":"Feature","geometry":{"type":"Point","coordinates":[28.676221243210925,41.237296979795225]},"properties":{"id":1766093,"level":"district"}},{"type":"Feature","geometry":{"type":"Point","coordinates":[28.72281672399773,41.023176909149896]},"properties":{"id":1766094,"level":"district"}},{"type":"Feature","geometry":{"type":"Point","coordinates":[28.841536416791747,41.00668089806487]},"properties":{"id":1766095,"level":"district"}},{"type":"Feature","geometry":{"type":"Point","coordinates":[28.824881747331727,40.97498113966765]},"properties":{"id":1766096,"level":"district"}},{"type":"Feature","geometry":{"type":"Point","coordinates":[28.89888649156602,41.04742703061319]},"properties":{"id":1766097,"level":"district"}},{"type":"Feature","geometry":{"type":"Point","coordinates":[28.83581178419926,41.04378732644308]},"properties":{"id":1766098,"level":"district"}},{"type":"Feature","geometry":{"type":"Point","coordinates":[28.75888064137957,41.09688775750679]},"properties":{"id":1766099,"level":"district"}},{"type":"Feature","geometry":{"type":"Point","coordinates":[28.644411533446124,40.98844553254516]},"properties":{"id":1766100,"level":"district"}},{"type":"Feature","geometry":{"type":"Point","coordinates":[28.86945027765474,41.05937686111595]},"properties":{"id":1766101,"level":"district"}},{"type":"Feature","geometry":{"type":"Point","coordinates":[28.658052121536425,41.0399903856715]},"properties":{"id":1766102,"level":"district"}},{"type":"Feature","geometry":{"type":"Point","coordinates":[28.880912202535907,41.21091917302773]},"properties":{"id":1766103,"level":"district"}},{"type":"Feature","geometry":{"type":"Point","coordinates":[28.945439299179544,41.014838624914034]},"properties":{"id":1766104,"level":"district"}},{"type":"Feature","geometry":{"type":"Point","coordinates":[28.90356214134203,41.07820981899705]},"properties":{"id":1766105,"level":"district"}},{"type":"Feature","geometry":{"type":"Point","coordinates":[28.878079917831382,41.02229997574864]},"properties":{"id":1766106,"level":"district"}},{"type":"Feature","geometry":{"type":"Point","coordinates":[28.875138785350167,41.116771532739854]},"properties":{"id":1766108,"level":"district"}},{"type":"Feature","geometry":{"type":"Point","coordinates":[28.9080744267278,41.00169620486267]},"properties":{"id":1766109,"level":"district"}},{"type":"Feature","geometry":{"type":"Point","coordinates":[28.77674107616332,41.028534818406314]},"properties":{"id":7786498,"level":"district"}},{"type":"Feature","geometry":{"type":"Point","coordinates":[29.90579689524232,41.11265818027526]},"properties":{"id":1275322,"level":"neighborhood"}},{"type":"Feature","geometry":{"type":"Point","coordinates":[29.92254413917643,41.09350333258412]},"properties":{"id":1275323,"level":"neighborhood"}},{"type":"Feature","geometry":{"type":"Point","coordinates":[29.307171823013658,41.032348996361144]},"properties":{"id":1276035,"level":"neighborhood"}},{"type":"Feature","geometry":{"type":"Point","coordinates":[28.9435554704035,41.035665902933914]},"properties":{"id":2463274,"level":"neighborhood"}},{"type":"Feature","geometry":{"type":"Point","coordinates":[28.9485436810877,41.02911399262495]},"properties":{"id":2463371,"level":"neighborhood"}},{"type":"Feature","geometry":{"type":"Point","coordinates":[28.940087455065477,41.028528796788294]},"properties":{"id":2463390,"level":"neighborhood"}},{"type":"Feature","geometry":{"type":"Point","coordinates":[28.944894768060326,41.024853612875184]},"properties":{"id":2464768,"level":"neighborhood"}},{"type":"Feature","geometry":{"type":"Point","coordinates":[28.95538796037318,41.026487218565315]},"properties":{"id":2464918,"level":"neighborhood"}},{"type":"Feature","geometry":{"type":"Point","coordinates":[28.93368049298366,41.025147994869585]},"properties":{"id":2468218,"level":"neighborhood"}},{"type":"Feature","geometry":{"type":"Point","coordinates":[28.938853728808127,41.022331307757575]},"properties":{"id":2468219,"level":"neighborhood"}},{"type":"Feature","geometry":{"type":"Point","coordinates":[28.932045450695895,41.019270823445105]},"properties":{"id":2468242,"level":"neighborhood"}},{"type":"Feature","geometry":{"type":"Point","coordinates":[29.111490359049977,40.97066546849506]},"properties":{"id":3403828,"level":"neighborhood"}},{"type":"Feature","geometry":{"type":"Point","coordinates":[29.079156818894663,41.011237159163855]},"properties":{"id":3866327,"level":"neighborhood"}},{"type":"Feature","geometry":{"type":"Point","coordinates":[29.066473762359443,41.00072371852296]},"properties":{"id":3866328,"level":"neighborhood"}},{"type":"Feature","geometry":{"type":"Point","coordinates":[29.079824690827248,41.01905368265133]},"properties":{"id":3866467,"level":"neighborhood"}},{"type":"Feature","geometry":{"type":"Point","coordinates":[29.071378828325393,41.0243457872359]},"properties":{"id":3866468,"level":"neighborhood"}},{"type":"Feature","geometry":{"type":"Point","coordinates":[28.757341477887323,41.18139706343101]},"properties":{"id":6648205,"level":"neighborhood"}},{"type":"Feature","geometry":{"type":"Point","coordinates":[28.761099239919655,41.192048022478566]},"properties":{"id":6648277,"level":"neighborhood"}},{"type":"Feature","geometry":{"type":"Point","coordinates":[28.750240024990674,41.18657544195743]},"properties":{"id":6648717,"level":"neighborhood"}},{"type":"Feature","geometry":{"type":"Point","coordinates":[28.758605742090477,41.19885024707213]},"properties":{"id":6648841,"level":"neighborhood"}},{"type":"Feature","geometry":{"type":"Point","coordinates":[28.780205583068486,41.22536121503482]},"properties":{"id":6648854,"level":"neighborhood"}},{"type":"Feature","geometry":{"type":"Point","coordinates":[28.761419719470364,41.20980201760337]},"properties":{"id":6648907,"level":"neighborhood"}},{"type":"Feature","geometry":{"type":"Point","coordinates":[28.032079447757805,41.06331242014262]},"properties":{"id":6670488,"level":"neighborhood"}},{"type":"Feature","geometry":{"type":"Point","coordinates":[28.86627217812193,41.002083889105435]},"properties":{"id":6841016,"level":"neighborhood"}},{"type":"Feature","geometry":{"type":"Point","coordinates":[28.85529101838568,41.00331738433047]},"properties":{"id":6841110,"level":"neighborhood"}},{"type":"Feature","geometry":{"type":"Point","coordinates":[28.93071637003997,41.01356765972329]},"properties":{"id":6868850,"level":"neighborhood"}},{"type":"Feature","geometry":{"type":"Point","coordinates":[28.783094726737453,40.977785534214426]},"properties":{"id":7404512,"level":"neighborhood"}},{"type":"Feature","geometry":{"type":"Point","coordinates":[28.92450608131797,41.01493530380735]},"properties":{"id":7648808,"level":"neighborhood"}},{"type":"Feature","geometry":{"type":"Point","coordinates":[28.932091786368936,41.00908083090431]},"properties":{"id":7648809,"level":"neighborhood"}},{"type":"Feature","geometry":{"type":"Point","coordinates":[28.9272938429426,41.00527773997176]},"properties":{"id":7648810,"level":"neighborhood"}},{"type":"Feature","geometry":{"type":"Point","coordinates":[28.92529721232839,41.00165419011856]},"properties":{"id":7648811,"level":"neighborhood"}},{"type":"Feature","geometry":{"type":"Point","coordinates":[28.932146803805228,41.000369051018396]},"properties":{"id":7648812,"level":"neighborhood"}},{"type":"Feature","geometry":{"type":"Point","coordinates":[28.925200817640313,40.99449671307427]},"properties":{"id":7648813,"level":"neighborhood"}},{"type":"Feature","geometry":{"type":"Point","coordinates":[28.94127751868472,41.00197030425413]},"properties":{"id":7648814,"level":"neighborhood"}},{"type":"Feature","geometry":{"type":"Point","coordinates":[28.940223887203363,41.01001141280702]},"properties":{"id":7648815,"level":"neighborhood"}},{"type":"Feature","geometry":{"type":"Point","coordinates":[28.941799034070694,41.013303097846475]},"properties":{"id":7648816,"level":"neighborhood"}},{"type":"Feature","geometry":{"type":"Point","coordinates":[28.944331072042665,41.0180637323267]},"properties":{"id":7648817,"level":"neighborhood"}},{"type":"Feature","geometry":{"type":"Point","coordinates":[28.948223566680046,41.0217548044478]},"properties":{"id":7648818,"level":"neighborhood"}},{"type":"Feature","geometry":{"type":"Point","coordinates":[28.95793262472642,41.022363405373355]},"properties":{"id":7648819,"level":"neighborhood"}},{"type":"Feature","geometry":{"type":"Point","coordinates":[28.955153454530432,41.018980548409615]},"properties":{"id":7648820,"level":"neighborhood"}},{"type":"Feature","geometry":{"type":"Point","coordinates":[28.9503593277782,41.0136313956445]},"properties":{"id":7648821,"level":"neighborhood"}},{"type":"Feature","geometry":{"type":"Point","coordinates":[28.949392893247712,41.00428827865423]},"properties":{"id":7648822,"level":"neighborhood"}},{"type":"Feature","geometry":{"type":"Point","coordinates":[28.95517935764798,41.00493441328821]},"properties":{"id":7648823,"level":"neighborhood"}},{"type":"Feature","geometry":{"type":"Point","coordinates":[28.955102904681322,41.0083477507473]},"properties":{"id":7648824,"level":"neighborhood"}},{"type":"Feature","geometry":{"type":"Point","coordinates":[28.95543520391376,41.01161296416973]},"properties":{"id":7648825,"level":"neighborhood"}},{"type":"Feature","geometry":{"type":"Point","coordinates":[28.958009454485314,41.01407866514695]},"properties":{"id":7648826,"level":"neighborhood"}},{"type":"Feature","geometry":{"type":"Point","coordinates":[28.958990069693098,41.0157860074656]},"properties":{"id":7648827,"level":"neighborhood"}},{"type":"Feature","geometry":{"type":"Point","coordinates":[28.959555268727275,41.018595021860676]},"properties":{"id":7648828,"level":"neighborhood"}},{"type":"Feature","geometry":{"type":"Point","coordinates":[28.961637513747284,41.01793028222595]},"properties":{"id":7648829,"level":"neighborhood"}},{"type":"Feature","geometry":{"type":"Point","coordinates":[28.961505039806262,41.021127397808705]},"properties":{"id":7648830,"level":"neighborhood"}},{"type":"Feature","geometry":{"type":"Point","coordinates":[28.96494634048115,41.01802932611603]},"properties":{"id":7648831,"level":"neighborhood"}},{"type":"Feature","geometry":{"type":"Point","coordinates":[28.96541913568303,41.01969152024826]},"properties":{"id":7648832,"level":"neighborhood"}},{"type":"Feature","geometry":{"type":"Point","coordinates":[28.9636048994838,41.014022880222306]},"properties":{"id":7648833,"level":"neighborhood"}},{"type":"Feature","geometry":{"type":"Point","coordinates":[28.95916644654941,41.01084809648401]},"properties":{"id":7648834,"level":"neighborhood"}},{"type":"Feature","geometry":{"type":"Point","coordinates":[28.95889063589026,41.00486028559767]},"properties":{"id":7648835,"level":"neighborhood"}},{"type":"Feature","geometry":{"type":"Point","coordinates":[28.96880231649813,41.0160986055708]},"properties":{"id":7648836,"level":"neighborhood"}},{"type":"Feature","geometry":{"type":"Point","coordinates":[28.97093476585257,41.017454133058266]},"properties":{"id":7648837,"level":"neighborhood"}},{"type":"Feature","geometry":{"type":"Point","coordinates":[28.967399411479782,41.013794815335004]},"properties":{"id":7648838,"level":"neighborhood"}},{"type":"Feature","geometry":{"type":"Point","coordinates":[28.96924591244742,41.01216056044959]},"properties":{"id":7648839,"level":"neighborhood"}},{"type":"Feature","geometry":{"type":"Point","coordinates":[28.966305167443597,41.01059268306076]},"properties":{"id":7648840,"level":"neighborhood"}},{"type":"Feature","geometry":{"type":"Point","coordinates":[28.95884409220917,41.00835396696071]},"properties":{"id":7648841,"level":"neighborhood"}},{"type":"Feature","geometry":{"type":"Point","coordinates":[28.963541521340872,41.00655809296373]},"properties":{"id":7648842,"level":"neighborhood"}},{"type":"Feature","geometry":{"type":"Point","coordinates":[28.96694055149392,41.00772090424996]},"properties":{"id":7648843,"level":"neighborhood"}},{"type":"Feature","geometry":{"type":"Point","coordinates":[28.96225397925203,41.00382845717323]},"properties":{"id":7648845,"level":"neighborhood"}},{"type":"Feature","geometry":{"type":"Point","coordinates":[28.967614428361568,41.00363388836898]},"properties":{"id":7648846,"level":"neighborhood"}},{"type":"Feature","geometry":{"type":"Point","coordinates":[28.969760299972005,41.00668158964922]},"properties":{"id":7648847,"level":"neighborhood"}},{"type":"Feature","geometry":{"type":"Point","coordinates":[28.971759758125714,41.01000930067002]},"properties":{"id":7648848,"level":"neighborhood"}},{"type":"Feature","geometry":{"type":"Point","coordinates":[28.97373842180366,41.01530983413423]},"properties":{"id":7648849,"level":"neighborhood"}},{"type":"Feature","geometry":{"type":"Point","coordinates":[28.977920825385624,41.00372831921595]},"properties":{"id":7648850,"level":"neighborhood"}},{"type":"Feature","geometry":{"type":"Point","coordinates":[28.972552749075348,41.00312242644895]},"properties":{"id":7648851,"level":"neighborhood"}},{"type":"Feature","geometry":{"type":"Point","coordinates":[28.97367723067297,41.006474923797356]},"properties":{"id":7648852,"level":"neighborhood"}},{"type":"Feature","geometry":{"type":"Point","coordinates":[28.97617691208541,41.00955417160501]},"properties":{"id":7648853,"level":"neighborhood"}},{"type":"Feature","geometry":{"type":"Point","coordinates":[28.9777489202381,41.015048813903924]},"properties":{"id":7648854,"level":"neighborhood"}},{"type":"Feature","geometry":{"type":"Point","coordinates":[28.982983533491527,41.01002142257423]},"properties":{"id":7648855,"level":"neighborhood"}},{"type":"Feature","geometry":{"type":"Point","coordinates":[29.26830587745158,40.937603052520686]},"properties":{"id":7666484,"level":"neighborhood"}},{"type":"Feature","geometry":{"type":"Point","coordinates":[29.289895076114192,40.94218282646389]},"properties":{"id":7666485,"level":"neighborhood"}},{"type":"Feature","geometry":{"type":"Point","coordinates":[29.26986631489685,40.94626491170129]},"properties":{"id":7666486,"level":"neighborhood"}},{"type":"Feature","geometry":{"type":"Point","coordinates":[29.27664517511585,40.95797465101947]},"properties":{"id":7666487,"level":"neighborhood"}},{"type":"Feature","geometry":{"type":"Point","coordinates":[29.2665531319657,40.95838973454208]},"properties":{"id":7666488,"level":"neighborhood"}},{"type":"Feature","geometry":{"type":"Point","coordinates":[29.256558641697183,40.961036460978264]},"properties":{"id":7666489,"level":"neighborhood"}},{"type":"Feature","geometry":{"type":"Point","coordinates":[29.249201916386504,40.96806825322264]},"properties":{"id":7666490,"level":"neighborhood"}},{"type":"Feature","geometry":{"type":"Point","coordinates":[29.3000478029685,40.947574035737496]},"properties":{"id":7666491,"level":"neighborhood"}},{"type":"Feature","geometry":{"type":"Point","coordinates":[29.297252155942267,40.958792752783864]},"properties":{"id":7666492,"level":"neighborhood"}},{"type":"Feature","geometry":{"type":"Point","coordinates":[29.286059704930473,40.96540312823909]},"properties":{"id":7666493,"level":"neighborhood"}},{"type":"Feature","geometry":{"type":"Point","coordinates":[29.259118357526216,40.97999878514639]},"properties":{"id":7666495,"level":"neighborhood"}},{"type":"Feature","geometry":{"type":"Point","coordinates":[29.280887614179065,40.984029115954684]},"properties":{"id":7666496,"level":"neighborhood"}},{"type":"Feature","geometry":{"type":"Point","coordinates":[29.266731127479755,40.99691934127419]},"properties":{"id":7666497,"level":"neighborhood"}},{"type":"Feature","geometry":{"type":"Point","coordinates":[29.276306523615077,40.97258103097037]},"properties":{"id":7772852,"level":"neighborhood"}},{"type":"Feature","geometry":{"type":"Point","coordinates":[28.791351629962083,41.00703398504072]},"properties":{"id":7786480,"level":"neighborhood"}},{"type":"Feature","geometry":{"type":"Point","coordinates":[28.77954593390207,40.98937093082226]},"properties":{"id":7786481,"level":"neighborhood"}},{"type":"Feature","geometry":{"type":"Point","coordinates":[28.776931857389577,40.995098885772435]},"properties":{"id":7786482,"level":"neighborhood"}},{"type":"Feature","geometry":{"type":"Point","coordinates":[28.786713268655568,40.9909538517272]},"properties":{"id":7786483,"level":"neighborhood"}},{"type":"Feature","geometry":{"type":"Point","coordinates":[28.791520603360183,40.995349826501254]},"properties":{"id":7786484,"level":"neighborhood"}},{"type":"Feature","geometry":{"type":"Point","coordinates":[28.795995415502404,40.99117672740707]},"properties":{"id":7786485,"level":"neighborhood"}},{"type":"Feature","geometry":{"type":"Point","coordinates":[28.808130425411395,41.00309202802738]},"properties":{"id":7786486,"level":"neighborhood"}},{"type":"Feature","geometry":{"type":"Point","coordinates":[28.794225228384615,41.00156179570442]},"properties":{"id":7786487,"level":"neighborhood"}},{"type":"Feature","geometry":{"type":"Point","coordinates":[28.787035165623614,41.000828979145325]},"properties":{"id":7786488,"level":"neighborhood"}},{"type":"Feature","geometry":{"type":"Point","coordinates":[28.775613547751718,41.00144494757157]},"properties":{"id":7786489,"level":"neighborhood"}},{"type":"Feature","geometry":{"type":"Point","coordinates":[28.80024591671104,41.01008703556687]},"properties":{"id":7786490,"level":"neighborhood"}},{"type":"Feature","geometry":{"type":"Point","coordinates":[28.779486571914724,41.01165429450889]},"properties":{"id":7786491,"level":"neighborhood"}},{"type":"Feature","geometry":{"type":"Point","coordinates":[28.786841957191882,41.02037877688408]},"properties":{"id":7786492,"level":"neighborhood"}},{"type":"Feature","geometry":{"type":"Point","coordinates":[28.799630169412914,41.022562873434694]},"properties":{"id":7786493,"level":"neighborhood"}},{"type":"Feature","geometry":{"type":"Point","coordinates":[28.772001915191517,41.02225792079442]},"properties":{"id":7786494,"level":"neighborhood"}},{"type":"Feature","geometry":{"type":"Point","coordinates":[28.801713780746734,41.035746266394106]},"properties":{"id":7786495,"level":"neighborhood"}},{"type":"Feature","geometry":{"type":"Point","coordinates":[28.757968789880824,41.02948878741461]},"properties":{"id":7786496,"level":"neighborhood"}},{"type":"Feature","geometry":{"type":"Point","coordinates":[28.769295570690378,40.98440682278266]},"properties":{"id":7786497,"level":"neighborhood"}},{"type":"Feature","geometry":{"type":"Point","coordinates":[28.773357800391732,41.05085041734526]},"properties":{"id":7786499,"level":"neighborhood"}},{"type":"Feature","geometry":{"type":"Point","coordinates":[28.79625014720565,41.05430163968733]},"properties":{"id":7786500,"level":"neighborhood"}},{"type":"Feature","geometry":{"type":"Point","coordinates":[28.805314180071566,41.05667050868167]},"properties":{"id":7786501,"level":"neighborhood"}},{"type":"Feature","geometry":{"type":"Point","coordinates":[28.910760007598718,41.024010952973015]},"properties":{"id":7964540,"level":"neighborhood"}},{"type":"Feature","geometry":{"type":"Point","coordinates":[28.916343680220503,41.01393636871727]},"properties":{"id":7964551,"level":"neighborhood"}},{"type":"Feature","geometry":{"type":"Point","coordinates":[28.9044983091046,41.00790053789562]},"properties":{"id":7964967,"level":"neighborhood"}},{"type":"Feature","geometry":{"type":"Point","coordinates":[28.91165094445743,40.99966203684984]},"properties":{"id":7965030,"level":"neighborhood"}},{"type":"Feature","geometry":{"type":"Point","coordinates":[28.905697161218427,40.999161047444886]},"properties":{"id":7965031,"level":"neighborhood"}},{"type":"Feature","geometry":{"type":"Point","coordinates":[28.89854420973125,41.00088987693752]},"properties":{"id":7965032,"level":"neighborhood"}},{"type":"Feature","geometry":{"type":"Point","coordinates":[28.915496654011502,40.99109884615366]},"properties":{"id":7965519,"level":"neighborhood"}},{"type":"Feature","geometry":{"type":"Point","coordinates":[28.905863686686626,40.98882609452416]},"properties":{"id":7965520,"level":"neighborhood"}},{"type":"Feature","geometry":{"type":"Point","coordinates":[28.907205234709323,40.99259090933332]},"properties":{"id":7965521,"level":"neighborhood"}},{"type":"Feature","geometry":{"type":"Point","coordinates":[28.901121516987914,40.98647195260895]},"properties":{"id":7965522,"level":"neighborhood"}},{"type":"Feature","geometry":{"type":"Point","coordinates":[28.900929529412426,40.99221803089898]},"properties":{"id":7965523,"level":"neighborhood"}},{"type":"Feature","geometry":{"type":"Point","coordinates":[28.89501034717355,40.98784509186333]},"properties":{"id":7965524,"level":"neighborhood"}},{"type":"Feature","geometry":{"type":"Point","coordinates":[28.89777424330092,40.99637949603175]},"properties":{"id":7965525,"level":"neighborhood"}},{"type":"Feature","geometry":{"type":"Point","coordinates":[28.973142925454443,41.025185835828864]},"properties":{"id":7968240,"level":"neighborhood"}},{"type":"Feature","geometry":{"type":"Point","coordinates":[28.97045913315211,41.02590356492331]},"properties":{"id":7968241,"level":"neighborhood"}},{"type":"Feature","geometry":{"type":"Point","coordinates":[28.978703187397137,41.024056911187266]},"properties":{"id":7968242,"level":"neighborhood"}},{"type":"Feature","geometry":{"type":"Point","coordinates":[28.971361961705036,41.02341245341785]},"properties":{"id":7968243,"level":"neighborhood"}},{"type":"Feature","geometry":{"type":"Point","coordinates":[28.97430141885914,41.02738387284016]},"properties":{"id":7980653,"level":"neighborhood"}},{"type":"Feature","geometry":{"type":"Point","coordinates":[28.97828110457001,41.0268399590711]},"properties":{"id":7980654,"level":"neighborhood"}},{"type":"Feature","geometry":{"type":"Point","coordinates":[28.976217587103076,41.02506428244445]},"properties":{"id":7980655,"level":"neighborhood"}},{"type":"Feature","geometry":{"type":"Point","coordinates":[28.983966240698088,41.028394434865255]},"properties":{"id":7980975,"level":"neighborhood"}},{"type":"Feature","geometry":{"type":"Point","coordinates":[28.980690422292483,41.030465957334386]},"properties":{"id":7980976,"level":"neighborhood"}},{"type":"Feature","geometry":{"type":"Point","coordinates":[28.977354463232565,41.03013505454541]},"properties":{"id":7980977,"level":"neighborhood"}},{"type":"Feature","geometry":{"type":"Point","coordinates":[28.97490948259619,41.03086167280986]},"properties":{"id":7980978,"level":"neighborhood"}},{"type":"Feature","geometry":{"type":"Point","coordinates":[28.97270321013739,41.03027849354753]},"properties":{"id":7980979,"level":"neighborhood"}},{"type":"Feature","geometry":{"type":"Point","coordinates":[28.96913792920696,41.02907691058316]},"properties":{"id":7980980,"level":"neighborhood"}},{"type":"Feature","geometry":{"type":"Point","coordinates":[28.982992682641367,41.03422529339471]},"properties":{"id":7982393,"level":"neighborhood"}},{"type":"Feature","geometry":{"type":"Point","coordinates":[28.985627801018865,41.03334457502665]},"properties":{"id":7982394,"level":"neighborhood"}},{"type":"Feature","geometry":{"type":"Point","coordinates":[28.987974716762338,41.037910020287505]},"properties":{"id":7982395,"level":"neighborhood"}},{"type":"Feature","geometry":{"type":"Point","coordinates":[28.992070769994097,41.034147399294014]},"properties":{"id":7982396,"level":"neighborhood"}},{"type":"Feature","geometry":{"type":"Point","coordinates":[28.98761145244289,41.03073438622883]},"properties":{"id":7982397,"level":"neighborhood"}},{"type":"Feature","geometry":{"type":"Point","coordinates":[28.978401302536625,41.04221879498151]},"properties":{"id":7982471,"level":"neighborhood"}},{"type":"Feature","geometry":{"type":"Point","coordinates":[28.9762431458186,41.038717021066724]},"properties":{"id":7982472,"level":"neighborhood"}},{"type":"Feature","geometry":{"type":"Point","coordinates":[28.975862510329986,41.036558750177264]},"properties":{"id":7982473,"level":"neighborhood"}},{"type":"Feature","geometry":{"type":"Point","coordinates":[28.978089918601597,41.03720864763669]},"properties":{"id":7982474,"level":"neighborhood"}},{"type":"Feature","geometry":{"type":"Point","coordinates":[28.979792044349324,41.03918143522579]},"properties":{"id":7982475,"level":"neighborhood"}},{"type":"Feature","geometry":{"type":"Point","coordinates":[28.9834312482915,41.03986102823443]},"properties":{"id":7982476,"level":"neighborhood"}},{"type":"Feature","geometry":{"type":"Point","coordinates":[28.981878097464396,41.036747256590736]},"properties":{"id":7982477,"level":"neighborhood"}},{"type":"Feature","geometry":{"type":"Point","coordinates":[28.978407499285158,41.03502504695099]},"properties":{"id":7982478,"level":"neighborhood"}},{"type":"Feature","geometry":{"type":"Point","coordinates":[28.975249680688865,41.03469696670042]},"properties":{"id":7982479,"level":"neighborhood"}},{"type":"Feature","geometry":{"type":"Point","coordinates":[28.97091148824105,41.03390453421771]},"properties":{"id":7982480,"level":"neighborhood"}},{"type":"Feature","geometry":{"type":"Point","coordinates":[28.97218880176376,41.032056140265965]},"properties":{"id":7982481,"level":"neighborhood"}},{"type":"Feature","geometry":{"type":"Point","coordinates":[28.980034941323513,41.03337217536766]},"properties":{"id":7982482,"level":"neighborhood"}},{"type":"Feature","geometry":{"type":"Point","coordinates":[28.964061829727978,41.03430756869393]},"properties":{"id":8040974,"level":"neighborhood"}},{"type":"Feature","geometry":{"type":"Point","coordinates":[28.955105041389434,41.03653724913635]},"properties":{"id":8040975,"level":"neighborhood"}},{"type":"Feature","geometry":{"type":"Point","coordinates":[28.96737787944278,41.03693058214072]},"properties":{"id":8040976,"level":"neighborhood"}},{"type":"Feature","geometry":{"type":"Point","coordinates":[28.969247545892802,41.041696687734465]},"properties":{"id":8040977,"level":"neighborhood"}},{"type":"Feature","geometry":{"type":"Point","coordinates":[28.973932891102624,41.04199174587414]},"properties":{"id":8040978,"level":"neighborhood"}},{"type":"Feature","geometry":{"type":"Point","coordinates":[28.972414281654153,41.03681929370522]},"properties":{"id":8040979,"level":"neighborhood"}},{"type":"Feature","geometry":{"type":"Point","coordinates":[28.963834147573706,41.042240820968736]},"properties":{"id":8041035,"level":"neighborhood"}},{"type":"Feature","geometry":{"type":"Point","coordinates":[28.956222883013794,41.0409964727924]},"properties":{"id":8041036,"level":"neighborhood"}},{"type":"Feature","geometry":{"type":"Point","coordinates":[28.96054544515358,41.03749670778984]},"properties":{"id":8041037,"level":"neighborhood"}},{"type":"Feature","geometry":{"type":"Point","coordinates":[28.944577348881516,41.05125192581657]},"properties":{"id":8041154,"level":"neighborhood"}},{"type":"Feature","geometry":{"type":"Point","coordinates":[28.949346542906333,41.048566306053445]},"properties":{"id":8041155,"level":"neighborhood"}},{"type":"Feature","geometry":{"type":"Point","coordinates":[28.951481866207246,41.044256203902194]},"properties":{"id":8041156,"level":"neighborhood"}},{"type":"Feature","geometry":{"type":"Point","coordinates":[28.951417998901356,41.05782493967119]},"properties":{"id":8041157,"level":"neighborhood"}},{"type":"Feature","geometry":{"type":"Point","coordinates":[28.956658448979752,41.04803799831316]},"properties":{"id":8041158,"level":"neighborhood"}},{"type":"Feature","geometry":{"type":"Point","coordinates":[28.96237123455739,41.04810668614758]},"properties":{"id":8041159,"level":"neighborhood"}},{"type":"Feature","geometry":{"type":"Point","coordinates":[28.971533996705066,41.01286753748025]},"properties":{"id":8111527,"level":"neighborhood"}},{"type":"Feature","geometry":{"type":"Point","coordinates":[29.287208956101384,40.953100483594156]},"properties":{"id":8320926,"level":"neighborhood"}},{"type":"Feature","geometry":{"type":"Point","coordinates":[29.344085362953855,40.85914204399677]},"properties":{"id":8766077,"level":"neighborhood"}},{"type":"Feature","geometry":{"type":"Point","coordinates":[29.341503068946633,40.89603532715803]},"properties":{"id":8766082,"level":"neighborhood"}},{"type":"Feature","geometry":{"type":"Point","coordinates":[29.36244523314868,40.88536463385448]},"properties":{"id":8766277,"level":"neighborhood"}},{"type":"Feature","geometry":{"type":"Point","coordinates":[29.36909930610442,40.905416831811465]},"properties":{"id":8766278,"level":"neighborhood"}},{"type":"Feature","geometry":{"type":"Point","coordinates":[29.347434680033427,40.92599279313288]},"properties":{"id":8766279,"level":"neighborhood"}},{"type":"Feature","geometry":{"type":"Point","coordinates":[29.383043521925387,40.922617707202896]},"properties":{"id":8766662,"level":"neighborhood"}},{"type":"Feature","geometry":{"type":"Point","coordinates":[29.380777188343604,40.8933528429666]},"properties":{"id":8766663,"level":"neighborhood"}},{"type":"Feature","geometry":{"type":"Point","coordinates":[29.41807583825118,40.94231343092787]},"properties":{"id":8766844,"level":"neighborhood"}},{"type":"Feature","geometry":{"type":"Point","coordinates":[29.356879572191048,40.82718561398326]},"properties":{"id":8766896,"level":"neighborhood"}},{"type":"Feature","geometry":{"type":"Point","coordinates":[29.365295279902757,40.83685352413397]},"properties":{"id":8766897,"level":"neighborhood"}},{"type":"Feature","geometry":{"type":"Point","coordinates":[29.332126799426504,40.823550599968016]},"properties":{"id":8767043,"level":"neighborhood"}},{"type":"Feature","geometry":{"type":"Point","coordinates":[29.310485072898924,40.816880176110104]},"properties":{"id":8767105,"level":"neighborhood"}},{"type":"Feature","geometry":{"type":"Point","coordinates":[29.308557601213867,40.83181999512142]},"properties":{"id":8767114,"level":"neighborhood"}},{"type":"Feature","geometry":{"type":"Point","coordinates":[29.289482490729203,40.825063783922474]},"properties":{"id":8767167,"level":"neighborhood"}},{"type":"Feature","geometry":{"type":"Point","coordinates":[29.295824391958234,40.83969179722203]},"properties":{"id":8767841,"level":"neighborhood"}},{"type":"Feature","geometry":{"type":"Point","coordinates":[29.304687967535624,40.846933761501845]},"properties":{"id":8767842,"level":"neighborhood"}},{"type":"Feature","geometry":{"type":"Point","coordinates":[29.30215966471824,40.85622406273495]},"properties":{"id":8767843,"level":"neighborhood"}},{"type":"Feature","geometry":{"type":"Point","coordinates":[28.980662076789706,41.07841581656806]},"properties":{"id":8796660,"level":"neighborhood"}},{"type":"Feature","geometry":{"type":"Point","coordinates":[28.696530820229018,41.01649208825211]},"properties":{"id":8796814,"level":"neighborhood"}},{"type":"Feature","geometry":{"type":"Point","coordinates":[29.285506025963432,40.89772739643826]},"properties":{"id":8800853,"level":"neighborhood"}},{"type":"Feature","geometry":{"type":"Point","coordinates":[29.000586105660034,41.09571009984664]},"properties":{"id":8824054,"level":"neighborhood"}},{"type":"Feature","geometry":{"type":"Point","coordinates":[28.829220291261446,41.03684583415067]},"properties":{"id":8824111,"level":"neighborhood"}},{"type":"Feature","geometry":{"type":"Point","coordinates":[28.82173234360496,41.026498230734994]},"properties":{"id":8824112,"level":"neighborhood"}},{"type":"Feature","geometry":{"type":"Point","coordinates":[28.912477685664467,41.10648450334465]},"properties":{"id":8832576,"level":"neighborhood"}},{"type":"Feature","geometry":{"type":"Point","coordinates":[28.897818352267674,41.10558806398747]},"properties":{"id":8832577,"level":"neighborhood"}},{"type":"Feature","geometry":{"type":"Point","coordinates":[28.895332805043154,41.09637138642012]},"properties":{"id":8832578,"level":"neighborhood"}},{"type":"Feature","geometry":{"type":"Point","coordinates":[28.724749919014048,41.03034360550163]},"properties":{"id":8839337,"level":"neighborhood"}},{"type":"Feature","geometry":{"type":"Point","coordinates":[29.095707093239128,40.96810359404007]},"properties":{"id":8852697,"level":"neighborhood"}},{"type":"Feature","geometry":{"type":"Point","coordinates":[29.117406059016176,40.98314518724805]},"properties":{"id":8857261,"level":"neighborhood"}},{"type":"Feature","geometry":{"type":"Point","coordinates":[28.906985254567747,41.03294057455706]},"properties":{"id":8863399,"level":"neighborhood"}},{"type":"Feature","geometry":{"type":"Point","coordinates":[29.24028326434939,40.89530228457625]},"properties":{"id":8866766,"level":"neighborhood"}},{"type":"Feature","geometry":{"type":"Point","coordinates":[29.475810993666624,40.99220653181286]},"properties":{"id":8894351,"level":"neighborhood"}},{"type":"Feature","geometry":{"type":"Point","coordinates":[29.884261127535893,41.12424701980847]},"properties":{"id":8894395,"level":"neighborhood"}},{"type":"Feature","geometry":{"type":"Point","coordinates":[29.876130508301515,41.07258323356405]},"properties":{"id":8894396,"level":"neighborhood"}},{"type":"Feature","geometry":{"type":"Point","coordinates":[29.853461771461717,41.113823466265835]},"properties":{"id":8894397,"level":"neighborhood"}},{"type":"Feature","geometry":{"type":"Point","coordinates":[29.849172608187693,41.13329840508412]},"properties":{"id":8894398,"level":"neighborhood"}},{"type":"Feature","geometry":{"type":"Point","coordinates":[29.831172363872867,41.13246849948845]},"properties":{"id":8894445,"level":"neighborhood"}},{"type":"Feature","geometry":{"type":"Point","coordinates":[29.821748277890524,41.114438163552094]},"properties":{"id":8894446,"level":"neighborhood"}},{"type":"Feature","geometry":{"type":"Point","coordinates":[29.82634260581842,41.06280985673732]},"properties":{"id":8894447,"level":"neighborhood"}},{"type":"Feature","geometry":{"type":"Point","coordinates":[29.852610917369905,41.045555190756474]},"properties":{"id":8894466,"level":"neighborhood"}},{"type":"Feature","geometry":{"type":"Point","coordinates":[29.802094861894417,41.04788987360585]},"properties":{"id":8894727,"level":"neighborhood"}},{"type":"Feature","geometry":{"type":"Point","coordinates":[29.76754780878194,41.087969342419534]},"properties":{"id":8894728,"level":"neighborhood"}},{"type":"Feature","geometry":{"type":"Point","coordinates":[29.797159410658967,41.10945605158798]},"properties":{"id":8894729,"level":"neighborhood"}},{"type":"Feature","geometry":{"type":"Point","coordinates":[29.801593470395115,41.13593588202747]},"properties":{"id":8897352,"level":"neighborhood"}},{"type":"Feature","geometry":{"type":"Point","coordinates":[29.76710517989032,41.0424548580058]},"properties":{"id":8897385,"level":"neighborhood"}},{"type":"Feature","geometry":{"type":"Point","coordinates":[29.77729498146558,41.133563200877205]},"properties":{"id":8900397,"level":"neighborhood"}},{"type":"Feature","geometry":{"type":"Point","coordinates":[29.761475199049613,41.14092689697002]},"properties":{"id":8900398,"level":"neighborhood"}},{"type":"Feature","geometry":{"type":"Point","coordinates":[29.73812993179137,41.13944269946204]},"properties":{"id":8900415,"level":"neighborhood"}},{"type":"Feature","geometry":{"type":"Point","coordinates":[28.9557395059217,41.061925350970085]},"properties":{"id":8902002,"level":"neighborhood"}},{"type":"Feature","geometry":{"type":"Point","coordinates":[29.740845723620353,41.063218016142955]},"properties":{"id":8905922,"level":"neighborhood"}},{"type":"Feature","geometry":{"type":"Point","coordinates":[29.727858787869767,41.10733829996188]},"properties":{"id":8906003,"level":"neighborhood"}},{"type":"Feature","geometry":{"type":"Point","coordinates":[29.714617300712234,41.13597899128637]},"properties":{"id":8906049,"level":"neighborhood"}},{"type":"Feature","geometry":{"type":"Point","coordinates":[29.68374911911688,41.14434972612749]},"properties":{"id":8906089,"level":"neighborhood"}},{"type":"Feature","geometry":{"type":"Point","coordinates":[29.630240032190535,41.1655007496077]},"properties":{"id":8917831,"level":"neighborhood"}},{"type":"Feature","geometry":{"type":"Point","coordinates":[29.610675483149272,41.177247008545635]},"properties":{"id":8918298,"level":"neighborhood"}},{"type":"Feature","geometry":{"type":"Point","coordinates":[29.605513278432458,41.165173816536914]},"properties":{"id":8939333,"level":"neighborhood"}},{"type":"Feature","geometry":{"type":"Point","coordinates":[29.6116060050449,41.140365767175794]},"properties":{"id":8939334,"level":"neighborhood"}},{"type":"Feature","geometry":{"type":"Point","coordinates":[29.7102965034727,41.04140791321528]},"properties":{"id":8996428,"level":"neighborhood"}},{"type":"Feature","geometry":{"type":"Point","coordinates":[29.724200381149387,41.07871302022274]},"properties":{"id":8996776,"level":"neighborhood"}},{"type":"Feature","geometry":{"type":"Point","coordinates":[29.654582466512885,41.1103926587482]},"properties":{"id":9027454,"level":"neighborhood"}},{"type":"Feature","geometry":{"type":"Point","coordinates":[29.681007230932494,41.09224422621244]},"properties":{"id":9027455,"level":"neighborhood"}},{"type":"Feature","geometry":{"type":"Point","coordinates":[29.64897465642228,41.14800136405013]},"properties":{"id":9027503,"level":"neighborhood"}},{"type":"Feature","geometry":{"type":"Point","coordinates":[29.30759353517542,40.869002847738365]},"properties":{"id":9042591,"level":"neighborhood"}},{"type":"Feature","geometry":{"type":"Point","coordinates":[29.299211547168465,40.8680117259574]},"properties":{"id":9042592,"level":"neighborhood"}},{"type":"Feature","geometry":{"type":"Point","coordinates":[29.579957766056836,41.16609114408617]},"properties":{"id":9064755,"level":"neighborhood"}},{"type":"Feature","geometry":{"type":"Point","coordinates":[29.58289569625549,41.1520350494456]},"properties":{"id":9064777,"level":"neighborhood"}},{"type":"Feature","geometry":{"type":"Point","coordinates":[29.563546638342213,41.156327716641556]},"properties":{"id":9064778,"level":"neighborhood"}},{"type":"Feature","geometry":{"type":"Point","coordinates":[29.691364673906055,41.00540000419994]},"properties":{"id":9064892,"level":"neighborhood"}},{"type":"Feature","geometry":{"type":"Point","coordinates":[29.66689637815411,41.02162396545736]},"properties":{"id":9064925,"level":"neighborhood"}},{"type":"Feature","geometry":{"type":"Point","coordinates":[29.688125757243974,41.059608017642304]},"properties":{"id":9064926,"level":"neighborhood"}},{"type":"Feature","geometry":{"type":"Point","coordinates":[29.629607437058894,41.063176609208526]},"properties":{"id":9064974,"level":"neighborhood"}},{"type":"Feature","geometry":{"type":"Point","coordinates":[29.63746867976935,40.99649472158249]},"properties":{"id":9064975,"level":"neighborhood"}},{"type":"Feature","geometry":{"type":"Point","coordinates":[29.66592163119009,40.975705764995055]},"properties":{"id":9064976,"level":"neighborhood"}},{"type":"Feature","geometry":{"type":"Point","coordinates":[29.577134824602688,41.04926274629847]},"properties":{"id":9065274,"level":"neighborhood"}},{"type":"Feature","geometry":{"type":"Point","coordinates":[29.526809175678444,41.05416108476028]},"properties":{"id":9065275,"level":"neighborhood"}},{"type":"Feature","geometry":{"type":"Point","coordinates":[29.52170841995731,41.08358415100372]},"properties":{"id":9065276,"level":"neighborhood"}},{"type":"Feature","geometry":{"type":"Point","coordinates":[29.595033555762257,41.11194352433178]},"properties":{"id":9066780,"level":"neighborhood"}},{"type":"Feature","geometry":{"type":"Point","coordinates":[29.622113694979312,41.112914353248705]},"properties":{"id":9066781,"level":"neighborhood"}},{"type":"Feature","geometry":{"type":"Point","coordinates":[29.574187371750153,41.121339490383065]},"properties":{"id":9066783,"level":"neighborhood"}},{"type":"Feature","geometry":{"type":"Point","coordinates":[29.549998763380604,41.12925904035146]},"properties":{"id":9066788,"level":"neighborhood"}},{"type":"Feature","geometry":{"type":"Point","coordinates":[29.53944158835674,41.108343024157186]},"properties":{"id":9066804,"level":"neighborhood"}},{"type":"Feature","geometry":{"type":"Point","coordinates":[29.293227457912742,40.86141685521519]},"properties":{"id":9078093,"level":"neighborhood"}},{"type":"Feature","geometry":{"type":"Point","coordinates":[29.290139571376677,40.867712514402875]},"properties":{"id":9078094,"level":"neighborhood"}},{"type":"Feature","geometry":{"type":"Point","coordinates":[29.281167374252927,40.86044366372198]},"properties":{"id":9078111,"level":"neighborhood"}},{"type":"Feature","geometry":{"type":"Point","coordinates":[29.26194047807793,40.869786625819366]},"properties":{"id":9218021,"level":"neighborhood"}},{"type":"Feature","geometry":{"type":"Point","coordinates":[29.24327534842536,40.878308620277615]},"properties":{"id":9218075,"level":"neighborhood"}},{"type":"Feature","geometry":{"type":"Point","coordinates":[29.229045012211156,40.87526884292653]},"properties":{"id":9218100,"level":"neighborhood"}},{"type":"Feature","geometry":{"type":"Point","coordinates":[29.22584096236829,40.89337294678079]},"properties":{"id":9218225,"level":"neighborhood"}},{"type":"Feature","geometry":{"type":"Point","coordinates":[29.221567536529133,40.88485321739785]},"properties":{"id":9218298,"level":"neighborhood"}},{"type":"Feature","geometry":{"type":"Point","coordinates":[29.228377617101756,40.88508541071623]},"properties":{"id":9218331,"level":"neighborhood"}},{"type":"Feature","geometry":{"type":"Point","coordinates":[29.236126539123404,40.885702053989334]},"properties":{"id":9218332,"level":"neighborhood"}},{"type":"Feature","geometry":{"type":"Point","coordinates":[29.273140647579734,40.872552001896324]},"properties":{"id":9219444,"level":"neighborhood"}},{"type":"Feature","geometry":{"type":"Point","coordinates":[29.284446661883997,40.87912173823007]},"properties":{"id":9219465,"level":"neighborhood"}},{"type":"Feature","geometry":{"type":"Point","coordinates":[29.273523561579214,40.88342336199861]},"properties":{"id":9219466,"level":"neighborhood"}},{"type":"Feature","geometry":{"type":"Point","coordinates":[29.262927843362288,40.88457251262199]},"properties":{"id":9219471,"level":"neighborhood"}},{"type":"Feature","geometry":{"type":"Point","coordinates":[29.250678258225665,40.88945041733428]},"properties":{"id":9220784,"level":"neighborhood"}},{"type":"Feature","geometry":{"type":"Point","coordinates":[29.31448549168543,40.89892602444078]},"properties":{"id":9268730,"level":"neighborhood"}},{"type":"Feature","geometry":{"type":"Point","coordinates":[29.27503389779978,40.896330354883176]},"properties":{"id":9268783,"level":"neighborhood"}},{"type":"Feature","geometry":{"type":"Point","coordinates":[29.286702307538636,40.90789959676805]},"properties":{"id":9268801,"level":"neighborhood"}},{"type":"Feature","geometry":{"type":"Point","coordinates":[29.242422446900633,40.89013676751523]},"properties":{"id":9268907,"level":"neighborhood"}},{"type":"Feature","geometry":{"type":"Point","coordinates":[29.25421492227083,40.9077427822035]},"properties":{"id":9268910,"level":"neighborhood"}},{"type":"Feature","geometry":{"type":"Point","coordinates":[29.260385568742286,40.92036851691479]},"properties":{"id":9268920,"level":"neighborhood"}},{"type":"Feature","geometry":{"type":"Point","coordinates":[29.268274891665605,40.90418285985959]},"properties":{"id":9268921,"level":"neighborhood"}},{"type":"Feature","geometry":{"type":"Point","coordinates":[29.276846973762765,40.91495864046257]},"properties":{"id":9269124,"level":"neighborhood"}},{"type":"Feature","geometry":{"type":"Point","coordinates":[29.15803307479468,40.9057336342942]},"properties":{"id":9285741,"level":"neighborhood"}},{"type":"Feature","geometry":{"type":"Point","coordinates":[29.18765842441783,40.888331682475524]},"properties":{"id":9285742,"level":"neighborhood"}},{"type":"Feature","geometry":{"type":"Point","coordinates":[29.1715618875923,40.904054122087956]},"properties":{"id":9285966,"level":"neighborhood"}},{"type":"Feature","geometry":{"type":"Point","coordinates":[29.17417958080691,40.913914253116445]},"properties":{"id":9285980,"level":"neighborhood"}},{"type":"Feature","geometry":{"type":"Point","coordinates":[29.236827145652768,40.91737178476929]},"properties":{"id":9286009,"level":"neighborhood"}},{"type":"Feature","geometry":{"type":"Point","coordinates":[29.17919417399388,40.896631757679174]},"properties":{"id":9286043,"level":"neighborhood"}},{"type":"Feature","geometry":{"type":"Point","coordinates":[29.191167595018314,40.907031610524236]},"properties":{"id":9286068,"level":"neighborhood"}},{"type":"Feature","geometry":{"type":"Point","coordinates":[29.184184600514218,40.891104283369]},"properties":{"id":9286088,"level":"neighborhood"}},{"type":"Feature","geometry":{"type":"Point","coordinates":[29.191312341297184,40.89628421153209]},"properties":{"id":9286104,"level":"neighborhood"}},{"type":"Feature","geometry":{"type":"Point","coordinates":[29.2017295432213,40.89067101929133]},"properties":{"id":9286195,"level":"neighborhood"}},{"type":"Feature","geometry":{"type":"Point","coordinates":[29.211566560638992,40.88977908195888]},"properties":{"id":9286238,"level":"neighborhood"}},{"type":"Feature","geometry":{"type":"Point","coordinates":[29.21437983313384,40.89990695617929]},"properties":{"id":9286262,"level":"neighborhood"}},{"type":"Feature","geometry":{"type":"Point","coordinates":[29.220488160043185,40.895515403219704]},"properties":{"id":9286269,"level":"neighborhood"}},{"type":"Feature","geometry":{"type":"Point","coordinates":[29.220643276839958,40.90615775381781]},"properties":{"id":9286337,"level":"neighborhood"}},{"type":"Feature","geometry":{"type":"Point","coordinates":[29.208437900970576,40.912490464892564]},"properties":{"id":9286355,"level":"neighborhood"}},{"type":"Feature","geometry":{"type":"Point","coordinates":[29.190372087690086,40.917389743961635]},"properties":{"id":9286388,"level":"neighborhood"}},{"type":"Feature","geometry":{"type":"Point","coordinates":[29.20878423402864,40.92095922260479]},"properties":{"id":9286428,"level":"neighborhood"}},{"type":"Feature","geometry":{"type":"Point","coordinates":[29.233175936354,40.903433515222]},"properties":{"id":9286454,"level":"neighborhood"}},{"type":"Feature","geometry":{"type":"Point","coordinates":[29.21417428642903,40.932825926605105]},"properties":{"id":9286485,"level":"neighborhood"}},{"type":"Feature","geometry":{"type":"Point","coordinates":[29.22959919911507,40.93952302384835]},"properties":{"id":9286522,"level":"neighborhood"}},{"type":"Feature","geometry":{"type":"Point","coordinates":[29.097098882215416,40.95822626969686]},"properties":{"id":9286607,"level":"neighborhood"}},{"type":"Feature","geometry":{"type":"Point","coordinates":[29.08054598864451,40.96194048252643]},"properties":{"id":9286614,"level":"neighborhood"}},{"type":"Feature","geometry":{"type":"Point","coordinates":[29.026251298644123,40.99749400014107]},"properties":{"id":9286639,"level":"neighborhood"}},{"type":"Feature","geometry":{"type":"Point","coordinates":[29.182604927280202,40.982829854310175]},"properties":{"id":9286657,"level":"neighborhood"}},{"type":"Feature","geometry":{"type":"Point","coordinates":[29.075517575046483,41.002998094401775]},"properties":{"id":9286658,"level":"neighborhood"}},{"type":"Feature","geometry":{"type":"Point","coordinates":[29.144926988518574,40.98314480748868]},"properties":{"id":9287004,"level":"neighborhood"}},{"type":"Feature","geometry":{"type":"Point","coordinates":[29.143082238877994,40.99408496561941]},"properties":{"id":9288091,"level":"neighborhood"}},{"type":"Feature","geometry":{"type":"Point","coordinates":[29.134183340230482,40.97600726175894]},"properties":{"id":9288097,"level":"neighborhood"}},{"type":"Feature","geometry":{"type":"Point","coordinates":[28.70998689007159,40.97657219908014]},"properties":{"id":9289098,"level":"neighborhood"}},{"type":"Feature","geometry":{"type":"Point","coordinates":[28.712037583540948,41.06796864894123]},"properties":{"id":9289128,"level":"neighborhood"}},{"type":"Feature","geometry":{"type":"Point","coordinates":[28.603859234563163,40.98773262045732]},"properties":{"id":9289261,"level":"neighborhood"}},{"type":"Feature","geometry":{"type":"Point","coordinates":[29.21907628942282,41.042524479411085]},"properties":{"id":9289278,"level":"neighborhood"}},{"type":"Feature","geometry":{"type":"Point","coordinates":[28.677243205291884,40.992943202891155]},"properties":{"id":9293239,"level":"neighborhood"}},{"type":"Feature","geometry":{"type":"Point","coordinates":[28.998438518844814,41.04155131048696]},"properties":{"id":9296001,"level":"neighborhood"}},{"type":"Feature","geometry":{"type":"Point","coordinates":[29.148050870724262,41.00008996440252]},"properties":{"id":9308675,"level":"neighborhood"}},{"type":"Feature","geometry":{"type":"Point","coordinates":[29.155487619684806,41.009914658402444]},"properties":{"id":9308676,"level":"neighborhood"}},{"type":"Feature","geometry":{"type":"Point","coordinates":[28.86941820742455,41.01100008213673]},"properties":{"id":9309043,"level":"neighborhood"}},{"type":"Feature","geometry":{"type":"Point","coordinates":[28.893141008351567,41.023358063943625]},"properties":{"id":9309109,"level":"neighborhood"}},{"type":"Feature","geometry":{"type":"Point","coordinates":[28.515988949927884,41.09978719859063]},"properties":{"id":9314634,"level":"neighborhood"}},{"type":"Feature","geometry":{"type":"Point","coordinates":[28.89076082934492,41.03224549573842]},"properties":{"id":9318611,"level":"neighborhood"}},{"type":"Feature","geometry":{"type":"Point","coordinates":[28.8957193547136,41.03005931314786]},"properties":{"id":9318612,"level":"neighborhood"}},{"type":"Feature","geometry":{"type":"Point","coordinates":[28.886877462139285,41.03813998854853]},"properties":{"id":9318613,"level":"neighborhood"}},{"type":"Feature","geometry":{"type":"Point","coordinates":[28.990992613753416,41.04567522420925]},"properties":{"id":9319824,"level":"neighborhood"}},{"type":"Feature","geometry":{"type":"Point","coordinates":[28.984359394051953,41.0433968248025]},"properties":{"id":9319855,"level":"neighborhood"}},{"type":"Feature","geometry":{"type":"Point","coordinates":[28.986216177192322,41.04790189964672]},"properties":{"id":9319943,"level":"neighborhood"}},{"type":"Feature","geometry":{"type":"Point","coordinates":[28.980863327076523,41.04525566423909]},"properties":{"id":9320234,"level":"neighborhood"}},{"type":"Feature","geometry":{"type":"Point","coordinates":[28.98397390815962,41.0495336037842]},"properties":{"id":9320236,"level":"neighborhood"}},{"type":"Feature","geometry":{"type":"Point","coordinates":[28.979630728740364,41.049695606325116]},"properties":{"id":9320291,"level":"neighborhood"}},{"type":"Feature","geometry":{"type":"Point","coordinates":[28.965107709637085,41.053232652870875]},"properties":{"id":9321888,"level":"neighborhood"}},{"type":"Feature","geometry":{"type":"Point","coordinates":[28.968861002637983,41.05815056699353]},"properties":{"id":9321890,"level":"neighborhood"}},{"type":"Feature","geometry":{"type":"Point","coordinates":[28.97386343148934,41.06396749999924]},"properties":{"id":9321891,"level":"neighborhood"}},{"type":"Feature","geometry":{"type":"Point","coordinates":[28.977054474701497,41.061955964713746]},"properties":{"id":9321912,"level":"neighborhood"}},{"type":"Feature","geometry":{"type":"Point","coordinates":[28.97175915252878,41.052220488562]},"properties":{"id":9321929,"level":"neighborhood"}},{"type":"Feature","geometry":{"type":"Point","coordinates":[28.98055663201531,41.05391431850524]},"properties":{"id":9321930,"level":"neighborhood"}},{"type":"Feature","geometry":{"type":"Point","coordinates":[28.975412260544772,41.04808104378053]},"properties":{"id":9322001,"level":"neighborhood"}},{"type":"Feature","geometry":{"type":"Point","coordinates":[28.986616598096916,41.06903414544693]},"properties":{"id":9324375,"level":"neighborhood"}},{"type":"Feature","geometry":{"type":"Point","coordinates":[28.986102060889777,41.06398977422438]},"properties":{"id":9324437,"level":"neighborhood"}},{"type":"Feature","geometry":{"type":"Point","coordinates":[28.98354778327962,41.05551462337069]},"properties":{"id":9324438,"level":"neighborhood"}},{"type":"Feature","geometry":{"type":"Point","coordinates":[28.991379015154152,41.059917690489954]},"properties":{"id":9324445,"level":"neighborhood"}},{"type":"Feature","geometry":{"type":"Point","coordinates":[28.98886465874328,41.05160193308819]},"properties":{"id":9324450,"level":"neighborhood"}},{"type":"Feature","geometry":{"type":"Point","coordinates":[28.9911663444455,41.054818718775]},"properties":{"id":9324472,"level":"neighborhood"}},{"type":"Feature","geometry":{"type":"Point","coordinates":[28.996231351569385,41.052017470997384]},"properties":{"id":9324473,"level":"neighborhood"}},{"type":"Feature","geometry":{"type":"Point","coordinates":[28.998062139410468,41.062139053537166]},"properties":{"id":9327583,"level":"neighborhood"}},{"type":"Feature","geometry":{"type":"Point","coordinates":[29.010417969106218,41.07218431330833]},"properties":{"id":9327603,"level":"neighborhood"}},{"type":"Feature","geometry":{"type":"Point","coordinates":[28.996180449542543,41.069641324714965]},"properties":{"id":9327605,"level":"neighborhood"}},{"type":"Feature","geometry":{"type":"Point","coordinates":[29.001642968111064,41.07087172555006]},"properties":{"id":9327610,"level":"neighborhood"}},{"type":"Feature","geometry":{"type":"Point","coordinates":[28.998847419121848,41.04814095169682]},"properties":{"id":9327636,"level":"neighborhood"}},{"type":"Feature","geometry":{"type":"Point","coordinates":[29.00172397257514,41.0474526700783]},"properties":{"id":9327651,"level":"neighborhood"}},{"type":"Feature","geometry":{"type":"Point","coordinates":[29.004639411608302,41.043121377310484]},"properties":{"id":9327671,"level":"neighborhood"}},{"type":"Feature","geometry":{"type":"Point","coordinates":[29.008061479262334,41.04684449041034]},"properties":{"id":9327672,"level":"neighborhood"}},{"type":"Feature","geometry":{"type":"Point","coordinates":[29.004792817083782,41.049538813543734]},"properties":{"id":9327673,"level":"neighborhood"}},{"type":"Feature","geometry":{"type":"Point","coordinates":[29.00522983842066,41.06329869348821]},"properties":{"id":9335346,"level":"neighborhood"}},{"type":"Feature","geometry":{"type":"Point","coordinates":[29.01350884637137,41.060026149234744]},"properties":{"id":9335348,"level":"neighborhood"}},{"type":"Feature","geometry":{"type":"Point","coordinates":[29.004779012413156,41.055403449299405]},"properties":{"id":9335349,"level":"neighborhood"}},{"type":"Feature","geometry":{"type":"Point","coordinates":[29.015153236591864,41.04738359166541]},"properties":{"id":9335350,"level":"neighborhood"}},{"type":"Feature","geometry":{"type":"Point","coordinates":[29.019155231324618,41.052453266789406]},"properties":{"id":9335638,"level":"neighborhood"}},{"type":"Feature","geometry":{"type":"Point","coordinates":[29.026654359990026,41.054936240846125]},"properties":{"id":9335689,"level":"neighborhood"}},{"type":"Feature","geometry":{"type":"Point","coordinates":[29.01924756026343,41.06212371859536]},"properties":{"id":9338580,"level":"neighborhood"}},{"type":"Feature","geometry":{"type":"Point","coordinates":[29.026900383765266,41.06459511063052]},"properties":{"id":9338582,"level":"neighborhood"}},{"type":"Feature","geometry":{"type":"Point","coordinates":[29.023220448689116,41.07230519097507]},"properties":{"id":9338583,"level":"neighborhood"}},{"type":"Feature","geometry":{"type":"Point","coordinates":[29.032846393048686,41.07255989377289]},"properties":{"id":9338584,"level":"neighborhood"}},{"type":"Feature","geometry":{"type":"Point","coordinates":[29.041177931657867,41.06870640521942]},"properties":{"id":9338586,"level":"neighborhood"}},{"type":"Feature","geometry":{"type":"Point","coordinates":[29.034347094506046,41.06234700924843]},"properties":{"id":9340106,"level":"neighborhood"}},{"type":"Feature","geometry":{"type":"Point","coordinates":[29.013996368864337,41.09488025006601]},"properties":{"id":9340873,"level":"neighborhood"}},{"type":"Feature","geometry":{"type":"Point","coordinates":[29.016782692363535,41.08122188951415]},"properties":{"id":9340882,"level":"neighborhood"}},{"type":"Feature","geometry":{"type":"Point","coordinates":[29.02637607355677,41.0868954163179]},"properties":{"id":9340899,"level":"neighborhood"}},{"type":"Feature","geometry":{"type":"Point","coordinates":[29.044893612051045,41.08154579168348]},"properties":{"id":9343684,"level":"neighborhood"}},{"type":"Feature","geometry":{"type":"Point","coordinates":[29.0369285187031,41.085093296816495]},"properties":{"id":9343698,"level":"neighborhood"}},{"type":"Feature","geometry":{"type":"Point","coordinates":[29.050201886736943,41.08753536135096]},"properties":{"id":9343740,"level":"neighborhood"}},{"type":"Feature","geometry":{"type":"Point","coordinates":[29.04856327569361,41.094195395419206]},"properties":{"id":9343795,"level":"neighborhood"}},{"type":"Feature","geometry":{"type":"Point","coordinates":[29.03667233794252,41.09542468482865]},"properties":{"id":9343796,"level":"neighborhood"}},{"type":"Feature","geometry":{"type":"Point","coordinates":[29.05392406695879,41.107321910726114]},"properties":{"id":9345828,"level":"neighborhood"}},{"type":"Feature","geometry":{"type":"Point","coordinates":[29.034838795086756,41.10481200114785]},"properties":{"id":9345829,"level":"neighborhood"}},{"type":"Feature","geometry":{"type":"Point","coordinates":[28.963344402734972,41.06322082166305]},"properties":{"id":9354191,"level":"neighborhood"}},{"type":"Feature","geometry":{"type":"Point","coordinates":[28.972105575685013,41.08417395572886]},"properties":{"id":9354239,"level":"neighborhood"}},{"type":"Feature","geometry":{"type":"Point","coordinates":[28.97286688844962,41.07057653919548]},"properties":{"id":9354260,"level":"neighborhood"}},{"type":"Feature","geometry":{"type":"Point","coordinates":[28.962019877915797,41.0751539139487]},"properties":{"id":9354273,"level":"neighborhood"}},{"type":"Feature","geometry":{"type":"Point","coordinates":[28.949830408397858,41.06879344782614]},"properties":{"id":9356990,"level":"neighborhood"}},{"type":"Feature","geometry":{"type":"Point","coordinates":[28.95478841780545,41.07886494065545]},"properties":{"id":9357003,"level":"neighborhood"}},{"type":"Feature","geometry":{"type":"Point","coordinates":[28.946821493795184,41.08074796720469]},"properties":{"id":9357083,"level":"neighborhood"}},{"type":"Feature","geometry":{"type":"Point","coordinates":[29.276995214311064,40.925830832518834]},"properties":{"id":9361618,"level":"neighborhood"}},{"type":"Feature","geometry":{"type":"Point","coordinates":[28.974803303871358,41.09608108286811]},"properties":{"id":9362930,"level":"neighborhood"}},{"type":"Feature","geometry":{"type":"Point","coordinates":[28.987153669171466,41.09534386986333]},"properties":{"id":9362961,"level":"neighborhood"}},{"type":"Feature","geometry":{"type":"Point","coordinates":[28.99972728551642,41.09039889765662]},"properties":{"id":9362979,"level":"neighborhood"}},{"type":"Feature","geometry":{"type":"Point","coordinates":[28.990454098568396,41.088815056669326]},"properties":{"id":9363036,"level":"neighborhood"}},{"type":"Feature","geometry":{"type":"Point","coordinates":[29.004116126755,41.0865308101409]},"properties":{"id":9363037,"level":"neighborhood"}},{"type":"Feature","geometry":{"type":"Point","coordinates":[28.99916573406589,41.08418472930617]},"properties":{"id":9363124,"level":"neighborhood"}},{"type":"Feature","geometry":{"type":"Point","coordinates":[29.003911971736354,41.07793951083471]},"properties":{"id":9363127,"level":"neighborhood"}},{"type":"Feature","geometry":{"type":"Point","coordinates":[28.998343251857886,41.0784441915207]},"properties":{"id":9363133,"level":"neighborhood"}},{"type":"Feature","geometry":{"type":"Point","coordinates":[28.993713748773143,41.078685488654884]},"properties":{"id":9363158,"level":"neighborhood"}},{"type":"Feature","geometry":{"type":"Point","coordinates":[28.991494141734414,41.08155874283838]},"properties":{"id":9363201,"level":"neighborhood"}},{"type":"Feature","geometry":{"type":"Point","coordinates":[28.98774953361714,41.08453153679656]},"properties":{"id":9363203,"level":"neighborhood"}},{"type":"Feature","geometry":{"type":"Point","coordinates":[28.98553742118456,41.07373999217158]},"properties":{"id":9363232,"level":"neighborhood"}},{"type":"Feature","geometry":{"type":"Point","coordinates":[29.303384537479857,40.93169071527663]},"properties":{"id":9363902,"level":"neighborhood"}},{"type":"Feature","geometry":{"type":"Point","coordinates":[28.91742280521538,41.032154285391854]},"properties":{"id":9379470,"level":"neighborhood"}},{"type":"Feature","geometry":{"type":"Point","coordinates":[28.914466861579076,41.03784405889883]},"properties":{"id":9379494,"level":"neighborhood"}},{"type":"Feature","geometry":{"type":"Point","coordinates":[28.900993068887466,41.03218977422425]},"properties":{"id":9379509,"level":"neighborhood"}},{"type":"Feature","geometry":{"type":"Point","coordinates":[28.895435698204654,41.03941766455457]},"properties":{"id":9379510,"level":"neighborhood"}},{"type":"Feature","geometry":{"type":"Point","coordinates":[28.90560947992062,41.04310251214838]},"properties":{"id":9379589,"level":"neighborhood"}},{"type":"Feature","geometry":{"type":"Point","coordinates":[28.907152451812713,41.04926489976968]},"properties":{"id":9379597,"level":"neighborhood"}},{"type":"Feature","geometry":{"type":"Point","coordinates":[28.901409163834614,41.056188780485584]},"properties":{"id":9379598,"level":"neighborhood"}},{"type":"Feature","geometry":{"type":"Point","coordinates":[28.883051992422434,41.071196536897375]},"properties":{"id":9379636,"level":"neighborhood"}},{"type":"Feature","geometry":{"type":"Point","coordinates":[28.891170227356977,41.065533441116756]},"properties":{"id":9379637,"level":"neighborhood"}},{"type":"Feature","geometry":{"type":"Point","coordinates":[28.89243137471116,41.05082685922186]},"properties":{"id":9379638,"level":"neighborhood"}},{"type":"Feature","geometry":{"type":"Point","coordinates":[28.934738956706834,41.03488648804451]},"properties":{"id":9381516,"level":"neighborhood"}},{"type":"Feature","geometry":{"type":"Point","coordinates":[28.932687537460353,41.04193834663525]},"properties":{"id":9381520,"level":"neighborhood"}},{"type":"Feature","geometry":{"type":"Point","coordinates":[28.933442859195594,41.05324072747839]},"properties":{"id":9381554,"level":"neighborhood"}},{"type":"Feature","geometry":{"type":"Point","coordinates":[28.940596812752798,41.061844613758204]},"properties":{"id":9381555,"level":"neighborhood"}},{"type":"Feature","geometry":{"type":"Point","coordinates":[28.927452337028342,41.05210386465928]},"properties":{"id":9381563,"level":"neighborhood"}},{"type":"Feature","geometry":{"type":"Point","coordinates":[28.925303419346157,41.04560181266913]},"properties":{"id":9381569,"level":"neighborhood"}},{"type":"Feature","geometry":{"type":"Point","coordinates":[28.922009927916807,41.04993838706927]},"properties":{"id":9381669,"level":"neighborhood"}},{"type":"Feature","geometry":{"type":"Point","coordinates":[28.921556009781803,41.039799281119755]},"properties":{"id":9381694,"level":"neighborhood"}},{"type":"Feature","geometry":{"type":"Point","coordinates":[28.916093393867598,41.05057135590421]},"properties":{"id":9381765,"level":"neighborhood"}},{"type":"Feature","geometry":{"type":"Point","coordinates":[28.94052392036965,41.065978663477345]},"properties":{"id":9381807,"level":"neighborhood"}},{"type":"Feature","geometry":{"type":"Point","coordinates":[28.938042618571814,41.069169445354675]},"properties":{"id":9381849,"level":"neighborhood"}},{"type":"Feature","geometry":{"type":"Point","coordinates":[28.93192877263277,41.07400612764176]},"properties":{"id":9381850,"level":"neighborhood"}},{"type":"Feature","geometry":{"type":"Point","coordinates":[28.921545600318876,41.07267047006114]},"properties":{"id":9381851,"level":"neighborhood"}},{"type":"Feature","geometry":{"type":"Point","coordinates":[28.936061461833287,41.08182901774066]},"properties":{"id":9381855,"level":"neighborhood"}},{"type":"Feature","geometry":{"type":"Point","coordinates":[28.925143199056077,41.08614022281779]},"properties":{"id":9381869,"level":"neighborhood"}},{"type":"Feature","geometry":{"type":"Point","coordinates":[28.92909044977474,41.065447079130934]},"properties":{"id":9381909,"level":"neighborhood"}},{"type":"Feature","geometry":{"type":"Point","coordinates":[28.93420358275147,41.059672251672986]},"properties":{"id":9381914,"level":"neighborhood"}},{"type":"Feature","geometry":{"type":"Point","coordinates":[28.928801759190314,41.058217222052235]},"properties":{"id":9381933,"level":"neighborhood"}},{"type":"Feature","geometry":{"type":"Point","coordinates":[28.924215052583808,41.06056156491735]},"properties":{"id":9381934,"level":"neighborhood"}},{"type":"Feature","geometry":{"type":"Point","coordinates":[29.10544616557615,40.95356004105971]},"properties":{"id":9387083,"level":"neighborhood"}},{"type":"Feature","geometry":{"type":"Point","coordinates":[28.918432291330166,41.06072780302958]},"properties":{"id":9387779,"level":"neighborhood"}},{"type":"Feature","geometry":{"type":"Point","coordinates":[28.910616203919595,41.0581448789671]},"properties":{"id":9387789,"level":"neighborhood"}},{"type":"Feature","geometry":{"type":"Point","coordinates":[28.913621804777904,41.0657817326496]},"properties":{"id":9387822,"level":"neighborhood"}},{"type":"Feature","geometry":{"type":"Point","coordinates":[28.88314019248452,41.08227663038562]},"properties":{"id":9388924,"level":"neighborhood"}},{"type":"Feature","geometry":{"type":"Point","coordinates":[28.891598180264033,41.07551119794205]},"properties":{"id":9388925,"level":"neighborhood"}},{"type":"Feature","geometry":{"type":"Point","coordinates":[28.902940566543464,41.077190274174704]},"properties":{"id":9388940,"level":"neighborhood"}},{"type":"Feature","geometry":{"type":"Point","coordinates":[28.900715746704996,41.06761020493296]},"properties":{"id":9388951,"level":"neighborhood"}},{"type":"Feature","geometry":{"type":"Point","coordinates":[28.9068192036251,41.06812576324924]},"properties":{"id":9388968,"level":"neighborhood"}},{"type":"Feature","geometry":{"type":"Point","coordinates":[28.89915694123579,41.08642478233282]},"properties":{"id":9389046,"level":"neighborhood"}},{"type":"Feature","geometry":{"type":"Point","coordinates":[28.91463119277974,41.0878325020614]},"properties":{"id":9389048,"level":"neighborhood"}},{"type":"Feature","geometry":{"type":"Point","coordinates":[28.9087736219288,41.07232031158744]},"properties":{"id":9389050,"level":"neighborhood"}},{"type":"Feature","geometry":{"type":"Point","coordinates":[28.91167631452621,41.07872556198096]},"properties":{"id":9389063,"level":"neighborhood"}},{"type":"Feature","geometry":{"type":"Point","coordinates":[28.909074014333918,41.09438178130715]},"properties":{"id":9389916,"level":"neighborhood"}},{"type":"Feature","geometry":{"type":"Point","coordinates":[28.874542693220622,41.08569236943607]},"properties":{"id":9389934,"level":"neighborhood"}},{"type":"Feature","geometry":{"type":"Point","coordinates":[28.882858923281006,41.09982109092519]},"properties":{"id":9389950,"level":"neighborhood"}},{"type":"Feature","geometry":{"type":"Point","coordinates":[28.872275548913592,41.09238749625756]},"properties":{"id":9390752,"level":"neighborhood"}},{"type":"Feature","geometry":{"type":"Point","coordinates":[28.869336852379153,41.10119248250041]},"properties":{"id":9390753,"level":"neighborhood"}},{"type":"Feature","geometry":{"type":"Point","coordinates":[28.85966222699567,41.100448704197646]},"properties":{"id":9390800,"level":"neighborhood"}},{"type":"Feature","geometry":{"type":"Point","coordinates":[28.854575625458242,41.10927471524883]},"properties":{"id":9390849,"level":"neighborhood"}},{"type":"Feature","geometry":{"type":"Point","coordinates":[28.848027184485314,41.115187574533294]},"properties":{"id":9390850,"level":"neighborhood"}},{"type":"Feature","geometry":{"type":"Point","coordinates":[28.877082508584458,41.121445764698905]},"properties":{"id":9390851,"level":"neighborhood"}},{"type":"Feature","geometry":{"type":"Point","coordinates":[28.832014006874807,41.13111117171086]},"properties":{"id":9390946,"level":"neighborhood"}},{"type":"Feature","geometry":{"type":"Point","coordinates":[28.858585836456726,41.149402518606]},"properties":{"id":9391277,"level":"neighborhood"}},{"type":"Feature","geometry":{"type":"Point","coordinates":[28.85000847657372,41.133489081442235]},"properties":{"id":9391290,"level":"neighborhood"}},{"type":"Feature","geometry":{"type":"Point","coordinates":[28.888579505270634,41.00590048421585]},"properties":{"id":9391449,"level":"neighborhood"}},{"type":"Feature","geometry":{"type":"Point","coordinates":[28.886319458088543,41.01316095585147]},"properties":{"id":9391461,"level":"neighborhood"}},{"type":"Feature","geometry":{"type":"Point","coordinates":[28.896595504881322,41.01475514911707]},"properties":{"id":9391469,"level":"neighborhood"}},{"type":"Feature","geometry":{"type":"Point","coordinates":[28.882449410439957,41.02179614540613]},"properties":{"id":9393065,"level":"neighborhood"}},{"type":"Feature","geometry":{"type":"Point","coordinates":[28.88350719033655,41.02981124109502]},"properties":{"id":9393066,"level":"neighborhood"}},{"type":"Feature","geometry":{"type":"Point","coordinates":[28.874602674211186,41.012311792871714]},"properties":{"id":9393094,"level":"neighborhood"}},{"type":"Feature","geometry":{"type":"Point","coordinates":[28.865425874986474,41.0186358118423]},"properties":{"id":9393125,"level":"neighborhood"}},{"type":"Feature","geometry":{"type":"Point","coordinates":[28.869573163645764,41.016184763238954]},"properties":{"id":9393126,"level":"neighborhood"}},{"type":"Feature","geometry":{"type":"Point","coordinates":[28.86498968401123,41.02560645311243]},"properties":{"id":9393147,"level":"neighborhood"}},{"type":"Feature","geometry":{"type":"Point","coordinates":[28.87295828090909,41.023452089135766]},"properties":{"id":9393153,"level":"neighborhood"}},{"type":"Feature","geometry":{"type":"Point","coordinates":[29.341514111433813,41.17788428917582]},"properties":{"id":9395063,"level":"neighborhood"}},{"type":"Feature","geometry":{"type":"Point","coordinates":[29.371176520062978,41.19310894133756]},"properties":{"id":9395077,"level":"neighborhood"}},{"type":"Feature","geometry":{"type":"Point","coordinates":[29.078925740106403,40.996315427437864]},"properties":{"id":9397085,"level":"neighborhood"}},{"type":"Feature","geometry":{"type":"Point","coordinates":[29.08459964199912,41.00454818350764]},"properties":{"id":9397114,"level":"neighborhood"}},{"type":"Feature","geometry":{"type":"Point","coordinates":[29.08891433070586,40.98952657081058]},"properties":{"id":9397171,"level":"neighborhood"}},{"type":"Feature","geometry":{"type":"Point","coordinates":[29.092954391922174,41.00629519823441]},"properties":{"id":9397186,"level":"neighborhood"}},{"type":"Feature","geometry":{"type":"Point","coordinates":[29.095296644043888,41.00198780778567]},"properties":{"id":9397189,"level":"neighborhood"}},{"type":"Feature","geometry":{"type":"Point","coordinates":[29.101462507407607,40.99282393885218]},"properties":{"id":9397234,"level":"neighborhood"}},{"type":"Feature","geometry":{"type":"Point","coordinates":[29.127870918677413,40.99180308368436]},"properties":{"id":9397246,"level":"neighborhood"}},{"type":"Feature","geometry":{"type":"Point","coordinates":[29.153360481512905,40.987245120378226]},"properties":{"id":9397264,"level":"neighborhood"}},{"type":"Feature","geometry":{"type":"Point","coordinates":[29.160282787059156,40.98365534380354]},"properties":{"id":9397321,"level":"neighborhood"}},{"type":"Feature","geometry":{"type":"Point","coordinates":[29.164360289022557,40.99112891601095]},"properties":{"id":9397322,"level":"neighborhood"}},{"type":"Feature","geometry":{"type":"Point","coordinates":[28.67045608697215,40.97436003723786]},"properties":{"id":9397725,"level":"neighborhood"}},{"type":"Feature","geometry":{"type":"Point","coordinates":[28.628216505378987,40.99945186110225]},"properties":{"id":9397726,"level":"neighborhood"}},{"type":"Feature","geometry":{"type":"Point","coordinates":[28.61738437340457,40.973699326456]},"properties":{"id":9397727,"level":"neighborhood"}},{"type":"Feature","geometry":{"type":"Point","coordinates":[28.646748679597067,41.005557463261354]},"properties":{"id":9397784,"level":"neighborhood"}},{"type":"Feature","geometry":{"type":"Point","coordinates":[28.63866359112162,41.010149476117434]},"properties":{"id":9397785,"level":"neighborhood"}},{"type":"Feature","geometry":{"type":"Point","coordinates":[29.528010281570975,41.15503076913126]},"properties":{"id":9399640,"level":"neighborhood"}},{"type":"Feature","geometry":{"type":"Point","coordinates":[29.4899227293817,41.16485072656823]},"properties":{"id":9399739,"level":"neighborhood"}},{"type":"Feature","geometry":{"type":"Point","coordinates":[29.452593957105194,41.1630270190397]},"properties":{"id":9399740,"level":"neighborhood"}},{"type":"Feature","geometry":{"type":"Point","coordinates":[29.421408803321267,41.169663098386316]},"properties":{"id":9399760,"level":"neighborhood"}},{"type":"Feature","geometry":{"type":"Point","coordinates":[29.39918679366327,41.12183731053689]},"properties":{"id":9399761,"level":"neighborhood"}},{"type":"Feature","geometry":{"type":"Point","coordinates":[29.48150147110636,41.11315893781021]},"properties":{"id":9399808,"level":"neighborhood"}},{"type":"Feature","geometry":{"type":"Point","coordinates":[29.485080370931627,41.07641169056417]},"properties":{"id":9399866,"level":"neighborhood"}},{"type":"Feature","geometry":{"type":"Point","coordinates":[29.451275119821826,41.029354061064566]},"properties":{"id":9399878,"level":"neighborhood"}},{"type":"Feature","geometry":{"type":"Point","coordinates":[29.39715632981956,41.05317508058007]},"properties":{"id":9399909,"level":"neighborhood"}},{"type":"Feature","geometry":{"type":"Point","coordinates":[29.426267999280714,41.08442104308489]},"properties":{"id":9399910,"level":"neighborhood"}},{"type":"Feature","geometry":{"type":"Point","coordinates":[29.44480828197439,41.11390010828315]},"properties":{"id":9399929,"level":"neighborhood"}},{"type":"Feature","geometry":{"type":"Point","coordinates":[29.402469619473177,41.18933229975181]},"properties":{"id":9400038,"level":"neighborhood"}},{"type":"Feature","geometry":{"type":"Point","coordinates":[28.88213197089535,41.045247053905555]},"properties":{"id":9421907,"level":"neighborhood"}},{"type":"Feature","geometry":{"type":"Point","coordinates":[28.886298079593836,41.0353867553876]},"properties":{"id":9421908,"level":"neighborhood"}},{"type":"Feature","geometry":{"type":"Point","coordinates":[28.878790223209727,41.035571126960136]},"properties":{"id":9422004,"level":"neighborhood"}},{"type":"Feature","geometry":{"type":"Point","coordinates":[28.876862336659876,41.041839936245104]},"properties":{"id":9422033,"level":"neighborhood"}},{"type":"Feature","geometry":{"type":"Point","coordinates":[28.866396640478218,41.042132844435784]},"properties":{"id":9422081,"level":"neighborhood"}},{"type":"Feature","geometry":{"type":"Point","coordinates":[28.872314748227815,41.04457730017789]},"properties":{"id":9422082,"level":"neighborhood"}},{"type":"Feature","geometry":{"type":"Point","coordinates":[28.86252564704898,41.04990200874798]},"properties":{"id":9422209,"level":"neighborhood"}},{"type":"Feature","geometry":{"type":"Point","coordinates":[28.881386123048358,41.05291640517345]},"properties":{"id":9423100,"level":"neighborhood"}},{"type":"Feature","geometry":{"type":"Point","coordinates":[28.871132897519146,41.05103348232268]},"properties":{"id":9423101,"level":"neighborhood"}},{"type":"Feature","geometry":{"type":"Point","coordinates":[28.869603048906708,41.05742299238376]},"properties":{"id":9423103,"level":"neighborhood"}},{"type":"Feature","geometry":{"type":"Point","coordinates":[28.86318726819404,41.06054204492425]},"properties":{"id":9423121,"level":"neighborhood"}},{"type":"Feature","geometry":{"type":"Point","coordinates":[28.8545489486424,41.08328044859186]},"properties":{"id":9423122,"level":"neighborhood"}},{"type":"Feature","geometry":{"type":"Point","coordinates":[28.859497876742328,41.02219893441007]},"properties":{"id":9423794,"level":"neighborhood"}},{"type":"Feature","geometry":{"type":"Point","coordinates":[28.866308950513456,41.03199482126602]},"properties":{"id":9423795,"level":"neighborhood"}},{"type":"Feature","geometry":{"type":"Point","coordinates":[28.85381941023794,41.024478750915634]},"properties":{"id":9423797,"level":"neighborhood"}},{"type":"Feature","geometry":{"type":"Point","coordinates":[28.851737974405953,41.06465824850024]},"properties":{"id":9424008,"level":"neighborhood"}},{"type":"Feature","geometry":{"type":"Point","coordinates":[28.82062578375826,41.05817296909336]},"properties":{"id":9424009,"level":"neighborhood"}},{"type":"Feature","geometry":{"type":"Point","coordinates":[28.837068215306626,41.05955079684156]},"properties":{"id":9424010,"level":"neighborhood"}},{"type":"Feature","geometry":{"type":"Point","coordinates":[28.844678652246106,41.05284158415964]},"properties":{"id":9424011,"level":"neighborhood"}},{"type":"Feature","geometry":{"type":"Point","coordinates":[28.836078547324956,41.050530116511126]},"properties":{"id":9424012,"level":"neighborhood"}},{"type":"Feature","geometry":{"type":"Point","coordinates":[28.851236287246003,41.0513944468167]},"properties":{"id":9424080,"level":"neighborhood"}},{"type":"Feature","geometry":{"type":"Point","coordinates":[28.856393874008816,41.04496993069168]},"properties":{"id":9424081,"level":"neighborhood"}},{"type":"Feature","geometry":{"type":"Point","coordinates":[28.81713625336492,41.038405600449906]},"properties":{"id":9424082,"level":"neighborhood"}},{"type":"Feature","geometry":{"type":"Point","coordinates":[28.837436691545175,41.04209163071093]},"properties":{"id":9424874,"level":"neighborhood"}},{"type":"Feature","geometry":{"type":"Point","coordinates":[28.849254829106105,41.03702364316726]},"properties":{"id":9424883,"level":"neighborhood"}},{"type":"Feature","geometry":{"type":"Point","coordinates":[28.840458823900168,41.03476854770015]},"properties":{"id":9424884,"level":"neighborhood"}},{"type":"Feature","geometry":{"type":"Point","coordinates":[28.851290417659865,41.03038226206961]},"properties":{"id":9424885,"level":"neighborhood"}},{"type":"Feature","geometry":{"type":"Point","coordinates":[28.843981557664126,41.02783829015368]},"properties":{"id":9424886,"level":"neighborhood"}},{"type":"Feature","geometry":{"type":"Point","coordinates":[28.85550057460569,41.03840350613193]},"properties":{"id":9424887,"level":"neighborhood"}},{"type":"Feature","geometry":{"type":"Point","coordinates":[28.86326386062921,41.036673479006964]},"properties":{"id":9424888,"level":"neighborhood"}},{"type":"Feature","geometry":{"type":"Point","coordinates":[28.838691885061003,41.026390256088774]},"properties":{"id":9424901,"level":"neighborhood"}},{"type":"Feature","geometry":{"type":"Point","coordinates":[28.832629481261026,41.026225468079765]},"properties":{"id":9424902,"level":"neighborhood"}},{"type":"Feature","geometry":{"type":"Point","coordinates":[29.03149315117692,40.98883736220178]},"properties":{"id":9426227,"level":"neighborhood"}},{"type":"Feature","geometry":{"type":"Point","coordinates":[29.345505844757525,40.95469389798762]},"properties":{"id":9432145,"level":"neighborhood"}},{"type":"Feature","geometry":{"type":"Point","coordinates":[29.32525239511952,40.93111955841941]},"properties":{"id":9432146,"level":"neighborhood"}},{"type":"Feature","geometry":{"type":"Point","coordinates":[29.29804817956785,40.91355630578754]},"properties":{"id":9432147,"level":"neighborhood"}},{"type":"Feature","geometry":{"type":"Point","coordinates":[29.374186028056226,41.0100255554986]},"properties":{"id":9432148,"level":"neighborhood"}},{"type":"Feature","geometry":{"type":"Point","coordinates":[29.335622072524945,40.989690134693674]},"properties":{"id":9432149,"level":"neighborhood"}},{"type":"Feature","geometry":{"type":"Point","coordinates":[29.414508938944625,40.994761622649065]},"properties":{"id":9432150,"level":"neighborhood"}},{"type":"Feature","geometry":{"type":"Point","coordinates":[28.85473898067064,41.01088901620601]},"properties":{"id":9437877,"level":"neighborhood"}},{"type":"Feature","geometry":{"type":"Point","coordinates":[28.8526032050949,41.01769053569871]},"properties":{"id":9437947,"level":"neighborhood"}},{"type":"Feature","geometry":{"type":"Point","coordinates":[28.843686117385936,41.016176325906216]},"properties":{"id":9437957,"level":"neighborhood"}},{"type":"Feature","geometry":{"type":"Point","coordinates":[28.847041432496038,40.99813062917054]},"properties":{"id":9437990,"level":"neighborhood"}},{"type":"Feature","geometry":{"type":"Point","coordinates":[28.840521394339763,40.99964348079919]},"properties":{"id":9437991,"level":"neighborhood"}},{"type":"Feature","geometry":{"type":"Point","coordinates":[28.835910319115218,41.005079768769676]},"properties":{"id":9437992,"level":"neighborhood"}},{"type":"Feature","geometry":{"type":"Point","coordinates":[28.816647682619,41.014529137343416]},"properties":{"id":9437993,"level":"neighborhood"}},{"type":"Feature","geometry":{"type":"Point","coordinates":[28.82641297548523,41.00157481936478]},"properties":{"id":9437994,"level":"neighborhood"}},{"type":"Feature","geometry":{"type":"Point","coordinates":[28.832561322762494,40.99905669388408]},"properties":{"id":9437995,"level":"neighborhood"}},{"type":"Feature","geometry":{"type":"Point","coordinates":[28.886179216850145,40.99467208954502]},"properties":{"id":9439702,"level":"neighborhood"}},{"type":"Feature","geometry":{"type":"Point","coordinates":[28.876757833945877,40.986487161279356]},"properties":{"id":9439829,"level":"neighborhood"}},{"type":"Feature","geometry":{"type":"Point","coordinates":[28.86488703544831,40.98984389003658]},"properties":{"id":9439830,"level":"neighborhood"}},{"type":"Feature","geometry":{"type":"Point","coordinates":[28.88180488739245,40.980355875306344]},"properties":{"id":9439859,"level":"neighborhood"}},{"type":"Feature","geometry":{"type":"Point","coordinates":[28.87623699971425,40.97769350481215]},"properties":{"id":9439860,"level":"neighborhood"}},{"type":"Feature","geometry":{"type":"Point","coordinates":[28.88404898178709,40.97830647140965]},"properties":{"id":9439861,"level":"neighborhood"}},{"type":"Feature","geometry":{"type":"Point","coordinates":[28.873552584226573,40.97673273352282]},"properties":{"id":9439884,"level":"neighborhood"}},{"type":"Feature","geometry":{"type":"Point","coordinates":[29.024900868696932,40.984353627019686]},"properties":{"id":9441032,"level":"neighborhood"}},{"type":"Feature","geometry":{"type":"Point","coordinates":[29.037431351540768,41.00925627528508]},"properties":{"id":9441078,"level":"neighborhood"}},{"type":"Feature","geometry":{"type":"Point","coordinates":[29.131142351595958,40.97037344727346]},"properties":{"id":9441153,"level":"neighborhood"}},{"type":"Feature","geometry":{"type":"Point","coordinates":[29.017406467855096,41.00672383670869]},"properties":{"id":9441289,"level":"neighborhood"}},{"type":"Feature","geometry":{"type":"Point","coordinates":[28.991002134505912,41.07213907608945]},"properties":{"id":9441320,"level":"neighborhood"}},{"type":"Feature","geometry":{"type":"Point","coordinates":[29.04732082312337,40.998689064020866]},"properties":{"id":9441339,"level":"neighborhood"}},{"type":"Feature","geometry":{"type":"Point","coordinates":[29.038488809698958,41.001959297675796]},"properties":{"id":9443987,"level":"neighborhood"}},{"type":"Feature","geometry":{"type":"Point","coordinates":[29.038379859621685,40.986709027583174]},"properties":{"id":9444034,"level":"neighborhood"}},{"type":"Feature","geometry":{"type":"Point","coordinates":[29.049267474552657,40.988811453296044]},"properties":{"id":9444099,"level":"neighborhood"}},{"type":"Feature","geometry":{"type":"Point","coordinates":[29.051953300950032,40.9945035534585]},"properties":{"id":9444116,"level":"neighborhood"}},{"type":"Feature","geometry":{"type":"Point","coordinates":[29.049054098526742,40.981577821761775]},"properties":{"id":9444828,"level":"neighborhood"}},{"type":"Feature","geometry":{"type":"Point","coordinates":[29.043236206850313,40.97324406590519]},"properties":{"id":9444841,"level":"neighborhood"}},{"type":"Feature","geometry":{"type":"Point","coordinates":[29.060162218255922,40.99356711254547]},"properties":{"id":9444876,"level":"neighborhood"}},{"type":"Feature","geometry":{"type":"Point","coordinates":[29.06249311189191,40.977885885398216]},"properties":{"id":9444892,"level":"neighborhood"}},{"type":"Feature","geometry":{"type":"Point","coordinates":[29.06950750934274,40.98773939019206]},"properties":{"id":9444902,"level":"neighborhood"}},{"type":"Feature","geometry":{"type":"Point","coordinates":[29.062758806734482,40.96725486270128]},"properties":{"id":9444910,"level":"neighborhood"}},{"type":"Feature","geometry":{"type":"Point","coordinates":[29.082185127684614,40.98337591821809]},"properties":{"id":9444927,"level":"neighborhood"}},{"type":"Feature","geometry":{"type":"Point","coordinates":[29.08880605196378,40.97503760229607]},"properties":{"id":9444949,"level":"neighborhood"}},{"type":"Feature","geometry":{"type":"Point","coordinates":[29.075773407802366,40.972208582918554]},"properties":{"id":9444950,"level":"neighborhood"}},{"type":"Feature","geometry":{"type":"Point","coordinates":[29.106123196957714,40.94661465847376]},"properties":{"id":9445120,"level":"neighborhood"}},{"type":"Feature","geometry":{"type":"Point","coordinates":[29.125598222139306,40.95078936261879]},"properties":{"id":9445147,"level":"neighborhood"}},{"type":"Feature","geometry":{"type":"Point","coordinates":[29.148990708540836,40.95978504515247]},"properties":{"id":9445177,"level":"neighborhood"}},{"type":"Feature","geometry":{"type":"Point","coordinates":[29.194504363711424,40.947492949730865]},"properties":{"id":9445218,"level":"neighborhood"}},{"type":"Feature","geometry":{"type":"Point","coordinates":[29.114554708486132,40.94425552088294]},"properties":{"id":9445274,"level":"neighborhood"}},{"type":"Feature","geometry":{"type":"Point","coordinates":[29.119078039506906,40.939485864827475]},"properties":{"id":9445299,"level":"neighborhood"}},{"type":"Feature","geometry":{"type":"Point","coordinates":[29.135581316311068,40.91538722555465]},"properties":{"id":9445317,"level":"neighborhood"}},{"type":"Feature","geometry":{"type":"Point","coordinates":[29.124677624965173,40.93052950097591]},"properties":{"id":9445332,"level":"neighborhood"}},{"type":"Feature","geometry":{"type":"Point","coordinates":[29.131467277385223,40.93543758041005]},"properties":{"id":9445347,"level":"neighborhood"}},{"type":"Feature","geometry":{"type":"Point","coordinates":[29.13840481438337,40.94127279053931]},"properties":{"id":9445356,"level":"neighborhood"}},{"type":"Feature","geometry":{"type":"Point","coordinates":[29.149049077537647,40.93800829602107]},"properties":{"id":9445445,"level":"neighborhood"}},{"type":"Feature","geometry":{"type":"Point","coordinates":[29.140195583586873,40.92739779306687]},"properties":{"id":9445460,"level":"neighborhood"}},{"type":"Feature","geometry":{"type":"Point","coordinates":[29.162670536520274,40.93827325090852]},"properties":{"id":9445486,"level":"neighborhood"}},{"type":"Feature","geometry":{"type":"Point","coordinates":[29.1532852041336,40.91846120689942]},"properties":{"id":9445507,"level":"neighborhood"}},{"type":"Feature","geometry":{"type":"Point","coordinates":[29.16597831123132,40.925110463612796]},"properties":{"id":9445548,"level":"neighborhood"}},{"type":"Feature","geometry":{"type":"Point","coordinates":[29.15864973247817,40.92998764602007]},"properties":{"id":9445549,"level":"neighborhood"}},{"type":"Feature","geometry":{"type":"Point","coordinates":[28.650864506388803,40.99830999324786]},"properties":{"id":9445707,"level":"neighborhood"}},{"type":"Feature","geometry":{"type":"Point","coordinates":[28.64709538358718,40.96639276330352]},"properties":{"id":9445744,"level":"neighborhood"}},{"type":"Feature","geometry":{"type":"Point","coordinates":[28.638908001394483,40.97901926449401]},"properties":{"id":9445745,"level":"neighborhood"}},{"type":"Feature","geometry":{"type":"Point","coordinates":[28.69598323702012,41.11264529989752]},"properties":{"id":9446484,"level":"neighborhood"}},{"type":"Feature","geometry":{"type":"Point","coordinates":[28.73109795096138,40.975675041573645]},"properties":{"id":9447736,"level":"neighborhood"}},{"type":"Feature","geometry":{"type":"Point","coordinates":[28.869413847289305,40.97331007826021]},"properties":{"id":9449359,"level":"neighborhood"}},{"type":"Feature","geometry":{"type":"Point","coordinates":[28.86032947071067,40.98294308926628]},"properties":{"id":9449571,"level":"neighborhood"}},{"type":"Feature","geometry":{"type":"Point","coordinates":[28.854342486137476,40.97811708796736]},"properties":{"id":9449572,"level":"neighborhood"}},{"type":"Feature","geometry":{"type":"Point","coordinates":[28.845173075580135,40.986002185657355]},"properties":{"id":9449682,"level":"neighborhood"}},{"type":"Feature","geometry":{"type":"Point","coordinates":[28.820374424578198,40.97685701998813]},"properties":{"id":9449714,"level":"neighborhood"}},{"type":"Feature","geometry":{"type":"Point","coordinates":[28.839910022032818,40.96876595942518]},"properties":{"id":9449760,"level":"neighborhood"}},{"type":"Feature","geometry":{"type":"Point","coordinates":[28.797639611988934,40.973834905101]},"properties":{"id":9451432,"level":"neighborhood"}},{"type":"Feature","geometry":{"type":"Point","coordinates":[28.740619515817034,40.98055911865081]},"properties":{"id":9453999,"level":"neighborhood"}},{"type":"Feature","geometry":{"type":"Point","coordinates":[28.69667178221931,41.04942917617801]},"properties":{"id":9454000,"level":"neighborhood"}},{"type":"Feature","geometry":{"type":"Point","coordinates":[28.723505622338628,40.992166470858834]},"properties":{"id":9454013,"level":"neighborhood"}},{"type":"Feature","geometry":{"type":"Point","coordinates":[28.704148434637446,41.00153942984682]},"properties":{"id":9454014,"level":"neighborhood"}},{"type":"Feature","geometry":{"type":"Point","coordinates":[28.72171758165043,40.98162164401505]},"properties":{"id":9454020,"level":"neighborhood"}},{"type":"Feature","geometry":{"type":"Point","coordinates":[28.700879236888348,40.99090308185453]},"properties":{"id":9454022,"level":"neighborhood"}},{"type":"Feature","geometry":{"type":"Point","coordinates":[28.497733760130114,41.08079588921656]},"properties":{"id":9460089,"level":"neighborhood"}},{"type":"Feature","geometry":{"type":"Point","coordinates":[28.412424137747095,41.061628800314296]},"properties":{"id":9460103,"level":"neighborhood"}},{"type":"Feature","geometry":{"type":"Point","coordinates":[28.44668991555466,41.056404030414896]},"properties":{"id":9460117,"level":"neighborhood"}},{"type":"Feature","geometry":{"type":"Point","coordinates":[28.464189722794625,41.03625781224274]},"properties":{"id":9460130,"level":"neighborhood"}},{"type":"Feature","geometry":{"type":"Point","coordinates":[28.47496865840359,41.02593103071165]},"properties":{"id":9460292,"level":"neighborhood"}},{"type":"Feature","geometry":{"type":"Point","coordinates":[28.493000450191253,41.02883298387127]},"properties":{"id":9460298,"level":"neighborhood"}},{"type":"Feature","geometry":{"type":"Point","coordinates":[28.511831151649638,41.04288796861145]},"properties":{"id":9460313,"level":"neighborhood"}},{"type":"Feature","geometry":{"type":"Point","coordinates":[28.51537875320107,41.01005616985893]},"properties":{"id":9460363,"level":"neighborhood"}},{"type":"Feature","geometry":{"type":"Point","coordinates":[28.557540661769167,41.017168301964375]},"properties":{"id":9460377,"level":"neighborhood"}},{"type":"Feature","geometry":{"type":"Point","coordinates":[28.535288719484164,41.0174179862622]},"properties":{"id":9460378,"level":"neighborhood"}},{"type":"Feature","geometry":{"type":"Point","coordinates":[29.05001554485132,40.90841866146039]},"properties":{"id":9460393,"level":"neighborhood"}},{"type":"Feature","geometry":{"type":"Point","coordinates":[29.06216051849089,40.87990196802738]},"properties":{"id":9460394,"level":"neighborhood"}},{"type":"Feature","geometry":{"type":"Point","coordinates":[29.094604965640627,40.87588950811075]},"properties":{"id":9460395,"level":"neighborhood"}},{"type":"Feature","geometry":{"type":"Point","coordinates":[29.120709844168232,40.866578463576204]},"properties":{"id":9460396,"level":"neighborhood"}},{"type":"Feature","geometry":{"type":"Point","coordinates":[29.123479302256886,40.858391000718996]},"properties":{"id":9460397,"level":"neighborhood"}},{"type":"Feature","geometry":{"type":"Point","coordinates":[28.824492216762245,41.10218675043175]},"properties":{"id":9461411,"level":"neighborhood"}},{"type":"Feature","geometry":{"type":"Point","coordinates":[28.7702496975394,41.077987150371655]},"properties":{"id":9461512,"level":"neighborhood"}},{"type":"Feature","geometry":{"type":"Point","coordinates":[28.78363053777957,41.1051242466704]},"properties":{"id":9461575,"level":"neighborhood"}},{"type":"Feature","geometry":{"type":"Point","coordinates":[28.750050223442148,41.09357632015981]},"properties":{"id":9461576,"level":"neighborhood"}},{"type":"Feature","geometry":{"type":"Point","coordinates":[28.802687488903015,41.07684163135648]},"properties":{"id":9461611,"level":"neighborhood"}},{"type":"Feature","geometry":{"type":"Point","coordinates":[29.16884554272344,41.008087509178324]},"properties":{"id":9462467,"level":"neighborhood"}},{"type":"Feature","geometry":{"type":"Point","coordinates":[29.183270408669326,41.011492829729]},"properties":{"id":9462497,"level":"neighborhood"}},{"type":"Feature","geometry":{"type":"Point","coordinates":[29.187222696455756,41.004159397315696]},"properties":{"id":9462498,"level":"neighborhood"}},{"type":"Feature","geometry":{"type":"Point","coordinates":[29.17411672616544,41.018262686318536]},"properties":{"id":9462526,"level":"neighborhood"}},{"type":"Feature","geometry":{"type":"Point","coordinates":[29.16415331157134,41.02042488404327]},"properties":{"id":9462528,"level":"neighborhood"}},{"type":"Feature","geometry":{"type":"Point","coordinates":[29.161605016319932,41.028874729145784]},"properties":{"id":9462535,"level":"neighborhood"}},{"type":"Feature","geometry":{"type":"Point","coordinates":[29.15442414097827,41.02052849447404]},"properties":{"id":9462548,"level":"neighborhood"}},{"type":"Feature","geometry":{"type":"Point","coordinates":[29.153659253362942,41.031000780321655]},"properties":{"id":9462585,"level":"neighborhood"}},{"type":"Feature","geometry":{"type":"Point","coordinates":[29.09787820422451,41.05767129868799]},"properties":{"id":9462597,"level":"neighborhood"}},{"type":"Feature","geometry":{"type":"Point","coordinates":[29.10362863693111,41.04980090706639]},"properties":{"id":9462625,"level":"neighborhood"}},{"type":"Feature","geometry":{"type":"Point","coordinates":[29.10442440573363,41.04127426466009]},"properties":{"id":9462638,"level":"neighborhood"}},{"type":"Feature","geometry":{"type":"Point","coordinates":[29.1121913104982,41.036030003209774]},"properties":{"id":9462650,"level":"neighborhood"}},{"type":"Feature","geometry":{"type":"Point","coordinates":[29.093057708427427,41.048707351318626]},"properties":{"id":9462671,"level":"neighborhood"}},{"type":"Feature","geometry":{"type":"Point","coordinates":[29.09674008235745,41.037376614614644]},"properties":{"id":9462686,"level":"neighborhood"}},{"type":"Feature","geometry":{"type":"Point","coordinates":[29.09006482438729,41.03371923870818]},"properties":{"id":9462693,"level":"neighborhood"}},{"type":"Feature","geometry":{"type":"Point","coordinates":[29.09223471277425,41.02753136783295]},"properties":{"id":9462770,"level":"neighborhood"}},{"type":"Feature","geometry":{"type":"Point","coordinates":[29.114167845816006,41.02663788799872]},"properties":{"id":9462798,"level":"neighborhood"}},{"type":"Feature","geometry":{"type":"Point","coordinates":[29.090669532642867,41.02065469956554]},"properties":{"id":9462821,"level":"neighborhood"}},{"type":"Feature","geometry":{"type":"Point","coordinates":[29.129721886899507,41.038212368673754]},"properties":{"id":9462835,"level":"neighborhood"}},{"type":"Feature","geometry":{"type":"Point","coordinates":[29.092157650704156,41.01300972152265]},"properties":{"id":9462845,"level":"neighborhood"}},{"type":"Feature","geometry":{"type":"Point","coordinates":[29.10053381835159,41.02031025089267]},"properties":{"id":9462868,"level":"neighborhood"}},{"type":"Feature","geometry":{"type":"Point","coordinates":[29.10719432433583,41.01728789911505]},"properties":{"id":9462888,"level":"neighborhood"}},{"type":"Feature","geometry":{"type":"Point","coordinates":[29.109899376663382,41.00231257835628]},"properties":{"id":9462890,"level":"neighborhood"}},{"type":"Feature","geometry":{"type":"Point","coordinates":[29.11463227240535,41.015386760745606]},"properties":{"id":9462897,"level":"neighborhood"}},{"type":"Feature","geometry":{"type":"Point","coordinates":[29.11606811309809,41.00865573746688]},"properties":{"id":9462905,"level":"neighborhood"}},{"type":"Feature","geometry":{"type":"Point","coordinates":[29.124052618432415,41.00316861633165]},"properties":{"id":9462915,"level":"neighborhood"}},{"type":"Feature","geometry":{"type":"Point","coordinates":[29.133562994337865,41.00167277216185]},"properties":{"id":9462938,"level":"neighborhood"}},{"type":"Feature","geometry":{"type":"Point","coordinates":[29.125908765407644,41.014655946249846]},"properties":{"id":9462941,"level":"neighborhood"}},{"type":"Feature","geometry":{"type":"Point","coordinates":[29.132673840232766,41.01629296394251]},"properties":{"id":9462967,"level":"neighborhood"}},{"type":"Feature","geometry":{"type":"Point","coordinates":[29.13571658257836,41.02485239858511]},"properties":{"id":9462968,"level":"neighborhood"}},{"type":"Feature","geometry":{"type":"Point","coordinates":[29.13773313683264,41.00750741904415]},"properties":{"id":9462977,"level":"neighborhood"}},{"type":"Feature","geometry":{"type":"Point","coordinates":[29.143581833960162,41.01198730800974]},"properties":{"id":9462981,"level":"neighborhood"}},{"type":"Feature","geometry":{"type":"Point","coordinates":[29.14592311067135,41.02296220987933]},"properties":{"id":9462984,"level":"neighborhood"}},{"type":"Feature","geometry":{"type":"Point","coordinates":[29.012867300502176,41.01564580428861]},"properties":{"id":9463224,"level":"neighborhood"}},{"type":"Feature","geometry":{"type":"Point","coordinates":[29.012703686018202,41.02203279597046]},"properties":{"id":9463235,"level":"neighborhood"}},{"type":"Feature","geometry":{"type":"Point","coordinates":[29.01637401213498,41.018520901981134]},"properties":{"id":9463238,"level":"neighborhood"}},{"type":"Feature","geometry":{"type":"Point","coordinates":[29.01999973254419,41.022858549930305]},"properties":{"id":9463242,"level":"neighborhood"}},{"type":"Feature","geometry":{"type":"Point","coordinates":[29.021245974067362,41.02883007127958]},"properties":{"id":9463258,"level":"neighborhood"}},{"type":"Feature","geometry":{"type":"Point","coordinates":[29.021300012667183,41.015220348168555]},"properties":{"id":9463276,"level":"neighborhood"}},{"type":"Feature","geometry":{"type":"Point","coordinates":[29.03140054551761,41.012528754565345]},"properties":{"id":9463280,"level":"neighborhood"}},{"type":"Feature","geometry":{"type":"Point","coordinates":[29.02779994065628,41.017731042801856]},"properties":{"id":9463281,"level":"neighborhood"}},{"type":"Feature","geometry":{"type":"Point","coordinates":[29.029606358681946,41.02197677188289]},"properties":{"id":9463285,"level":"neighborhood"}},{"type":"Feature","geometry":{"type":"Point","coordinates":[29.028871795615903,41.025747867035165]},"properties":{"id":9463286,"level":"neighborhood"}},{"type":"Feature","geometry":{"type":"Point","coordinates":[29.03679542389144,41.03465698473333]},"properties":{"id":9463313,"level":"neighborhood"}},{"type":"Feature","geometry":{"type":"Point","coordinates":[29.06107425725526,41.06890860819197]},"properties":{"id":9463324,"level":"neighborhood"}},{"type":"Feature","geometry":{"type":"Point","coordinates":[29.03435767709715,41.02855702319261]},"properties":{"id":9463333,"level":"neighborhood"}},{"type":"Feature","geometry":{"type":"Point","coordinates":[29.07093670662082,41.07813635229746]},"properties":{"id":9463334,"level":"neighborhood"}},{"type":"Feature","geometry":{"type":"Point","coordinates":[29.04474865222601,41.04068139061287]},"properties":{"id":9463364,"level":"neighborhood"}},{"type":"Feature","geometry":{"type":"Point","coordinates":[29.05702266486862,41.04986575930086]},"properties":{"id":9463376,"level":"neighborhood"}},{"type":"Feature","geometry":{"type":"Point","coordinates":[29.065324670429153,41.015109721842805]},"properties":{"id":9463385,"level":"neighborhood"}},{"type":"Feature","geometry":{"type":"Point","coordinates":[29.0525079116757,41.02827221973939]},"properties":{"id":9463387,"level":"neighborhood"}},{"type":"Feature","geometry":{"type":"Point","coordinates":[29.05888917832336,41.0592581432948]},"properties":{"id":9463388,"level":"neighborhood"}},{"type":"Feature","geometry":{"type":"Point","coordinates":[29.05437445984556,41.007233068391514]},"properties":{"id":9463391,"level":"neighborhood"}},{"type":"Feature","geometry":{"type":"Point","coordinates":[29.04337685926017,41.02172230644739]},"properties":{"id":9463396,"level":"neighborhood"}},{"type":"Feature","geometry":{"type":"Point","coordinates":[29.05599198941715,41.03587145950867]},"properties":{"id":9463397,"level":"neighborhood"}},{"type":"Feature","geometry":{"type":"Point","coordinates":[29.060842242644224,41.03939045061398]},"properties":{"id":9463407,"level":"neighborhood"}},{"type":"Feature","geometry":{"type":"Point","coordinates":[29.07242883517839,41.03298234270616]},"properties":{"id":9463410,"level":"neighborhood"}},{"type":"Feature","geometry":{"type":"Point","coordinates":[29.07345595506317,41.04197682177808]},"properties":{"id":9463414,"level":"neighborhood"}},{"type":"Feature","geometry":{"type":"Point","coordinates":[29.071789398154618,41.06484712214497]},"properties":{"id":9463416,"level":"neighborhood"}},{"type":"Feature","geometry":{"type":"Point","coordinates":[29.070501458398073,41.04966329745653]},"properties":{"id":9463417,"level":"neighborhood"}},{"type":"Feature","geometry":{"type":"Point","coordinates":[29.079781461893678,41.05410330114624]},"properties":{"id":9463420,"level":"neighborhood"}},{"type":"Feature","geometry":{"type":"Point","coordinates":[29.086675057004665,41.04090632022654]},"properties":{"id":9463421,"level":"neighborhood"}},{"type":"Feature","geometry":{"type":"Point","coordinates":[29.185532788823913,41.018536129829805]},"properties":{"id":9463491,"level":"neighborhood"}},{"type":"Feature","geometry":{"type":"Point","coordinates":[29.19530271570085,41.01705245407569]},"properties":{"id":9463508,"level":"neighborhood"}},{"type":"Feature","geometry":{"type":"Point","coordinates":[29.189043217775517,41.02598572057482]},"properties":{"id":9463512,"level":"neighborhood"}},{"type":"Feature","geometry":{"type":"Point","coordinates":[28.538374291904017,40.993335780739635]},"properties":{"id":9463567,"level":"neighborhood"}},{"type":"Feature","geometry":{"type":"Point","coordinates":[28.537266476597,41.003321776886835]},"properties":{"id":9463576,"level":"neighborhood"}},{"type":"Feature","geometry":{"type":"Point","coordinates":[28.544415100111554,41.008706674679686]},"properties":{"id":9463578,"level":"neighborhood"}},{"type":"Feature","geometry":{"type":"Point","coordinates":[28.553538250614995,41.042500834338966]},"properties":{"id":9463584,"level":"neighborhood"}},{"type":"Feature","geometry":{"type":"Point","coordinates":[28.535123667706817,41.0481211908372]},"properties":{"id":9463590,"level":"neighborhood"}},{"type":"Feature","geometry":{"type":"Point","coordinates":[28.586112829733494,41.09713925350117]},"properties":{"id":9463608,"level":"neighborhood"}},{"type":"Feature","geometry":{"type":"Point","coordinates":[28.607699978367233,41.071585728613]},"properties":{"id":9463624,"level":"neighborhood"}},{"type":"Feature","geometry":{"type":"Point","coordinates":[28.616990257521124,41.05173663572781]},"properties":{"id":9463636,"level":"neighborhood"}},{"type":"Feature","geometry":{"type":"Point","coordinates":[28.598443403708398,41.03479042356925]},"properties":{"id":9463650,"level":"neighborhood"}},{"type":"Feature","geometry":{"type":"Point","coordinates":[28.577249960608995,41.02216973899647]},"properties":{"id":9464083,"level":"neighborhood"}},{"type":"Feature","geometry":{"type":"Point","coordinates":[28.610546882855548,41.00206297411295]},"properties":{"id":9464095,"level":"neighborhood"}},{"type":"Feature","geometry":{"type":"Point","coordinates":[28.59286814253845,41.021254306260985]},"properties":{"id":9464113,"level":"neighborhood"}},{"type":"Feature","geometry":{"type":"Point","coordinates":[28.62001546953588,41.022027359737194]},"properties":{"id":9464129,"level":"neighborhood"}},{"type":"Feature","geometry":{"type":"Point","coordinates":[28.60248855467088,41.01283325985466]},"properties":{"id":9464130,"level":"neighborhood"}},{"type":"Feature","geometry":{"type":"Point","coordinates":[29.178927554183964,41.03069780623203]},"properties":{"id":9464444,"level":"neighborhood"}},{"type":"Feature","geometry":{"type":"Point","coordinates":[29.215886260196847,40.96251784139139]},"properties":{"id":9466595,"level":"neighborhood"}},{"type":"Feature","geometry":{"type":"Point","coordinates":[28.555072476569105,41.1250066143424]},"properties":{"id":9467293,"level":"neighborhood"}},{"type":"Feature","geometry":{"type":"Point","coordinates":[28.560541283760035,41.184752032415915]},"properties":{"id":9471951,"level":"neighborhood"}},{"type":"Feature","geometry":{"type":"Point","coordinates":[28.67373359870155,41.06068308880598]},"properties":{"id":9472571,"level":"neighborhood"}},{"type":"Feature","geometry":{"type":"Point","coordinates":[28.68327914419491,41.05881917500145]},"properties":{"id":9472572,"level":"neighborhood"}},{"type":"Feature","geometry":{"type":"Point","coordinates":[28.679561893495794,41.049941281564514]},"properties":{"id":9472573,"level":"neighborhood"}},{"type":"Feature","geometry":{"type":"Point","coordinates":[28.950494527743782,41.24223650528689]},"properties":{"id":9475337,"level":"neighborhood"}},{"type":"Feature","geometry":{"type":"Point","coordinates":[28.982562144272116,41.23670090704234]},"properties":{"id":9475338,"level":"neighborhood"}},{"type":"Feature","geometry":{"type":"Point","coordinates":[28.751536719033645,41.06688386957754]},"properties":{"id":9475439,"level":"neighborhood"}},{"type":"Feature","geometry":{"type":"Point","coordinates":[28.77275582126305,41.126398816153774]},"properties":{"id":9475447,"level":"neighborhood"}},{"type":"Feature","geometry":{"type":"Point","coordinates":[28.72351452304382,41.092511206985286]},"properties":{"id":9475448,"level":"neighborhood"}},{"type":"Feature","geometry":{"type":"Point","coordinates":[28.663561810330034,41.08332543584085]},"properties":{"id":9475457,"level":"neighborhood"}},{"type":"Feature","geometry":{"type":"Point","coordinates":[28.681039694429483,41.09745512959711]},"properties":{"id":9475458,"level":"neighborhood"}},{"type":"Feature","geometry":{"type":"Point","coordinates":[29.308008804493962,41.13811164921015]},"properties":{"id":9479743,"level":"neighborhood"}},{"type":"Feature","geometry":{"type":"Point","coordinates":[29.313144981230245,41.16454891034575]},"properties":{"id":9479744,"level":"neighborhood"}},{"type":"Feature","geometry":{"type":"Point","coordinates":[29.280301773940103,41.16499770003785]},"properties":{"id":9479745,"level":"neighborhood"}},{"type":"Feature","geometry":{"type":"Point","coordinates":[29.19818252115002,41.10982659923913]},"properties":{"id":9479803,"level":"neighborhood"}},{"type":"Feature","geometry":{"type":"Point","coordinates":[29.254697144965743,41.128245825140525]},"properties":{"id":9479804,"level":"neighborhood"}},{"type":"Feature","geometry":{"type":"Point","coordinates":[29.249735861071937,41.151248261850846]},"properties":{"id":9479805,"level":"neighborhood"}},{"type":"Feature","geometry":{"type":"Point","coordinates":[29.284903163925023,41.19182901552047]},"properties":{"id":9479806,"level":"neighborhood"}},{"type":"Feature","geometry":{"type":"Point","coordinates":[29.235101354652212,41.17115009638855]},"properties":{"id":9479807,"level":"neighborhood"}},{"type":"Feature","geometry":{"type":"Point","coordinates":[29.250051995000725,41.211812010650505]},"properties":{"id":9479808,"level":"neighborhood"}},{"type":"Feature","geometry":{"type":"Point","coordinates":[29.207874054070103,41.191254884216164]},"properties":{"id":9479839,"level":"neighborhood"}},{"type":"Feature","geometry":{"type":"Point","coordinates":[29.148024791280786,41.11237908681383]},"properties":{"id":9479917,"level":"neighborhood"}},{"type":"Feature","geometry":{"type":"Point","coordinates":[29.195247380487835,41.153349128016146]},"properties":{"id":9479970,"level":"neighborhood"}},{"type":"Feature","geometry":{"type":"Point","coordinates":[29.23029575818521,40.96887382234725]},"properties":{"id":9480875,"level":"neighborhood"}},{"type":"Feature","geometry":{"type":"Point","coordinates":[29.19846599327891,40.998357653216]},"properties":{"id":9480877,"level":"neighborhood"}},{"type":"Feature","geometry":{"type":"Point","coordinates":[29.199216539324368,41.011072709543654]},"properties":{"id":9480879,"level":"neighborhood"}},{"type":"Feature","geometry":{"type":"Point","coordinates":[29.240285407025635,40.95962690010005]},"properties":{"id":9480886,"level":"neighborhood"}},{"type":"Feature","geometry":{"type":"Point","coordinates":[29.169412790016384,41.043224013310166]},"properties":{"id":9481740,"level":"neighborhood"}},{"type":"Feature","geometry":{"type":"Point","coordinates":[29.214438799326132,41.018669847993735]},"properties":{"id":9481748,"level":"neighborhood"}},{"type":"Feature","geometry":{"type":"Point","coordinates":[28.48508688681327,41.13494126412563]},"properties":{"id":9483017,"level":"neighborhood"}},{"type":"Feature","geometry":{"type":"Point","coordinates":[28.448472176768625,41.16077642472541]},"properties":{"id":9483212,"level":"neighborhood"}},{"type":"Feature","geometry":{"type":"Point","coordinates":[28.50426568819129,41.17404801767796]},"properties":{"id":9483660,"level":"neighborhood"}},{"type":"Feature","geometry":{"type":"Point","coordinates":[29.170679517455376,41.20086520603955]},"properties":{"id":9488959,"level":"neighborhood"}},{"type":"Feature","geometry":{"type":"Point","coordinates":[29.15506965475244,41.173805904634314]},"properties":{"id":9488961,"level":"neighborhood"}},{"type":"Feature","geometry":{"type":"Point","coordinates":[29.13283057234395,41.19028187951896]},"properties":{"id":9488997,"level":"neighborhood"}},{"type":"Feature","geometry":{"type":"Point","coordinates":[29.096097796805935,41.17492477081933]},"properties":{"id":9488998,"level":"neighborhood"}},{"type":"Feature","geometry":{"type":"Point","coordinates":[29.0976418343335,41.161225880005674]},"properties":{"id":9488999,"level":"neighborhood"}},{"type":"Feature","geometry":{"type":"Point","coordinates":[29.111075209847403,41.15404755732695]},"properties":{"id":9489001,"level":"neighborhood"}},{"type":"Feature","geometry":{"type":"Point","coordinates":[29.120130079028268,41.132447407227005]},"properties":{"id":9489100,"level":"neighborhood"}},{"type":"Feature","geometry":{"type":"Point","coordinates":[29.13895361947912,41.13210124738447]},"properties":{"id":9489133,"level":"neighborhood"}},{"type":"Feature","geometry":{"type":"Point","coordinates":[29.161777885148833,41.13354210985828]},"properties":{"id":9489219,"level":"neighborhood"}},{"type":"Feature","geometry":{"type":"Point","coordinates":[29.149767801347526,41.1406362137605]},"properties":{"id":9489220,"level":"neighborhood"}},{"type":"Feature","geometry":{"type":"Point","coordinates":[29.13912007578014,41.154219819693054]},"properties":{"id":9489253,"level":"neighborhood"}},{"type":"Feature","geometry":{"type":"Point","coordinates":[29.09139476452951,41.14629116374243]},"properties":{"id":9489323,"level":"neighborhood"}},{"type":"Feature","geometry":{"type":"Point","coordinates":[29.083130404926983,41.1484094586703]},"properties":{"id":9489348,"level":"neighborhood"}},{"type":"Feature","geometry":{"type":"Point","coordinates":[29.08159478343912,41.14087281607426]},"properties":{"id":9493908,"level":"neighborhood"}},{"type":"Feature","geometry":{"type":"Point","coordinates":[29.110654874854337,41.12617266685526]},"properties":{"id":9493939,"level":"neighborhood"}},{"type":"Feature","geometry":{"type":"Point","coordinates":[29.105856045324977,41.11866516111654]},"properties":{"id":9493940,"level":"neighborhood"}},{"type":"Feature","geometry":{"type":"Point","coordinates":[29.124967926594397,41.109702863182534]},"properties":{"id":9493958,"level":"neighborhood"}},{"type":"Feature","geometry":{"type":"Point","coordinates":[29.09367257004749,41.114183555888104]},"properties":{"id":9493991,"level":"neighborhood"}},{"type":"Feature","geometry":{"type":"Point","coordinates":[29.10962476459024,41.11113590287046]},"properties":{"id":9494014,"level":"neighborhood"}},{"type":"Feature","geometry":{"type":"Point","coordinates":[29.21005512244276,41.00394424987957]},"properties":{"id":9495280,"level":"neighborhood"}},{"type":"Feature","geometry":{"type":"Point","coordinates":[29.230655041433835,41.01878773677137]},"properties":{"id":9525823,"level":"neighborhood"}},{"type":"Feature","geometry":{"type":"Point","coordinates":[29.23593369787597,41.024040681897716]},"properties":{"id":9526165,"level":"neighborhood"}},{"type":"Feature","geometry":{"type":"Point","coordinates":[29.226283496581104,41.02243193086295]},"properties":{"id":9526221,"level":"neighborhood"}},{"type":"Feature","geometry":{"type":"Point","coordinates":[29.206617547695764,41.02374087609432]},"properties":{"id":9526222,"level":"neighborhood"}},{"type":"Feature","geometry":{"type":"Point","coordinates":[29.204174898617342,41.049555561080055]},"properties":{"id":9526253,"level":"neighborhood"}},{"type":"Feature","geometry":{"type":"Point","coordinates":[28.45545935742264,41.10787059228079]},"properties":{"id":9530301,"level":"neighborhood"}},{"type":"Feature","geometry":{"type":"Point","coordinates":[28.414613687306826,41.09827035721038]},"properties":{"id":9531481,"level":"neighborhood"}},{"type":"Feature","geometry":{"type":"Point","coordinates":[28.404463045083453,41.147524502261305]},"properties":{"id":9531489,"level":"neighborhood"}},{"type":"Feature","geometry":{"type":"Point","coordinates":[28.358390585113355,41.06744541884468]},"properties":{"id":9531780,"level":"neighborhood"}},{"type":"Feature","geometry":{"type":"Point","coordinates":[28.40097132172957,41.19393143465686]},"properties":{"id":9531802,"level":"neighborhood"}},{"type":"Feature","geometry":{"type":"Point","coordinates":[28.4357051704893,41.2060735102921]},"properties":{"id":9531810,"level":"neighborhood"}},{"type":"Feature","geometry":{"type":"Point","coordinates":[28.375669619199815,41.232863313114976]},"properties":{"id":9533391,"level":"neighborhood"}},{"type":"Feature","geometry":{"type":"Point","coordinates":[28.414378574957812,41.24794065434207]},"properties":{"id":9533419,"level":"neighborhood"}},{"type":"Feature","geometry":{"type":"Point","coordinates":[28.457140198598015,41.21944982839813]},"properties":{"id":9533502,"level":"neighborhood"}},{"type":"Feature","geometry":{"type":"Point","coordinates":[28.480277271619237,41.216155499636656]},"properties":{"id":9533706,"level":"neighborhood"}},{"type":"Feature","geometry":{"type":"Point","coordinates":[28.49943131356507,41.22202444889501]},"properties":{"id":9533733,"level":"neighborhood"}},{"type":"Feature","geometry":{"type":"Point","coordinates":[28.52395381663397,41.22688333207614]},"properties":{"id":9533881,"level":"neighborhood"}},{"type":"Feature","geometry":{"type":"Point","coordinates":[28.557490884103736,41.24361320829381]},"properties":{"id":9533888,"level":"neighborhood"}},{"type":"Feature","geometry":{"type":"Point","coordinates":[28.517146446924315,41.26009053718745]},"properties":{"id":9533923,"level":"neighborhood"}},{"type":"Feature","geometry":{"type":"Point","coordinates":[28.357120270921666,41.29741224600056]},"properties":{"id":9536586,"level":"neighborhood"}},{"type":"Feature","geometry":{"type":"Point","coordinates":[28.482910726507633,41.276643475813124]},"properties":{"id":9536741,"level":"neighborhood"}},{"type":"Feature","geometry":{"type":"Point","coordinates":[28.535551273010164,41.29446878433443]},"properties":{"id":9536790,"level":"neighborhood"}},{"type":"Feature","geometry":{"type":"Point","coordinates":[29.036803055542453,41.181375514531496]},"properties":{"id":9577224,"level":"neighborhood"}},{"type":"Feature","geometry":{"type":"Point","coordinates":[29.089240493384306,41.07803736660749]},"properties":{"id":9577538,"level":"neighborhood"}},{"type":"Feature","geometry":{"type":"Point","coordinates":[29.098500788964834,41.068319181535685]},"properties":{"id":9577570,"level":"neighborhood"}},{"type":"Feature","geometry":{"type":"Point","coordinates":[29.1453157167819,41.059589619808456]},"properties":{"id":9577603,"level":"neighborhood"}},{"type":"Feature","geometry":{"type":"Point","coordinates":[29.11860080104642,41.087470972231785]},"properties":{"id":9577627,"level":"neighborhood"}},{"type":"Feature","geometry":{"type":"Point","coordinates":[29.101510318397395,41.08984001169645]},"properties":{"id":9577636,"level":"neighborhood"}},{"type":"Feature","geometry":{"type":"Point","coordinates":[29.07064507524284,41.08643748238998]},"properties":{"id":9578449,"level":"neighborhood"}},{"type":"Feature","geometry":{"type":"Point","coordinates":[29.0714146384203,41.09795835840354]},"properties":{"id":9578450,"level":"neighborhood"}},{"type":"Feature","geometry":{"type":"Point","coordinates":[29.08797564704252,41.10148880531848]},"properties":{"id":9578464,"level":"neighborhood"}},{"type":"Feature","geometry":{"type":"Point","coordinates":[29.099185345765704,41.10985909074991]},"properties":{"id":9578496,"level":"neighborhood"}},{"type":"Feature","geometry":{"type":"Point","coordinates":[29.082172552455017,41.09110901932556]},"properties":{"id":9578568,"level":"neighborhood"}},{"type":"Feature","geometry":{"type":"Point","coordinates":[28.433589038369192,41.2883812319584]},"properties":{"id":9586433,"level":"neighborhood"}},{"type":"Feature","geometry":{"type":"Point","coordinates":[28.505363798764613,41.33151860449854]},"properties":{"id":9617957,"level":"neighborhood"}},{"type":"Feature","geometry":{"type":"Point","coordinates":[28.532984412916583,41.354388081467036]},"properties":{"id":9617980,"level":"neighborhood"}},{"type":"Feature","geometry":{"type":"Point","coordinates":[28.459832294745706,41.33153114330441]},"properties":{"id":9618065,"level":"neighborhood"}},{"type":"Feature","geometry":{"type":"Point","coordinates":[28.29949627579914,41.322327583062375]},"properties":{"id":9618269,"level":"neighborhood"}},{"type":"Feature","geometry":{"type":"Point","coordinates":[28.472743496726075,41.37197815699729]},"properties":{"id":9618275,"level":"neighborhood"}},{"type":"Feature","geometry":{"type":"Point","coordinates":[28.37066535967254,41.36000193428758]},"properties":{"id":9618395,"level":"neighborhood"}},{"type":"Feature","geometry":{"type":"Point","coordinates":[28.42241109835868,41.348353318745374]},"properties":{"id":9618406,"level":"neighborhood"}},{"type":"Feature","geometry":{"type":"Point","coordinates":[28.440145220352463,41.40767592661366]},"properties":{"id":9618646,"level":"neighborhood"}},{"type":"Feature","geometry":{"type":"Point","coordinates":[28.31585435492422,41.36492293060269]},"properties":{"id":9618736,"level":"neighborhood"}},{"type":"Feature","geometry":{"type":"Point","coordinates":[28.227380722216083,41.376065920106456]},"properties":{"id":9619158,"level":"neighborhood"}},{"type":"Feature","geometry":{"type":"Point","coordinates":[28.2209504577969,41.35347046447869]},"properties":{"id":9619159,"level":"neighborhood"}},{"type":"Feature","geometry":{"type":"Point","coordinates":[28.360827264058866,41.421923936254416]},"properties":{"id":9619392,"level":"neighborhood"}},{"type":"Feature","geometry":{"type":"Point","coordinates":[28.104036255477023,41.32371157950327]},"properties":{"id":9619871,"level":"neighborhood"}},{"type":"Feature","geometry":{"type":"Point","coordinates":[28.14980337699769,41.493761313257906]},"properties":{"id":9619872,"level":"neighborhood"}},{"type":"Feature","geometry":{"type":"Point","coordinates":[28.254942514570224,41.46825597546919]},"properties":{"id":9619873,"level":"neighborhood"}},{"type":"Feature","geometry":{"type":"Point","coordinates":[28.14595925242727,41.389583086286606]},"properties":{"id":9619874,"level":"neighborhood"}},{"type":"Feature","geometry":{"type":"Point","coordinates":[28.596727436429486,41.24241006338578]},"properties":{"id":9620132,"level":"neighborhood"}},{"type":"Feature","geometry":{"type":"Point","coordinates":[28.63629931616159,41.06940434898268]},"properties":{"id":9620409,"level":"neighborhood"}},{"type":"Feature","geometry":{"type":"Point","coordinates":[28.64765653530952,41.08156348014796]},"properties":{"id":9620429,"level":"neighborhood"}},{"type":"Feature","geometry":{"type":"Point","coordinates":[28.663123091723413,41.06093356653763]},"properties":{"id":9620430,"level":"neighborhood"}},{"type":"Feature","geometry":{"type":"Point","coordinates":[28.639119294485113,41.046886189166315]},"properties":{"id":9620439,"level":"neighborhood"}},{"type":"Feature","geometry":{"type":"Point","coordinates":[28.685456686370827,41.04348398927888]},"properties":{"id":9620447,"level":"neighborhood"}},{"type":"Feature","geometry":{"type":"Point","coordinates":[28.68093965237258,41.03980943694094]},"properties":{"id":9620448,"level":"neighborhood"}},{"type":"Feature","geometry":{"type":"Point","coordinates":[29.21432909405329,41.01275061947713]},"properties":{"id":9620521,"level":"neighborhood"}},{"type":"Feature","geometry":{"type":"Point","coordinates":[29.22141689573563,41.00495764718605]},"properties":{"id":9620523,"level":"neighborhood"}},{"type":"Feature","geometry":{"type":"Point","coordinates":[29.24405780964505,41.03582931973011]},"properties":{"id":9620544,"level":"neighborhood"}},{"type":"Feature","geometry":{"type":"Point","coordinates":[29.22504907404455,41.012509706876614]},"properties":{"id":9623005,"level":"neighborhood"}},{"type":"Feature","geometry":{"type":"Point","coordinates":[29.21354986027383,40.986246010163384]},"properties":{"id":9623018,"level":"neighborhood"}},{"type":"Feature","geometry":{"type":"Point","coordinates":[29.245557392243903,40.984772811741976]},"properties":{"id":9623052,"level":"neighborhood"}},{"type":"Feature","geometry":{"type":"Point","coordinates":[29.238519120214058,41.01281401195237]},"properties":{"id":9623060,"level":"neighborhood"}},{"type":"Feature","geometry":{"type":"Point","coordinates":[29.251722646993226,41.017863398826044]},"properties":{"id":9623078,"level":"neighborhood"}},{"type":"Feature","geometry":{"type":"Point","coordinates":[29.265628408436363,41.024065785961284]},"properties":{"id":9623096,"level":"neighborhood"}},{"type":"Feature","geometry":{"type":"Point","coordinates":[29.249914560459818,41.010402773246966]},"properties":{"id":9623102,"level":"neighborhood"}},{"type":"Feature","geometry":{"type":"Point","coordinates":[29.261607611583464,41.01093587306971]},"properties":{"id":9623105,"level":"neighborhood"}},{"type":"Feature","geometry":{"type":"Point","coordinates":[29.234671237208175,40.99731973053409]},"properties":{"id":9623145,"level":"neighborhood"}},{"type":"Feature","geometry":{"type":"Point","coordinates":[29.247371368331912,41.00368296359859]},"properties":{"id":9623146,"level":"neighborhood"}},{"type":"Feature","geometry":{"type":"Point","coordinates":[28.60520692328128,41.13340928980506]},"properties":{"id":9623215,"level":"neighborhood"}},{"type":"Feature","geometry":{"type":"Point","coordinates":[28.631944638987893,41.02489158402784]},"properties":{"id":9642513,"level":"neighborhood"}},{"type":"Feature","geometry":{"type":"Point","coordinates":[28.630533856952088,41.03584892957596]},"properties":{"id":9642514,"level":"neighborhood"}},{"type":"Feature","geometry":{"type":"Point","coordinates":[28.695538426408774,41.026934699929555]},"properties":{"id":9642530,"level":"neighborhood"}},{"type":"Feature","geometry":{"type":"Point","coordinates":[28.692496399914468,41.0211726673342]},"properties":{"id":9642531,"level":"neighborhood"}},{"type":"Feature","geometry":{"type":"Point","coordinates":[28.684063619286455,41.033952060844626]},"properties":{"id":9642576,"level":"neighborhood"}},{"type":"Feature","geometry":{"type":"Point","coordinates":[28.692046869099613,41.03992803796773]},"properties":{"id":9642577,"level":"neighborhood"}},{"type":"Feature","geometry":{"type":"Point","coordinates":[28.688880445806518,41.02720342987347]},"properties":{"id":9642578,"level":"neighborhood"}},{"type":"Feature","geometry":{"type":"Point","coordinates":[28.684427189790465,41.01487179718025]},"properties":{"id":9642609,"level":"neighborhood"}},{"type":"Feature","geometry":{"type":"Point","coordinates":[28.68790038027531,41.0068376127477]},"properties":{"id":9642610,"level":"neighborhood"}},{"type":"Feature","geometry":{"type":"Point","coordinates":[28.69349328733515,41.00308184467529]},"properties":{"id":9642611,"level":"neighborhood"}},{"type":"Feature","geometry":{"type":"Point","coordinates":[28.69773110175798,41.00852479973609]},"properties":{"id":9642612,"level":"neighborhood"}},{"type":"Feature","geometry":{"type":"Point","coordinates":[28.671786420344386,41.0454377295851]},"properties":{"id":9642644,"level":"neighborhood"}},{"type":"Feature","geometry":{"type":"Point","coordinates":[28.668680546544163,41.0395126260771]},"properties":{"id":9642645,"level":"neighborhood"}},{"type":"Feature","geometry":{"type":"Point","coordinates":[28.658804322424402,41.05119048363264]},"properties":{"id":9642646,"level":"neighborhood"}},{"type":"Feature","geometry":{"type":"Point","coordinates":[28.657190111491897,41.01296742214893]},"properties":{"id":9642748,"level":"neighborhood"}},{"type":"Feature","geometry":{"type":"Point","coordinates":[28.651224326039255,41.01738787714536]},"properties":{"id":9642749,"level":"neighborhood"}},{"type":"Feature","geometry":{"type":"Point","coordinates":[28.649398416072625,41.02307329992197]},"properties":{"id":9642750,"level":"neighborhood"}},{"type":"Feature","geometry":{"type":"Point","coordinates":[28.64059329863113,41.02063196547918]},"properties":{"id":9642751,"level":"neighborhood"}},{"type":"Feature","geometry":{"type":"Point","coordinates":[28.671384519436923,41.0097995427637]},"properties":{"id":9642765,"level":"neighborhood"}},{"type":"Feature","geometry":{"type":"Point","coordinates":[28.665617450051315,41.03448152922465]},"properties":{"id":9642812,"level":"neighborhood"}},{"type":"Feature","geometry":{"type":"Point","coordinates":[28.656356397417625,41.03980526914614]},"properties":{"id":9642813,"level":"neighborhood"}},{"type":"Feature","geometry":{"type":"Point","coordinates":[28.65556591197708,41.034245264264996]},"properties":{"id":9642814,"level":"neighborhood"}},{"type":"Feature","geometry":{"type":"Point","coordinates":[28.653327976690896,41.030592378389336]},"properties":{"id":9642815,"level":"neighborhood"}},{"type":"Feature","geometry":{"type":"Point","coordinates":[28.645314212297947,41.03209813441839]},"properties":{"id":9642816,"level":"neighborhood"}},{"type":"Feature","geometry":{"type":"Point","coordinates":[28.6492746971355,41.03666837470469]},"properties":{"id":9642817,"level":"neighborhood"}},{"type":"Feature","geometry":{"type":"Point","coordinates":[28.662479376328275,41.01931380897224]},"properties":{"id":9642893,"level":"neighborhood"}},{"type":"Feature","geometry":{"type":"Point","coordinates":[28.66050513893708,41.02621292070304]},"properties":{"id":9642894,"level":"neighborhood"}},{"type":"Feature","geometry":{"type":"Point","coordinates":[28.674392666461447,41.036643223983916]},"properties":{"id":9642964,"level":"neighborhood"}},{"type":"Feature","geometry":{"type":"Point","coordinates":[28.679500699989795,41.026161333121394]},"properties":{"id":9642965,"level":"neighborhood"}},{"type":"Feature","geometry":{"type":"Point","coordinates":[28.67541963685834,41.02998462577976]},"properties":{"id":9642966,"level":"neighborhood"}},{"type":"Feature","geometry":{"type":"Point","coordinates":[28.67151364011538,41.02357472122043]},"properties":{"id":9642967,"level":"neighborhood"}},{"type":"Feature","geometry":{"type":"Point","coordinates":[28.67601146066369,41.01806642601663]},"properties":{"id":9642968,"level":"neighborhood"}},{"type":"Feature","geometry":{"type":"Point","coordinates":[28.668048489417785,41.01599277863894]},"properties":{"id":9642969,"level":"neighborhood"}},{"type":"Feature","geometry":{"type":"Point","coordinates":[28.370931002071924,41.102174909882606]},"properties":{"id":9643178,"level":"neighborhood"}},{"type":"Feature","geometry":{"type":"Point","coordinates":[28.342462880714752,41.09821810903172]},"properties":{"id":9643188,"level":"neighborhood"}},{"type":"Feature","geometry":{"type":"Point","coordinates":[28.317323988701048,41.087056565724026]},"properties":{"id":9643199,"level":"neighborhood"}},{"type":"Feature","geometry":{"type":"Point","coordinates":[28.27624532213135,41.067247859056444]},"properties":{"id":9643200,"level":"neighborhood"}},{"type":"Feature","geometry":{"type":"Point","coordinates":[28.315220474602434,41.123550687685615]},"properties":{"id":9643210,"level":"neighborhood"}},{"type":"Feature","geometry":{"type":"Point","coordinates":[28.362338747888664,41.14494306920246]},"properties":{"id":9643220,"level":"neighborhood"}},{"type":"Feature","geometry":{"type":"Point","coordinates":[28.218443490044116,41.11026617146982]},"properties":{"id":9643322,"level":"neighborhood"}},{"type":"Feature","geometry":{"type":"Point","coordinates":[28.27527928283163,41.09291676182733]},"properties":{"id":9643323,"level":"neighborhood"}},{"type":"Feature","geometry":{"type":"Point","coordinates":[28.208919252206986,41.077412007645826]},"properties":{"id":9643345,"level":"neighborhood"}},{"type":"Feature","geometry":{"type":"Point","coordinates":[28.24498713172026,41.074887964353266]},"properties":{"id":9643346,"level":"neighborhood"}},{"type":"Feature","geometry":{"type":"Point","coordinates":[28.25541743208221,41.07275619778609]},"properties":{"id":9643347,"level":"neighborhood"}},{"type":"Feature","geometry":{"type":"Point","coordinates":[28.25217446468729,41.068753641183505]},"properties":{"id":9643348,"level":"neighborhood"}},{"type":"Feature","geometry":{"type":"Point","coordinates":[28.249160584990396,41.1516488393685]},"properties":{"id":9643867,"level":"neighborhood"}},{"type":"Feature","geometry":{"type":"Point","coordinates":[28.202606628717053,41.137902647269414]},"properties":{"id":9643888,"level":"neighborhood"}},{"type":"Feature","geometry":{"type":"Point","coordinates":[28.32964800322293,41.191468626684895]},"properties":{"id":9643897,"level":"neighborhood"}},{"type":"Feature","geometry":{"type":"Point","coordinates":[28.304465118983835,41.23917575214289]},"properties":{"id":9643904,"level":"neighborhood"}},{"type":"Feature","geometry":{"type":"Point","coordinates":[29.178717825349047,41.07083887201965]},"properties":{"id":9644016,"level":"neighborhood"}},{"type":"Feature","geometry":{"type":"Point","coordinates":[29.148832469004343,41.09774698862714]},"properties":{"id":9644017,"level":"neighborhood"}},{"type":"Feature","geometry":{"type":"Point","coordinates":[29.142431155850403,41.07969167406458]},"properties":{"id":9644018,"level":"neighborhood"}},{"type":"Feature","geometry":{"type":"Point","coordinates":[29.216060388664395,41.069701572321534]},"properties":{"id":9644306,"level":"neighborhood"}},{"type":"Feature","geometry":{"type":"Point","coordinates":[28.99960644839949,41.10549055250058]},"properties":{"id":9644504,"level":"neighborhood"}},{"type":"Feature","geometry":{"type":"Point","coordinates":[29.015438178967674,41.11897804472777]},"properties":{"id":9644505,"level":"neighborhood"}},{"type":"Feature","geometry":{"type":"Point","coordinates":[28.984652356535435,41.127021900510826]},"properties":{"id":9644506,"level":"neighborhood"}},{"type":"Feature","geometry":{"type":"Point","coordinates":[29.040241215538675,41.11798267001578]},"properties":{"id":9644555,"level":"neighborhood"}},{"type":"Feature","geometry":{"type":"Point","coordinates":[29.031595739530214,41.114683869818776]},"properties":{"id":9644556,"level":"neighborhood"}},{"type":"Feature","geometry":{"type":"Point","coordinates":[29.02881025405305,41.122265877341775]},"properties":{"id":9644572,"level":"neighborhood"}},{"type":"Feature","geometry":{"type":"Point","coordinates":[29.03183777825934,41.13339554663226]},"properties":{"id":9644584,"level":"neighborhood"}},{"type":"Feature","geometry":{"type":"Point","coordinates":[29.043365611405836,41.12952400945556]},"properties":{"id":9644592,"level":"neighborhood"}},{"type":"Feature","geometry":{"type":"Point","coordinates":[29.051491633296543,41.11585085793211]},"properties":{"id":9644648,"level":"neighborhood"}},{"type":"Feature","geometry":{"type":"Point","coordinates":[29.01606075339694,41.15447817459288]},"properties":{"id":9644656,"level":"neighborhood"}},{"type":"Feature","geometry":{"type":"Point","coordinates":[28.97304578507659,41.172344275004676]},"properties":{"id":9644665,"level":"neighborhood"}},{"type":"Feature","geometry":{"type":"Point","coordinates":[28.9671506568487,41.20170601020952]},"properties":{"id":9644695,"level":"neighborhood"}},{"type":"Feature","geometry":{"type":"Point","coordinates":[28.996412831591986,41.179076992930675]},"properties":{"id":9644696,"level":"neighborhood"}},{"type":"Feature","geometry":{"type":"Point","coordinates":[29.034128173973908,41.14825137511796]},"properties":{"id":9644714,"level":"neighborhood"}},{"type":"Feature","geometry":{"type":"Point","coordinates":[29.01421944047099,41.17236333399693]},"properties":{"id":9644728,"level":"neighborhood"}},{"type":"Feature","geometry":{"type":"Point","coordinates":[29.047566263508873,41.138408943081544]},"properties":{"id":9644762,"level":"neighborhood"}},{"type":"Feature","geometry":{"type":"Point","coordinates":[29.046777119286194,41.145841383398206]},"properties":{"id":9644763,"level":"neighborhood"}},{"type":"Feature","geometry":{"type":"Point","coordinates":[29.061840539937986,41.122600297193486]},"properties":{"id":9644764,"level":"neighborhood"}},{"type":"Feature","geometry":{"type":"Point","coordinates":[29.02827611467665,41.17409664238933]},"properties":{"id":9644785,"level":"neighborhood"}},{"type":"Feature","geometry":{"type":"Point","coordinates":[29.032082057189946,41.15873116873447]},"properties":{"id":9644790,"level":"neighborhood"}},{"type":"Feature","geometry":{"type":"Point","coordinates":[29.041644462114277,41.16282761428813]},"properties":{"id":9644824,"level":"neighborhood"}},{"type":"Feature","geometry":{"type":"Point","coordinates":[29.06404802706733,41.1750863153097]},"properties":{"id":9644953,"level":"neighborhood"}},{"type":"Feature","geometry":{"type":"Point","coordinates":[29.05477402630283,41.1693830311505]},"properties":{"id":9644954,"level":"neighborhood"}},{"type":"Feature","geometry":{"type":"Point","coordinates":[29.006687239876662,41.221354897551706]},"properties":{"id":9645050,"level":"neighborhood"}},{"type":"Feature","geometry":{"type":"Point","coordinates":[29.02874289864626,41.20058604265034]},"properties":{"id":9645084,"level":"neighborhood"}},{"type":"Feature","geometry":{"type":"Point","coordinates":[29.033627079493026,41.24013021787919]},"properties":{"id":9645135,"level":"neighborhood"}},{"type":"Feature","geometry":{"type":"Point","coordinates":[29.06570013647355,41.18697148294593]},"properties":{"id":9645141,"level":"neighborhood"}},{"type":"Feature","geometry":{"type":"Point","coordinates":[29.061099802592743,41.23590744153853]},"properties":{"id":9645153,"level":"neighborhood"}},{"type":"Feature","geometry":{"type":"Point","coordinates":[29.095674580206513,41.21183038790484]},"properties":{"id":9645159,"level":"neighborhood"}},{"type":"Feature","geometry":{"type":"Point","coordinates":[29.089010963897678,41.23073729608265]},"properties":{"id":9645160,"level":"neighborhood"}},{"type":"Feature","geometry":{"type":"Point","coordinates":[28.15286052415849,41.0832011680411]},"properties":{"id":9669360,"level":"neighborhood"}},{"type":"Feature","geometry":{"type":"Point","coordinates":[28.243626541213388,41.304026196802354]},"properties":{"id":9670364,"level":"neighborhood"}},{"type":"Feature","geometry":{"type":"Point","coordinates":[28.175789881256556,41.32515150304461]},"properties":{"id":9670918,"level":"neighborhood"}},{"type":"Feature","geometry":{"type":"Point","coordinates":[28.947284567801095,41.14574857417745]},"properties":{"id":9675979,"level":"neighborhood"}},{"type":"Feature","geometry":{"type":"Point","coordinates":[28.92739597176325,41.18811896478813]},"properties":{"id":9677347,"level":"neighborhood"}},{"type":"Feature","geometry":{"type":"Point","coordinates":[28.88228076218783,41.19553137055756]},"properties":{"id":9677558,"level":"neighborhood"}},{"type":"Feature","geometry":{"type":"Point","coordinates":[28.84019785521798,41.17335858128472]},"properties":{"id":9677564,"level":"neighborhood"}},{"type":"Feature","geometry":{"type":"Point","coordinates":[28.82655149971069,41.22691944156064]},"properties":{"id":9677566,"level":"neighborhood"}},{"type":"Feature","geometry":{"type":"Point","coordinates":[28.80080679286484,41.238033639365014]},"properties":{"id":9677569,"level":"neighborhood"}},{"type":"Feature","geometry":{"type":"Point","coordinates":[28.85942045974479,41.23245349916702]},"properties":{"id":9677573,"level":"neighborhood"}},{"type":"Feature","geometry":{"type":"Point","coordinates":[28.909561170517684,41.251971770892226]},"properties":{"id":9677586,"level":"neighborhood"}},{"type":"Feature","geometry":{"type":"Point","coordinates":[28.86192789648016,41.260520064803984]},"properties":{"id":9677587,"level":"neighborhood"}},{"type":"Feature","geometry":{"type":"Point","coordinates":[28.805748099164724,41.27482291881335]},"properties":{"id":9677588,"level":"neighborhood"}},{"type":"Feature","geometry":{"type":"Point","coordinates":[27.995083690992985,41.087911428361934]},"properties":{"id":9679437,"level":"neighborhood"}},{"type":"Feature","geometry":{"type":"Point","coordinates":[29.258102724755577,41.05517205811405]},"properties":{"id":9679470,"level":"neighborhood"}},{"type":"Feature","geometry":{"type":"Point","coordinates":[29.249356850839373,41.08565239474994]},"properties":{"id":9679498,"level":"neighborhood"}},{"type":"Feature","geometry":{"type":"Point","coordinates":[29.263172887939504,41.036766183517386]},"properties":{"id":9679518,"level":"neighborhood"}},{"type":"Feature","geometry":{"type":"Point","coordinates":[29.299601038644088,41.11805478351522]},"properties":{"id":9679582,"level":"neighborhood"}},{"type":"Feature","geometry":{"type":"Point","coordinates":[29.334084269089868,41.10722448234536]},"properties":{"id":9679639,"level":"neighborhood"}},{"type":"Feature","geometry":{"type":"Point","coordinates":[29.366984646359292,41.07418831003691]},"properties":{"id":9679693,"level":"neighborhood"}},{"type":"Feature","geometry":{"type":"Point","coordinates":[29.30804969359838,41.07411626106248]},"properties":{"id":9679694,"level":"neighborhood"}},{"type":"Feature","geometry":{"type":"Point","coordinates":[28.594019730066876,41.340262026118666]},"properties":{"id":9680133,"level":"neighborhood"}},{"type":"Feature","geometry":{"type":"Point","coordinates":[28.652235700673934,41.323472982843526]},"properties":{"id":9680169,"level":"neighborhood"}},{"type":"Feature","geometry":{"type":"Point","coordinates":[28.67768784870407,41.33773452837066]},"properties":{"id":9680170,"level":"neighborhood"}},{"type":"Feature","geometry":{"type":"Point","coordinates":[28.740218539342802,41.173431731261175]},"properties":{"id":9680204,"level":"neighborhood"}},{"type":"Feature","geometry":{"type":"Point","coordinates":[28.727176186629798,41.19091467778293]},"properties":{"id":9680382,"level":"neighborhood"}},{"type":"Feature","geometry":{"type":"Point","coordinates":[28.73408275794119,41.196833731384736]},"properties":{"id":9680399,"level":"neighborhood"}},{"type":"Feature","geometry":{"type":"Point","coordinates":[28.791612508919464,41.180081590507314]},"properties":{"id":9680508,"level":"neighborhood"}},{"type":"Feature","geometry":{"type":"Point","coordinates":[28.680861629402152,41.30279647400329]},"properties":{"id":9680532,"level":"neighborhood"}},{"type":"Feature","geometry":{"type":"Point","coordinates":[28.72058611066677,41.14620819387501]},"properties":{"id":9680547,"level":"neighborhood"}},{"type":"Feature","geometry":{"type":"Point","coordinates":[28.637992452339365,41.121698170186875]},"properties":{"id":9680567,"level":"neighborhood"}},{"type":"Feature","geometry":{"type":"Point","coordinates":[28.660060273393192,41.11370066859105]},"properties":{"id":9680568,"level":"neighborhood"}},{"type":"Feature","geometry":{"type":"Point","coordinates":[28.714621065941923,41.19146636016953]},"properties":{"id":9680573,"level":"neighborhood"}},{"type":"Feature","geometry":{"type":"Point","coordinates":[28.602401148777993,41.158044170513264]},"properties":{"id":9680598,"level":"neighborhood"}},{"type":"Feature","geometry":{"type":"Point","coordinates":[28.61705403953409,41.169518708578494]},"properties":{"id":9680605,"level":"neighborhood"}},{"type":"Feature","geometry":{"type":"Point","coordinates":[28.664988771093313,41.15017134740689]},"properties":{"id":9680610,"level":"neighborhood"}},{"type":"Feature","geometry":{"type":"Point","coordinates":[28.623562545095318,41.28144808082843]},"properties":{"id":9680620,"level":"neighborhood"}},{"type":"Feature","geometry":{"type":"Point","coordinates":[28.71670558416503,41.179996442434636]},"properties":{"id":9680653,"level":"neighborhood"}},{"type":"Feature","geometry":{"type":"Point","coordinates":[28.747366373098505,41.19705669777662]},"properties":{"id":9680656,"level":"neighborhood"}},{"type":"Feature","geometry":{"type":"Point","coordinates":[28.73529097056278,41.20776786947461]},"properties":{"id":9680662,"level":"neighborhood"}},{"type":"Feature","geometry":{"type":"Point","coordinates":[28.721522743708725,41.20275696713253]},"properties":{"id":9680709,"level":"neighborhood"}},{"type":"Feature","geometry":{"type":"Point","coordinates":[28.710177808729032,41.20304185174837]},"properties":{"id":9680710,"level":"neighborhood"}},{"type":"Feature","geometry":{"type":"Point","coordinates":[28.694317814114573,41.22476723261369]},"properties":{"id":9680712,"level":"neighborhood"}},{"type":"Feature","geometry":{"type":"Point","coordinates":[28.69950999117445,41.21122574987557]},"properties":{"id":9680713,"level":"neighborhood"}},{"type":"Feature","geometry":{"type":"Point","coordinates":[28.754971640248307,41.24943624585421]},"properties":{"id":9680733,"level":"neighborhood"}},{"type":"Feature","geometry":{"type":"Point","coordinates":[28.655873703120605,41.256776256018725]},"properties":{"id":9680749,"level":"neighborhood"}},{"type":"Feature","geometry":{"type":"Point","coordinates":[28.669963860789576,41.1871126635706]},"properties":{"id":9680766,"level":"neighborhood"}},{"type":"Feature","geometry":{"type":"Point","coordinates":[28.698151601088412,41.175992881007005]},"properties":{"id":9680772,"level":"neighborhood"}},{"type":"Feature","geometry":{"type":"Point","coordinates":[28.637429175066636,41.20448625595225]},"properties":{"id":9680774,"level":"neighborhood"}},{"type":"Feature","geometry":{"type":"Point","coordinates":[28.720351273974842,41.307424296581104]},"properties":{"id":9680778,"level":"neighborhood"}},{"type":"Feature","geometry":{"type":"Point","coordinates":[28.70615203558855,41.25729700095078]},"properties":{"id":9680779,"level":"neighborhood"}},{"type":"Feature","geometry":{"type":"Point","coordinates":[28.142434101831693,41.12235577014159]},"properties":{"id":9681982,"level":"neighborhood"}},{"type":"Feature","geometry":{"type":"Point","coordinates":[28.103554121412564,41.148202197087315]},"properties":{"id":9681983,"level":"neighborhood"}},{"type":"Feature","geometry":{"type":"Point","coordinates":[28.018787772015774,41.13066506249776]},"properties":{"id":9682004,"level":"neighborhood"}},{"type":"Feature","geometry":{"type":"Point","coordinates":[28.0562972611113,41.162070703455484]},"properties":{"id":9682023,"level":"neighborhood"}},{"type":"Feature","geometry":{"type":"Point","coordinates":[28.139074922179844,41.2850240637279]},"properties":{"id":9682058,"level":"neighborhood"}},{"type":"Feature","geometry":{"type":"Point","coordinates":[28.040616643836323,41.221887728681885]},"properties":{"id":9682224,"level":"neighborhood"}},{"type":"Feature","geometry":{"type":"Point","coordinates":[28.21019965475148,41.21728579510305]},"properties":{"id":9682262,"level":"neighborhood"}},{"type":"Feature","geometry":{"type":"Point","coordinates":[28.251576497257613,41.25934678480195]},"properties":{"id":9682263,"level":"neighborhood"}},{"type":"Feature","geometry":{"type":"Point","coordinates":[28.10692145030283,41.230957650423534]},"properties":{"id":9682312,"level":"neighborhood"}},{"type":"Feature","geometry":{"type":"Point","coordinates":[28.186101144373286,41.181805787730426]},"properties":{"id":9682646,"level":"neighborhood"}},{"type":"Feature","geometry":{"type":"Point","coordinates":[28.13674912990573,41.1847443169882]},"properties":{"id":9682647,"level":"neighborhood"}},{"type":"Feature","geometry":{"type":"Point","coordinates":[28.089143490717802,41.09094878844607]},"properties":{"id":9682747,"level":"neighborhood"}},{"type":"Feature","geometry":{"type":"Point","coordinates":[28.26837823490735,41.210015184909594]},"properties":{"id":9682749,"level":"neighborhood"}},{"type":"Feature","geometry":{"type":"Point","coordinates":[28.877143778243543,41.06367012246439]},"properties":{"id":13276411,"level":"neighborhood"}},{"type":"Feature","geometry":{"type":"Point","coordinates":[28.941784613642,41.09978011521122]},"properties":{"id":13986753,"level":"neighborhood"}},{"type":"Feature","geometry":{"type":"Point","coordinates":[28.661899615818573,40.99704520779967]},"properties":{"id":14056989,"level":"neighborhood"}},{"type":"Feature","geometry":{"type":"Point","coordinates":[29.169443027497927,40.998855326486705]},"properties":{"id":14601477,"level":"neighborhood"}}],"attribution":"© OpenStreetMap contributors, ODbL 1.0"}